row_id,survived,pclass,sex,age,sibsp,parch,fare,embarked,class,who,adult_male,deck,embark_town,alive,alone,age_imputed,age_clean,embarked_imputed,embarked_clean,embark_town_clean,deck_known,deck_clean,who_clean,adult_male_clean,family_size,family_group,age_group,fare_log1p
1,0,3,male,22.0,1,0,7.25,S,Third,man,True,,Southampton,no,False,False,22.0,False,S,Southampton,False,Unknown,man,True,2,Pequeña (2-4),Joven (16-34),2.1102132003465894
2,1,1,female,38.0,1,0,71.2833,C,First,woman,False,C,Cherbourg,yes,False,False,38.0,False,C,Cherbourg,True,C,woman,False,2,Pequeña (2-4),Adulto (35-59),4.2805931204649
3,1,3,female,26.0,0,0,7.925,S,Third,woman,False,,Southampton,yes,True,False,26.0,False,S,Southampton,False,Unknown,woman,False,1,Solo,Joven (16-34),2.188856327665703
4,1,1,female,35.0,1,0,53.1,S,First,woman,False,C,Southampton,yes,False,False,35.0,False,S,Southampton,True,C,woman,False,2,Pequeña (2-4),Adulto (35-59),3.9908341858524357
5,0,3,male,35.0,0,0,8.05,S,Third,man,True,,Southampton,no,True,False,35.0,False,S,Southampton,False,Unknown,man,True,1,Solo,Adulto (35-59),2.2027647577118348
6,0,3,male,,0,0,8.4583,Q,Third,man,True,,Queenstown,no,True,True,25.0,False,Q,Queenstown,False,Unknown,man,True,1,Solo,Joven (16-34),2.246892662898172
7,0,1,male,54.0,0,0,51.8625,S,First,man,True,E,Southampton,no,True,False,54.0,False,S,Southampton,True,E,man,True,1,Solo,Adulto (35-59),3.967694202798607
8,0,3,male,2.0,3,1,21.075,S,Third,child,False,,Southampton,no,False,False,2.0,False,S,Southampton,False,Unknown,child,False,5,Grande (5+),Niño (<16),3.0944457464900235
9,1,3,female,27.0,0,2,11.1333,S,Third,woman,False,,Southampton,yes,False,False,27.0,False,S,Southampton,False,Unknown,woman,False,3,Pequeña (2-4),Joven (16-34),2.495953738718064
10,1,2,female,14.0,1,0,30.0708,C,Second,child,False,,Cherbourg,yes,False,False,14.0,False,C,Cherbourg,False,Unknown,child,False,2,Pequeña (2-4),Niño (<16),3.436268471383741
11,1,3,female,4.0,1,1,16.7,S,Third,child,False,G,Southampton,yes,False,False,4.0,False,S,Southampton,True,G,child,False,3,Pequeña (2-4),Niño (<16),2.8735646395797834
12,1,1,female,58.0,0,0,26.55,S,First,woman,False,C,Southampton,yes,True,False,58.0,False,S,Southampton,True,C,woman,False,1,Solo,Adulto (35-59),3.3160025355989236
13,0,3,male,20.0,0,0,8.05,S,Third,man,True,,Southampton,no,True,False,20.0,False,S,Southampton,False,Unknown,man,True,1,Solo,Joven (16-34),2.2027647577118348
14,0,3,male,39.0,1,5,31.275,S,Third,man,True,,Southampton,no,False,False,39.0,False,S,Southampton,False,Unknown,man,True,7,Grande (5+),Adulto (35-59),3.4742929367327062
15,0,3,female,14.0,0,0,7.8542,S,Third,child,False,,Southampton,no,True,False,14.0,False,S,Southampton,False,Unknown,child,False,1,Solo,Niño (<16),2.180891922715322
16,1,2,female,55.0,0,0,16.0,S,Second,woman,False,,Southampton,yes,True,False,55.0,False,S,Southampton,False,Unknown,woman,False,1,Solo,Adulto (35-59),2.833213344056216
17,0,3,male,2.0,4,1,29.125,Q,Third,child,False,,Queenstown,no,False,False,2.0,False,Q,Queenstown,False,Unknown,child,False,6,Grande (5+),Niño (<16),3.405355391810819
18,1,2,male,,0,0,13.0,S,Second,man,True,,Southampton,yes,True,True,30.0,False,S,Southampton,False,Unknown,man,True,1,Solo,Joven (16-34),2.6390573296152584
19,0,3,female,31.0,1,0,18.0,S,Third,woman,False,,Southampton,no,False,False,31.0,False,S,Southampton,False,Unknown,woman,False,2,Pequeña (2-4),Joven (16-34),2.9444389791664403
20,1,3,female,,0,0,7.225,C,Third,woman,False,,Cherbourg,yes,True,True,21.5,False,C,Cherbourg,False,Unknown,woman,False,1,Solo,Joven (16-34),2.1071782966514356
21,0,2,male,35.0,0,0,26.0,S,Second,man,True,,Southampton,no,True,False,35.0,False,S,Southampton,False,Unknown,man,True,1,Solo,Adulto (35-59),3.295836866004329
22,1,2,male,34.0,0,0,13.0,S,Second,man,True,D,Southampton,yes,True,False,34.0,False,S,Southampton,True,D,man,True,1,Solo,Joven (16-34),2.6390573296152584
23,1,3,female,15.0,0,0,8.0292,Q,Third,child,False,,Queenstown,yes,True,False,15.0,False,Q,Queenstown,False,Unknown,child,False,1,Solo,Niño (<16),2.2004637699272855
24,1,1,male,28.0,0,0,35.5,S,First,man,True,A,Southampton,yes,True,False,28.0,False,S,Southampton,True,A,man,True,1,Solo,Joven (16-34),3.597312260588446
25,0,3,female,8.0,3,1,21.075,S,Third,child,False,,Southampton,no,False,False,8.0,False,S,Southampton,False,Unknown,child,False,5,Grande (5+),Niño (<16),3.0944457464900235
26,1,3,female,38.0,1,5,31.3875,S,Third,woman,False,,Southampton,yes,False,False,38.0,False,S,Southampton,False,Unknown,woman,False,7,Grande (5+),Adulto (35-59),3.4777725458882283
27,0,3,male,,0,0,7.225,C,Third,man,True,,Cherbourg,no,True,True,25.0,False,C,Cherbourg,False,Unknown,man,True,1,Solo,Joven (16-34),2.1071782966514356
28,0,1,male,19.0,3,2,263.0,S,First,man,True,C,Southampton,no,False,False,19.0,False,S,Southampton,True,C,man,True,6,Grande (5+),Joven (16-34),5.575949103146316
29,1,3,female,,0,0,7.8792,Q,Third,woman,False,,Queenstown,yes,True,True,21.5,False,Q,Queenstown,False,Unknown,woman,False,1,Solo,Joven (16-34),2.1837114628556327
30,0,3,male,,0,0,7.8958,S,Third,man,True,,Southampton,no,True,True,25.0,False,S,Southampton,False,Unknown,man,True,1,Solo,Joven (16-34),2.1855792552411137
31,0,1,male,40.0,0,0,27.7208,C,First,man,True,,Cherbourg,no,True,False,40.0,False,C,Cherbourg,False,Unknown,man,True,1,Solo,Adulto (35-59),3.357621598945279
32,1,1,female,,1,0,146.5208,C,First,woman,False,B,Cherbourg,yes,False,True,35.0,False,C,Cherbourg,True,B,woman,False,2,Pequeña (2-4),Adulto (35-59),4.993969182787072
33,1,3,female,,0,0,7.75,Q,Third,woman,False,,Queenstown,yes,True,True,21.5,False,Q,Queenstown,False,Unknown,woman,False,1,Solo,Joven (16-34),2.169053700369523
34,0,2,male,66.0,0,0,10.5,S,Second,man,True,,Southampton,no,True,False,66.0,False,S,Southampton,False,Unknown,man,True,1,Solo,Mayor (60+),2.4423470353692043
35,0,1,male,28.0,1,0,82.1708,C,First,man,True,,Cherbourg,no,False,False,28.0,False,C,Cherbourg,False,Unknown,man,True,2,Pequeña (2-4),Joven (16-34),4.420896324687287
36,0,1,male,42.0,1,0,52.0,S,First,man,True,,Southampton,no,False,False,42.0,False,S,Southampton,False,Unknown,man,True,2,Pequeña (2-4),Adulto (35-59),3.970291913552122
37,1,3,male,,0,0,7.2292,C,Third,man,True,,Cherbourg,yes,True,True,25.0,False,C,Cherbourg,False,Unknown,man,True,1,Solo,Joven (16-34),2.1076888046179385
38,0,3,male,21.0,0,0,8.05,S,Third,man,True,,Southampton,no,True,False,21.0,False,S,Southampton,False,Unknown,man,True,1,Solo,Joven (16-34),2.2027647577118348
39,0,3,female,18.0,2,0,18.0,S,Third,woman,False,,Southampton,no,False,False,18.0,False,S,Southampton,False,Unknown,woman,False,3,Pequeña (2-4),Joven (16-34),2.9444389791664403
40,1,3,female,14.0,1,0,11.2417,C,Third,child,False,,Cherbourg,yes,False,False,14.0,False,C,Cherbourg,False,Unknown,child,False,2,Pequeña (2-4),Niño (<16),2.5048481563289
41,0,3,female,40.0,1,0,9.475,S,Third,woman,False,,Southampton,no,False,False,40.0,False,S,Southampton,False,Unknown,woman,False,2,Pequeña (2-4),Adulto (35-59),2.348991465808201
42,0,2,female,27.0,1,0,21.0,S,Second,woman,False,,Southampton,no,False,False,27.0,False,S,Southampton,False,Unknown,woman,False,2,Pequeña (2-4),Joven (16-34),3.091042453358316
43,0,3,male,,0,0,7.8958,C,Third,man,True,,Cherbourg,no,True,True,25.0,False,C,Cherbourg,False,Unknown,man,True,1,Solo,Joven (16-34),2.1855792552411137
44,1,2,female,3.0,1,2,41.5792,C,Second,child,False,,Cherbourg,yes,False,False,3.0,False,C,Cherbourg,False,Unknown,child,False,4,Pequeña (2-4),Niño (<16),3.7513658711253766
45,1,3,female,19.0,0,0,7.8792,Q,Third,woman,False,,Queenstown,yes,True,False,19.0,False,Q,Queenstown,False,Unknown,woman,False,1,Solo,Joven (16-34),2.1837114628556327
46,0,3,male,,0,0,8.05,S,Third,man,True,,Southampton,no,True,True,25.0,False,S,Southampton,False,Unknown,man,True,1,Solo,Joven (16-34),2.2027647577118348
47,0,3,male,,1,0,15.5,Q,Third,man,True,,Queenstown,no,False,True,25.0,False,Q,Queenstown,False,Unknown,man,True,2,Pequeña (2-4),Joven (16-34),2.803360380906535
48,1,3,female,,0,0,7.75,Q,Third,woman,False,,Queenstown,yes,True,True,21.5,False,Q,Queenstown,False,Unknown,woman,False,1,Solo,Joven (16-34),2.169053700369523
49,0,3,male,,2,0,21.6792,C,Third,man,True,,Cherbourg,no,False,True,25.0,False,C,Cherbourg,False,Unknown,man,True,3,Pequeña (2-4),Joven (16-34),3.1214482048688246
50,0,3,female,18.0,1,0,17.8,S,Third,woman,False,,Southampton,no,False,False,18.0,False,S,Southampton,False,Unknown,woman,False,2,Pequeña (2-4),Joven (16-34),2.9338568698359038
51,0,3,male,7.0,4,1,39.6875,S,Third,child,False,,Southampton,no,False,False,7.0,False,S,Southampton,False,Unknown,child,False,6,Grande (5+),Niño (<16),3.705920919968788
52,0,3,male,21.0,0,0,7.8,S,Third,man,True,,Southampton,no,True,False,21.0,False,S,Southampton,False,Unknown,man,True,1,Solo,Joven (16-34),2.174751721484161
53,1,1,female,49.0,1,0,76.7292,C,First,woman,False,D,Cherbourg,yes,False,False,49.0,False,C,Cherbourg,True,D,woman,False,2,Pequeña (2-4),Adulto (35-59),4.353230991152628
54,1,2,female,29.0,1,0,26.0,S,Second,woman,False,,Southampton,yes,False,False,29.0,False,S,Southampton,False,Unknown,woman,False,2,Pequeña (2-4),Joven (16-34),3.295836866004329
55,0,1,male,65.0,0,1,61.9792,C,First,man,True,B,Cherbourg,no,False,False,65.0,False,C,Cherbourg,True,B,man,True,2,Pequeña (2-4),Mayor (60+),4.142804513146981
56,1,1,male,,0,0,35.5,S,First,man,True,C,Southampton,yes,True,True,40.0,False,S,Southampton,True,C,man,True,1,Solo,Adulto (35-59),3.597312260588446
57,1,2,female,21.0,0,0,10.5,S,Second,woman,False,,Southampton,yes,True,False,21.0,False,S,Southampton,False,Unknown,woman,False,1,Solo,Joven (16-34),2.4423470353692043
58,0,3,male,28.5,0,0,7.2292,C,Third,man,True,,Cherbourg,no,True,False,28.5,False,C,Cherbourg,False,Unknown,man,True,1,Solo,Joven (16-34),2.1076888046179385
59,1,2,female,5.0,1,2,27.75,S,Second,child,False,,Southampton,yes,False,False,5.0,False,S,Southampton,False,Unknown,child,False,4,Pequeña (2-4),Niño (<16),3.3586377672433594
60,0,3,male,11.0,5,2,46.9,S,Third,child,False,,Southampton,no,False,False,11.0,False,S,Southampton,False,Unknown,child,False,8,Grande (5+),Niño (<16),3.8691155044168695
61,0,3,male,22.0,0,0,7.2292,C,Third,man,True,,Cherbourg,no,True,False,22.0,False,C,Cherbourg,False,Unknown,man,True,1,Solo,Joven (16-34),2.1076888046179385
62,1,1,female,38.0,0,0,80.0,,First,woman,False,B,,yes,True,False,38.0,True,S,Southampton,True,B,woman,False,1,Solo,Adulto (35-59),4.394449154672439
63,0,1,male,45.0,1,0,83.475,S,First,man,True,C,Southampton,no,False,False,45.0,False,S,Southampton,True,C,man,True,2,Pequeña (2-4),Adulto (35-59),4.436455632600354
64,0,3,male,4.0,3,2,27.9,S,Third,child,False,,Southampton,no,False,False,4.0,False,S,Southampton,False,Unknown,child,False,6,Grande (5+),Niño (<16),3.3638415951183864
65,0,1,male,,0,0,27.7208,C,First,man,True,,Cherbourg,no,True,True,40.0,False,C,Cherbourg,False,Unknown,man,True,1,Solo,Adulto (35-59),3.357621598945279
66,1,3,male,,1,1,15.2458,C,Third,man,True,,Cherbourg,yes,False,True,25.0,False,C,Cherbourg,False,Unknown,man,True,3,Pequeña (2-4),Joven (16-34),2.7878344138303452
67,1,2,female,29.0,0,0,10.5,S,Second,woman,False,F,Southampton,yes,True,False,29.0,False,S,Southampton,True,F,woman,False,1,Solo,Joven (16-34),2.4423470353692043
68,0,3,male,19.0,0,0,8.1583,S,Third,man,True,,Southampton,no,True,False,19.0,False,S,Southampton,False,Unknown,man,True,1,Solo,Joven (16-34),2.2146605719425225
69,1,3,female,17.0,4,2,7.925,S,Third,woman,False,,Southampton,yes,False,False,17.0,False,S,Southampton,False,Unknown,woman,False,7,Grande (5+),Joven (16-34),2.188856327665703
70,0,3,male,26.0,2,0,8.6625,S,Third,man,True,,Southampton,no,False,False,26.0,False,S,Southampton,False,Unknown,man,True,3,Pequeña (2-4),Joven (16-34),2.2682524139135403
71,0,2,male,32.0,0,0,10.5,S,Second,man,True,,Southampton,no,True,False,32.0,False,S,Southampton,False,Unknown,man,True,1,Solo,Joven (16-34),2.4423470353692043
72,0,3,female,16.0,5,2,46.9,S,Third,woman,False,,Southampton,no,False,False,16.0,False,S,Southampton,False,Unknown,woman,False,8,Grande (5+),Joven (16-34),3.8691155044168695
73,0,2,male,21.0,0,0,73.5,S,Second,man,True,,Southampton,no,True,False,21.0,False,S,Southampton,False,Unknown,man,True,1,Solo,Joven (16-34),4.310799125385514
74,0,3,male,26.0,1,0,14.4542,C,Third,man,True,,Cherbourg,no,False,False,26.0,False,C,Cherbourg,False,Unknown,man,True,2,Pequeña (2-4),Joven (16-34),2.737880811060884
75,1,3,male,32.0,0,0,56.4958,S,Third,man,True,,Southampton,yes,True,False,32.0,False,S,Southampton,False,Unknown,man,True,1,Solo,Joven (16-34),4.05171190165724
76,0,3,male,25.0,0,0,7.65,S,Third,man,True,F,Southampton,no,True,False,25.0,False,S,Southampton,True,F,man,True,1,Solo,Joven (16-34),2.157559320943788
77,0,3,male,,0,0,7.8958,S,Third,man,True,,Southampton,no,True,True,25.0,False,S,Southampton,False,Unknown,man,True,1,Solo,Joven (16-34),2.1855792552411137
78,0,3,male,,0,0,8.05,S,Third,man,True,,Southampton,no,True,True,25.0,False,S,Southampton,False,Unknown,man,True,1,Solo,Joven (16-34),2.2027647577118348
79,1,2,male,0.83,0,2,29.0,S,Second,child,False,,Southampton,yes,False,False,0.83,False,S,Southampton,False,Unknown,child,False,3,Pequeña (2-4),Niño (<16),3.4011973816621555
80,1,3,female,30.0,0,0,12.475,S,Third,woman,False,,Southampton,yes,True,False,30.0,False,S,Southampton,False,Unknown,woman,False,1,Solo,Joven (16-34),2.600836116795061
81,0,3,male,22.0,0,0,9.0,S,Third,man,True,,Southampton,no,True,False,22.0,False,S,Southampton,False,Unknown,man,True,1,Solo,Joven (16-34),2.302585092994046
82,1,3,male,29.0,0,0,9.5,S,Third,man,True,,Southampton,yes,True,False,29.0,False,S,Southampton,False,Unknown,man,True,1,Solo,Joven (16-34),2.3513752571634776
83,1,3,female,,0,0,7.7875,Q,Third,woman,False,,Queenstown,yes,True,True,21.5,False,Q,Queenstown,False,Unknown,woman,False,1,Solo,Joven (16-34),2.1733302571367834
84,0,1,male,28.0,0,0,47.1,S,First,man,True,,Southampton,no,True,False,28.0,False,S,Southampton,False,Unknown,man,True,1,Solo,Joven (16-34),3.8732821771117156
85,1,2,female,17.0,0,0,10.5,S,Second,woman,False,,Southampton,yes,True,False,17.0,False,S,Southampton,False,Unknown,woman,False,1,Solo,Joven (16-34),2.4423470353692043
86,1,3,female,33.0,3,0,15.85,S,Third,woman,False,,Southampton,yes,False,False,33.0,False,S,Southampton,False,Unknown,woman,False,4,Pequeña (2-4),Joven (16-34),2.8243506567983707
87,0,3,male,16.0,1,3,34.375,S,Third,man,True,,Southampton,no,False,False,16.0,False,S,Southampton,False,Unknown,man,True,5,Grande (5+),Joven (16-34),3.5660053559634015
88,0,3,male,,0,0,8.05,S,Third,man,True,,Southampton,no,True,True,25.0,False,S,Southampton,False,Unknown,man,True,1,Solo,Joven (16-34),2.2027647577118348
89,1,1,female,23.0,3,2,263.0,S,First,woman,False,C,Southampton,yes,False,False,23.0,False,S,Southampton,True,C,woman,False,6,Grande (5+),Joven (16-34),5.575949103146316
90,0,3,male,24.0,0,0,8.05,S,Third,man,True,,Southampton,no,True,False,24.0,False,S,Southampton,False,Unknown,man,True,1,Solo,Joven (16-34),2.2027647577118348
91,0,3,male,29.0,0,0,8.05,S,Third,man,True,,Southampton,no,True,False,29.0,False,S,Southampton,False,Unknown,man,True,1,Solo,Joven (16-34),2.2027647577118348
92,0,3,male,20.0,0,0,7.8542,S,Third,man,True,,Southampton,no,True,False,20.0,False,S,Southampton,False,Unknown,man,True,1,Solo,Joven (16-34),2.180891922715322
93,0,1,male,46.0,1,0,61.175,S,First,man,True,E,Southampton,no,False,False,46.0,False,S,Southampton,True,E,man,True,2,Pequeña (2-4),Adulto (35-59),4.1299529896894684
94,0,3,male,26.0,1,2,20.575,S,Third,man,True,,Southampton,no,False,False,26.0,False,S,Southampton,False,Unknown,man,True,4,Pequeña (2-4),Joven (16-34),3.0715352369694915
95,0,3,male,59.0,0,0,7.25,S,Third,man,True,,Southampton,no,True,False,59.0,False,S,Southampton,False,Unknown,man,True,1,Solo,Adulto (35-59),2.1102132003465894
96,0,3,male,,0,0,8.05,S,Third,man,True,,Southampton,no,True,True,25.0,False,S,Southampton,False,Unknown,man,True,1,Solo,Joven (16-34),2.2027647577118348
97,0,1,male,71.0,0,0,34.6542,C,First,man,True,A,Cherbourg,no,True,False,71.0,False,C,Cherbourg,True,A,man,True,1,Solo,Mayor (60+),3.57386695198272
98,1,1,male,23.0,0,1,63.3583,C,First,man,True,D,Cherbourg,yes,False,False,23.0,False,C,Cherbourg,True,D,man,True,2,Pequeña (2-4),Joven (16-34),4.164465907853638
99,1,2,female,34.0,0,1,23.0,S,Second,woman,False,,Southampton,yes,False,False,34.0,False,S,Southampton,False,Unknown,woman,False,2,Pequeña (2-4),Joven (16-34),3.1780538303479458
100,0,2,male,34.0,1,0,26.0,S,Second,man,True,,Southampton,no,False,False,34.0,False,S,Southampton,False,Unknown,man,True,2,Pequeña (2-4),Joven (16-34),3.295836866004329
101,0,3,female,28.0,0,0,7.8958,S,Third,woman,False,,Southampton,no,True,False,28.0,False,S,Southampton,False,Unknown,woman,False,1,Solo,Joven (16-34),2.1855792552411137
102,0,3,male,,0,0,7.8958,S,Third,man,True,,Southampton,no,True,True,25.0,False,S,Southampton,False,Unknown,man,True,1,Solo,Joven (16-34),2.1855792552411137
103,0,1,male,21.0,0,1,77.2875,S,First,man,True,D,Southampton,no,False,False,21.0,False,S,Southampton,True,D,man,True,2,Pequeña (2-4),Joven (16-34),4.360387947851531
104,0,3,male,33.0,0,0,8.6542,S,Third,man,True,,Southampton,no,True,False,33.0,False,S,Southampton,False,Unknown,man,True,1,Solo,Joven (16-34),2.267393053825037
105,0,3,male,37.0,2,0,7.925,S,Third,man,True,,Southampton,no,False,False,37.0,False,S,Southampton,False,Unknown,man,True,3,Pequeña (2-4),Adulto (35-59),2.188856327665703
106,0,3,male,28.0,0,0,7.8958,S,Third,man,True,,Southampton,no,True,False,28.0,False,S,Southampton,False,Unknown,man,True,1,Solo,Joven (16-34),2.1855792552411137
107,1,3,female,21.0,0,0,7.65,S,Third,woman,False,,Southampton,yes,True,False,21.0,False,S,Southampton,False,Unknown,woman,False,1,Solo,Joven (16-34),2.157559320943788
108,1,3,male,,0,0,7.775,S,Third,man,True,,Southampton,yes,True,True,25.0,False,S,Southampton,False,Unknown,man,True,1,Solo,Joven (16-34),2.1719067693519296
109,0,3,male,38.0,0,0,7.8958,S,Third,man,True,,Southampton,no,True,False,38.0,False,S,Southampton,False,Unknown,man,True,1,Solo,Adulto (35-59),2.1855792552411137
110,1,3,female,,1,0,24.15,Q,Third,woman,False,,Queenstown,yes,False,True,21.5,False,Q,Queenstown,False,Unknown,woman,False,2,Pequeña (2-4),Joven (16-34),3.224857896545748
111,0,1,male,47.0,0,0,52.0,S,First,man,True,C,Southampton,no,True,False,47.0,False,S,Southampton,True,C,man,True,1,Solo,Adulto (35-59),3.970291913552122
112,0,3,female,14.5,1,0,14.4542,C,Third,child,False,,Cherbourg,no,False,False,14.5,False,C,Cherbourg,False,Unknown,child,False,2,Pequeña (2-4),Niño (<16),2.737880811060884
113,0,3,male,22.0,0,0,8.05,S,Third,man,True,,Southampton,no,True,False,22.0,False,S,Southampton,False,Unknown,man,True,1,Solo,Joven (16-34),2.2027647577118348
114,0,3,female,20.0,1,0,9.825,S,Third,woman,False,,Southampton,no,False,False,20.0,False,S,Southampton,False,Unknown,woman,False,2,Pequeña (2-4),Joven (16-34),2.3818582738885534
115,0,3,female,17.0,0,0,14.4583,C,Third,woman,False,,Cherbourg,no,True,False,17.0,False,C,Cherbourg,False,Unknown,woman,False,1,Solo,Joven (16-34),2.738146075922933
116,0,3,male,21.0,0,0,7.925,S,Third,man,True,,Southampton,no,True,False,21.0,False,S,Southampton,False,Unknown,man,True,1,Solo,Joven (16-34),2.188856327665703
117,0,3,male,70.5,0,0,7.75,Q,Third,man,True,,Queenstown,no,True,False,70.5,False,Q,Queenstown,False,Unknown,man,True,1,Solo,Mayor (60+),2.169053700369523
118,0,2,male,29.0,1,0,21.0,S,Second,man,True,,Southampton,no,False,False,29.0,False,S,Southampton,False,Unknown,man,True,2,Pequeña (2-4),Joven (16-34),3.091042453358316
119,0,1,male,24.0,0,1,247.5208,C,First,man,True,B,Cherbourg,no,False,False,24.0,False,C,Cherbourg,True,B,man,True,2,Pequeña (2-4),Joven (16-34),5.515526544247129
120,0,3,female,2.0,4,2,31.275,S,Third,child,False,,Southampton,no,False,False,2.0,False,S,Southampton,False,Unknown,child,False,7,Grande (5+),Niño (<16),3.4742929367327062
121,0,2,male,21.0,2,0,73.5,S,Second,man,True,,Southampton,no,False,False,21.0,False,S,Southampton,False,Unknown,man,True,3,Pequeña (2-4),Joven (16-34),4.310799125385514
122,0,3,male,,0,0,8.05,S,Third,man,True,,Southampton,no,True,True,25.0,False,S,Southampton,False,Unknown,man,True,1,Solo,Joven (16-34),2.2027647577118348
123,0,2,male,32.5,1,0,30.0708,C,Second,man,True,,Cherbourg,no,False,False,32.5,False,C,Cherbourg,False,Unknown,man,True,2,Pequeña (2-4),Joven (16-34),3.436268471383741
124,1,2,female,32.5,0,0,13.0,S,Second,woman,False,E,Southampton,yes,True,False,32.5,False,S,Southampton,True,E,woman,False,1,Solo,Joven (16-34),2.6390573296152584
125,0,1,male,54.0,0,1,77.2875,S,First,man,True,D,Southampton,no,False,False,54.0,False,S,Southampton,True,D,man,True,2,Pequeña (2-4),Adulto (35-59),4.360387947851531
126,1,3,male,12.0,1,0,11.2417,C,Third,child,False,,Cherbourg,yes,False,False,12.0,False,C,Cherbourg,False,Unknown,child,False,2,Pequeña (2-4),Niño (<16),2.5048481563289
127,0,3,male,,0,0,7.75,Q,Third,man,True,,Queenstown,no,True,True,25.0,False,Q,Queenstown,False,Unknown,man,True,1,Solo,Joven (16-34),2.169053700369523
128,1,3,male,24.0,0,0,7.1417,S,Third,man,True,,Southampton,yes,True,False,24.0,False,S,Southampton,False,Unknown,man,True,1,Solo,Joven (16-34),2.0969990034181696
129,1,3,female,,1,1,22.3583,C,Third,woman,False,F,Cherbourg,yes,False,True,21.5,False,C,Cherbourg,True,F,woman,False,3,Pequeña (2-4),Joven (16-34),3.1509523813392697
130,0,3,male,45.0,0,0,6.975,S,Third,man,True,,Southampton,no,True,False,45.0,False,S,Southampton,False,Unknown,man,True,1,Solo,Adulto (35-59),2.076311648670908
131,0,3,male,33.0,0,0,7.8958,C,Third,man,True,,Cherbourg,no,True,False,33.0,False,C,Cherbourg,False,Unknown,man,True,1,Solo,Joven (16-34),2.1855792552411137
132,0,3,male,20.0,0,0,7.05,S,Third,man,True,,Southampton,no,True,False,20.0,False,S,Southampton,False,Unknown,man,True,1,Solo,Joven (16-34),2.0856720914304723
133,0,3,female,47.0,1,0,14.5,S,Third,woman,False,,Southampton,no,False,False,47.0,False,S,Southampton,False,Unknown,woman,False,2,Pequeña (2-4),Adulto (35-59),2.740840023925201
134,1,2,female,29.0,1,0,26.0,S,Second,woman,False,,Southampton,yes,False,False,29.0,False,S,Southampton,False,Unknown,woman,False,2,Pequeña (2-4),Joven (16-34),3.295836866004329
135,0,2,male,25.0,0,0,13.0,S,Second,man,True,,Southampton,no,True,False,25.0,False,S,Southampton,False,Unknown,man,True,1,Solo,Joven (16-34),2.6390573296152584
136,0,2,male,23.0,0,0,15.0458,C,Second,man,True,,Cherbourg,no,True,False,23.0,False,C,Cherbourg,False,Unknown,man,True,1,Solo,Joven (16-34),2.775447133088262
137,1,1,female,19.0,0,2,26.2833,S,First,woman,False,D,Southampton,yes,False,False,19.0,False,S,Southampton,True,D,woman,False,3,Pequeña (2-4),Joven (16-34),3.3062747934011893
138,0,1,male,37.0,1,0,53.1,S,First,man,True,C,Southampton,no,False,False,37.0,False,S,Southampton,True,C,man,True,2,Pequeña (2-4),Adulto (35-59),3.9908341858524357
139,0,3,male,16.0,0,0,9.2167,S,Third,man,True,,Southampton,no,True,False,16.0,False,S,Southampton,False,Unknown,man,True,1,Solo,Joven (16-34),2.3240236363515288
140,0,1,male,24.0,0,0,79.2,C,First,man,True,B,Cherbourg,no,True,False,24.0,False,C,Cherbourg,True,B,man,True,1,Solo,Joven (16-34),4.384523514872469
141,0,3,female,,0,2,15.2458,C,Third,woman,False,,Cherbourg,no,False,True,21.5,False,C,Cherbourg,False,Unknown,woman,False,3,Pequeña (2-4),Joven (16-34),2.7878344138303452
142,1,3,female,22.0,0,0,7.75,S,Third,woman,False,,Southampton,yes,True,False,22.0,False,S,Southampton,False,Unknown,woman,False,1,Solo,Joven (16-34),2.169053700369523
143,1,3,female,24.0,1,0,15.85,S,Third,woman,False,,Southampton,yes,False,False,24.0,False,S,Southampton,False,Unknown,woman,False,2,Pequeña (2-4),Joven (16-34),2.8243506567983707
144,0,3,male,19.0,0,0,6.75,Q,Third,man,True,,Queenstown,no,True,False,19.0,False,Q,Queenstown,False,Unknown,man,True,1,Solo,Joven (16-34),2.0476928433652555
145,0,2,male,18.0,0,0,11.5,S,Second,man,True,,Southampton,no,True,False,18.0,False,S,Southampton,False,Unknown,man,True,1,Solo,Joven (16-34),2.5257286443082556
146,0,2,male,19.0,1,1,36.75,S,Second,man,True,,Southampton,no,False,False,19.0,False,S,Southampton,False,Unknown,man,True,3,Pequeña (2-4),Joven (16-34),3.6309854756950335
147,1,3,male,27.0,0,0,7.7958,S,Third,man,True,,Southampton,yes,True,False,27.0,False,S,Southampton,False,Unknown,man,True,1,Solo,Joven (16-34),2.174274334826008
148,0,3,female,9.0,2,2,34.375,S,Third,child,False,,Southampton,no,False,False,9.0,False,S,Southampton,False,Unknown,child,False,5,Grande (5+),Niño (<16),3.5660053559634015
149,0,2,male,36.5,0,2,26.0,S,Second,man,True,F,Southampton,no,False,False,36.5,False,S,Southampton,True,F,man,True,3,Pequeña (2-4),Adulto (35-59),3.295836866004329
150,0,2,male,42.0,0,0,13.0,S,Second,man,True,,Southampton,no,True,False,42.0,False,S,Southampton,False,Unknown,man,True,1,Solo,Adulto (35-59),2.6390573296152584
151,0,2,male,51.0,0,0,12.525,S,Second,man,True,,Southampton,no,True,False,51.0,False,S,Southampton,False,Unknown,man,True,1,Solo,Adulto (35-59),2.6045398247325453
152,1,1,female,22.0,1,0,66.6,S,First,woman,False,C,Southampton,yes,False,False,22.0,False,S,Southampton,True,C,woman,False,2,Pequeña (2-4),Joven (16-34),4.213607983048918
153,0,3,male,55.5,0,0,8.05,S,Third,man,True,,Southampton,no,True,False,55.5,False,S,Southampton,False,Unknown,man,True,1,Solo,Adulto (35-59),2.2027647577118348
154,0,3,male,40.5,0,2,14.5,S,Third,man,True,,Southampton,no,False,False,40.5,False,S,Southampton,False,Unknown,man,True,3,Pequeña (2-4),Adulto (35-59),2.740840023925201
155,0,3,male,,0,0,7.3125,S,Third,man,True,,Southampton,no,True,True,25.0,False,S,Southampton,False,Unknown,man,True,1,Solo,Joven (16-34),2.1177604059819726
156,0,1,male,51.0,0,1,61.3792,C,First,man,True,,Cherbourg,no,False,False,51.0,False,C,Cherbourg,False,Unknown,man,True,2,Pequeña (2-4),Adulto (35-59),4.133231886474144
157,1,3,female,16.0,0,0,7.7333,Q,Third,woman,False,,Queenstown,yes,True,False,16.0,False,Q,Queenstown,False,Unknown,woman,False,1,Solo,Joven (16-34),2.167143305297764
158,0,3,male,30.0,0,0,8.05,S,Third,man,True,,Southampton,no,True,False,30.0,False,S,Southampton,False,Unknown,man,True,1,Solo,Joven (16-34),2.2027647577118348
159,0,3,male,,0,0,8.6625,S,Third,man,True,,Southampton,no,True,True,25.0,False,S,Southampton,False,Unknown,man,True,1,Solo,Joven (16-34),2.2682524139135403
160,0,3,male,,8,2,69.55,S,Third,man,True,,Southampton,no,False,True,25.0,False,S,Southampton,False,Unknown,man,True,11,Grande (5+),Joven (16-34),4.256321678298823
161,0,3,male,44.0,0,1,16.1,S,Third,man,True,,Southampton,no,False,False,44.0,False,S,Southampton,False,Unknown,man,True,2,Pequeña (2-4),Adulto (35-59),2.8390784635086144
162,1,2,female,40.0,0,0,15.75,S,Second,woman,False,,Southampton,yes,True,False,40.0,False,S,Southampton,False,Unknown,woman,False,1,Solo,Adulto (35-59),2.8183982582710754
163,0,3,male,26.0,0,0,7.775,S,Third,man,True,,Southampton,no,True,False,26.0,False,S,Southampton,False,Unknown,man,True,1,Solo,Joven (16-34),2.1719067693519296
164,0,3,male,17.0,0,0,8.6625,S,Third,man,True,,Southampton,no,True,False,17.0,False,S,Southampton,False,Unknown,man,True,1,Solo,Joven (16-34),2.2682524139135403
165,0,3,male,1.0,4,1,39.6875,S,Third,child,False,,Southampton,no,False,False,1.0,False,S,Southampton,False,Unknown,child,False,6,Grande (5+),Niño (<16),3.705920919968788
166,1,3,male,9.0,0,2,20.525,S,Third,child,False,,Southampton,yes,False,False,9.0,False,S,Southampton,False,Unknown,child,False,3,Pequeña (2-4),Niño (<16),3.0692150503137943
167,1,1,female,,0,1,55.0,S,First,woman,False,E,Southampton,yes,False,True,35.0,False,S,Southampton,True,E,woman,False,2,Pequeña (2-4),Adulto (35-59),4.02535169073515
168,0,3,female,45.0,1,4,27.9,S,Third,woman,False,,Southampton,no,False,False,45.0,False,S,Southampton,False,Unknown,woman,False,6,Grande (5+),Adulto (35-59),3.3638415951183864
169,0,1,male,,0,0,25.925,S,First,man,True,,Southampton,no,True,True,40.0,False,S,Southampton,False,Unknown,man,True,1,Solo,Adulto (35-59),3.2930552230424524
170,0,3,male,28.0,0,0,56.4958,S,Third,man,True,,Southampton,no,True,False,28.0,False,S,Southampton,False,Unknown,man,True,1,Solo,Joven (16-34),4.05171190165724
171,0,1,male,61.0,0,0,33.5,S,First,man,True,B,Southampton,no,True,False,61.0,False,S,Southampton,True,B,man,True,1,Solo,Mayor (60+),3.5409593240373143
172,0,3,male,4.0,4,1,29.125,Q,Third,child,False,,Queenstown,no,False,False,4.0,False,Q,Queenstown,False,Unknown,child,False,6,Grande (5+),Niño (<16),3.405355391810819
173,1,3,female,1.0,1,1,11.1333,S,Third,child,False,,Southampton,yes,False,False,1.0,False,S,Southampton,False,Unknown,child,False,3,Pequeña (2-4),Niño (<16),2.495953738718064
174,0,3,male,21.0,0,0,7.925,S,Third,man,True,,Southampton,no,True,False,21.0,False,S,Southampton,False,Unknown,man,True,1,Solo,Joven (16-34),2.188856327665703
175,0,1,male,56.0,0,0,30.6958,C,First,man,True,A,Cherbourg,no,True,False,56.0,False,C,Cherbourg,True,A,man,True,1,Solo,Adulto (35-59),3.4561841799918147
176,0,3,male,18.0,1,1,7.8542,S,Third,man,True,,Southampton,no,False,False,18.0,False,S,Southampton,False,Unknown,man,True,3,Pequeña (2-4),Joven (16-34),2.180891922715322
177,0,3,male,,3,1,25.4667,S,Third,man,True,,Southampton,no,False,True,25.0,False,S,Southampton,False,Unknown,man,True,5,Grande (5+),Joven (16-34),3.275887339030031
178,0,1,female,50.0,0,0,28.7125,C,First,woman,False,C,Cherbourg,no,True,False,50.0,False,C,Cherbourg,True,C,woman,False,1,Solo,Adulto (35-59),3.391567832686312
179,0,2,male,30.0,0,0,13.0,S,Second,man,True,,Southampton,no,True,False,30.0,False,S,Southampton,False,Unknown,man,True,1,Solo,Joven (16-34),2.6390573296152584
180,0,3,male,36.0,0,0,0.0,S,Third,man,True,,Southampton,no,True,False,36.0,False,S,Southampton,False,Unknown,man,True,1,Solo,Adulto (35-59),0.0
181,0,3,female,,8,2,69.55,S,Third,woman,False,,Southampton,no,False,True,21.5,False,S,Southampton,False,Unknown,woman,False,11,Grande (5+),Joven (16-34),4.256321678298823
182,0,2,male,,0,0,15.05,C,Second,man,True,,Cherbourg,no,True,True,30.0,False,C,Cherbourg,False,Unknown,man,True,1,Solo,Joven (16-34),2.775708849576025
183,0,3,male,9.0,4,2,31.3875,S,Third,child,False,,Southampton,no,False,False,9.0,False,S,Southampton,False,Unknown,child,False,7,Grande (5+),Niño (<16),3.4777725458882283
184,1,2,male,1.0,2,1,39.0,S,Second,child,False,F,Southampton,yes,False,False,1.0,False,S,Southampton,True,F,child,False,4,Pequeña (2-4),Niño (<16),3.6888794541139363
185,1,3,female,4.0,0,2,22.025,S,Third,child,False,,Southampton,yes,False,False,4.0,False,S,Southampton,False,Unknown,child,False,3,Pequeña (2-4),Niño (<16),3.1365805821413706
186,0,1,male,,0,0,50.0,S,First,man,True,A,Southampton,no,True,True,40.0,False,S,Southampton,True,A,man,True,1,Solo,Adulto (35-59),3.9318256327243257
187,1,3,female,,1,0,15.5,Q,Third,woman,False,,Queenstown,yes,False,True,21.5,False,Q,Queenstown,False,Unknown,woman,False,2,Pequeña (2-4),Joven (16-34),2.803360380906535
188,1,1,male,45.0,0,0,26.55,S,First,man,True,,Southampton,yes,True,False,45.0,False,S,Southampton,False,Unknown,man,True,1,Solo,Adulto (35-59),3.3160025355989236
189,0,3,male,40.0,1,1,15.5,Q,Third,man,True,,Queenstown,no,False,False,40.0,False,Q,Queenstown,False,Unknown,man,True,3,Pequeña (2-4),Adulto (35-59),2.803360380906535
190,0,3,male,36.0,0,0,7.8958,S,Third,man,True,,Southampton,no,True,False,36.0,False,S,Southampton,False,Unknown,man,True,1,Solo,Adulto (35-59),2.1855792552411137
191,1,2,female,32.0,0,0,13.0,S,Second,woman,False,,Southampton,yes,True,False,32.0,False,S,Southampton,False,Unknown,woman,False,1,Solo,Joven (16-34),2.6390573296152584
192,0,2,male,19.0,0,0,13.0,S,Second,man,True,,Southampton,no,True,False,19.0,False,S,Southampton,False,Unknown,man,True,1,Solo,Joven (16-34),2.6390573296152584
193,1,3,female,19.0,1,0,7.8542,S,Third,woman,False,,Southampton,yes,False,False,19.0,False,S,Southampton,False,Unknown,woman,False,2,Pequeña (2-4),Joven (16-34),2.180891922715322
194,1,2,male,3.0,1,1,26.0,S,Second,child,False,F,Southampton,yes,False,False,3.0,False,S,Southampton,True,F,child,False,3,Pequeña (2-4),Niño (<16),3.295836866004329
195,1,1,female,44.0,0,0,27.7208,C,First,woman,False,B,Cherbourg,yes,True,False,44.0,False,C,Cherbourg,True,B,woman,False,1,Solo,Adulto (35-59),3.357621598945279
196,1,1,female,58.0,0,0,146.5208,C,First,woman,False,B,Cherbourg,yes,True,False,58.0,False,C,Cherbourg,True,B,woman,False,1,Solo,Adulto (35-59),4.993969182787072
197,0,3,male,,0,0,7.75,Q,Third,man,True,,Queenstown,no,True,True,25.0,False,Q,Queenstown,False,Unknown,man,True,1,Solo,Joven (16-34),2.169053700369523
198,0,3,male,42.0,0,1,8.4042,S,Third,man,True,,Southampton,no,False,False,42.0,False,S,Southampton,False,Unknown,man,True,2,Pequeña (2-4),Adulto (35-59),2.2411563979973974
199,1,3,female,,0,0,7.75,Q,Third,woman,False,,Queenstown,yes,True,True,21.5,False,Q,Queenstown,False,Unknown,woman,False,1,Solo,Joven (16-34),2.169053700369523
200,0,2,female,24.0,0,0,13.0,S,Second,woman,False,,Southampton,no,True,False,24.0,False,S,Southampton,False,Unknown,woman,False,1,Solo,Joven (16-34),2.6390573296152584
201,0,3,male,28.0,0,0,9.5,S,Third,man,True,,Southampton,no,True,False,28.0,False,S,Southampton,False,Unknown,man,True,1,Solo,Joven (16-34),2.3513752571634776
202,0,3,male,,8,2,69.55,S,Third,man,True,,Southampton,no,False,True,25.0,False,S,Southampton,False,Unknown,man,True,11,Grande (5+),Joven (16-34),4.256321678298823
203,0,3,male,34.0,0,0,6.4958,S,Third,man,True,,Southampton,no,True,False,34.0,False,S,Southampton,False,Unknown,man,True,1,Solo,Joven (16-34),2.0143428636837015
204,0,3,male,45.5,0,0,7.225,C,Third,man,True,,Cherbourg,no,True,False,45.5,False,C,Cherbourg,False,Unknown,man,True,1,Solo,Adulto (35-59),2.1071782966514356
205,1,3,male,18.0,0,0,8.05,S,Third,man,True,,Southampton,yes,True,False,18.0,False,S,Southampton,False,Unknown,man,True,1,Solo,Joven (16-34),2.2027647577118348
206,0,3,female,2.0,0,1,10.4625,S,Third,child,False,G,Southampton,no,False,False,2.0,False,S,Southampton,True,G,child,False,2,Pequeña (2-4),Niño (<16),2.4390808375825834
207,0,3,male,32.0,1,0,15.85,S,Third,man,True,,Southampton,no,False,False,32.0,False,S,Southampton,False,Unknown,man,True,2,Pequeña (2-4),Joven (16-34),2.8243506567983707
208,1,3,male,26.0,0,0,18.7875,C,Third,man,True,,Cherbourg,yes,True,False,26.0,False,C,Cherbourg,False,Unknown,man,True,1,Solo,Joven (16-34),2.9850504252071306
209,1,3,female,16.0,0,0,7.75,Q,Third,woman,False,,Queenstown,yes,True,False,16.0,False,Q,Queenstown,False,Unknown,woman,False,1,Solo,Joven (16-34),2.169053700369523
210,1,1,male,40.0,0,0,31.0,C,First,man,True,A,Cherbourg,yes,True,False,40.0,False,C,Cherbourg,True,A,man,True,1,Solo,Adulto (35-59),3.4657359027997265
211,0,3,male,24.0,0,0,7.05,S,Third,man,True,,Southampton,no,True,False,24.0,False,S,Southampton,False,Unknown,man,True,1,Solo,Joven (16-34),2.0856720914304723
212,1,2,female,35.0,0,0,21.0,S,Second,woman,False,,Southampton,yes,True,False,35.0,False,S,Southampton,False,Unknown,woman,False,1,Solo,Adulto (35-59),3.091042453358316
213,0,3,male,22.0,0,0,7.25,S,Third,man,True,,Southampton,no,True,False,22.0,False,S,Southampton,False,Unknown,man,True,1,Solo,Joven (16-34),2.1102132003465894
214,0,2,male,30.0,0,0,13.0,S,Second,man,True,,Southampton,no,True,False,30.0,False,S,Southampton,False,Unknown,man,True,1,Solo,Joven (16-34),2.6390573296152584
215,0,3,male,,1,0,7.75,Q,Third,man,True,,Queenstown,no,False,True,25.0,False,Q,Queenstown,False,Unknown,man,True,2,Pequeña (2-4),Joven (16-34),2.169053700369523
216,1,1,female,31.0,1,0,113.275,C,First,woman,False,D,Cherbourg,yes,False,False,31.0,False,C,Cherbourg,True,D,woman,False,2,Pequeña (2-4),Joven (16-34),4.738607824217808
217,1,3,female,27.0,0,0,7.925,S,Third,woman,False,,Southampton,yes,True,False,27.0,False,S,Southampton,False,Unknown,woman,False,1,Solo,Joven (16-34),2.188856327665703
218,0,2,male,42.0,1,0,27.0,S,Second,man,True,,Southampton,no,False,False,42.0,False,S,Southampton,False,Unknown,man,True,2,Pequeña (2-4),Adulto (35-59),3.332204510175204
219,1,1,female,32.0,0,0,76.2917,C,First,woman,False,D,Cherbourg,yes,True,False,32.0,False,C,Cherbourg,True,D,woman,False,1,Solo,Joven (16-34),4.347586575960343
220,0,2,male,30.0,0,0,10.5,S,Second,man,True,,Southampton,no,True,False,30.0,False,S,Southampton,False,Unknown,man,True,1,Solo,Joven (16-34),2.4423470353692043
221,1,3,male,16.0,0,0,8.05,S,Third,man,True,,Southampton,yes,True,False,16.0,False,S,Southampton,False,Unknown,man,True,1,Solo,Joven (16-34),2.2027647577118348
222,0,2,male,27.0,0,0,13.0,S,Second,man,True,,Southampton,no,True,False,27.0,False,S,Southampton,False,Unknown,man,True,1,Solo,Joven (16-34),2.6390573296152584
223,0,3,male,51.0,0,0,8.05,S,Third,man,True,,Southampton,no,True,False,51.0,False,S,Southampton,False,Unknown,man,True,1,Solo,Adulto (35-59),2.2027647577118348
224,0,3,male,,0,0,7.8958,S,Third,man,True,,Southampton,no,True,True,25.0,False,S,Southampton,False,Unknown,man,True,1,Solo,Joven (16-34),2.1855792552411137
225,1,1,male,38.0,1,0,90.0,S,First,man,True,C,Southampton,yes,False,False,38.0,False,S,Southampton,True,C,man,True,2,Pequeña (2-4),Adulto (35-59),4.51085950651685
226,0,3,male,22.0,0,0,9.35,S,Third,man,True,,Southampton,no,True,False,22.0,False,S,Southampton,False,Unknown,man,True,1,Solo,Joven (16-34),2.336986519711378
227,1,2,male,19.0,0,0,10.5,S,Second,man,True,,Southampton,yes,True,False,19.0,False,S,Southampton,False,Unknown,man,True,1,Solo,Joven (16-34),2.4423470353692043
228,0,3,male,20.5,0,0,7.25,S,Third,man,True,,Southampton,no,True,False,20.5,False,S,Southampton,False,Unknown,man,True,1,Solo,Joven (16-34),2.1102132003465894
229,0,2,male,18.0,0,0,13.0,S,Second,man,True,,Southampton,no,True,False,18.0,False,S,Southampton,False,Unknown,man,True,1,Solo,Joven (16-34),2.6390573296152584
230,0,3,female,,3,1,25.4667,S,Third,woman,False,,Southampton,no,False,True,21.5,False,S,Southampton,False,Unknown,woman,False,5,Grande (5+),Joven (16-34),3.275887339030031
231,1,1,female,35.0,1,0,83.475,S,First,woman,False,C,Southampton,yes,False,False,35.0,False,S,Southampton,True,C,woman,False,2,Pequeña (2-4),Adulto (35-59),4.436455632600354
232,0,3,male,29.0,0,0,7.775,S,Third,man,True,,Southampton,no,True,False,29.0,False,S,Southampton,False,Unknown,man,True,1,Solo,Joven (16-34),2.1719067693519296
233,0,2,male,59.0,0,0,13.5,S,Second,man,True,,Southampton,no,True,False,59.0,False,S,Southampton,False,Unknown,man,True,1,Solo,Adulto (35-59),2.6741486494265287
234,1,3,female,5.0,4,2,31.3875,S,Third,child,False,,Southampton,yes,False,False,5.0,False,S,Southampton,False,Unknown,child,False,7,Grande (5+),Niño (<16),3.4777725458882283
235,0,2,male,24.0,0,0,10.5,S,Second,man,True,,Southampton,no,True,False,24.0,False,S,Southampton,False,Unknown,man,True,1,Solo,Joven (16-34),2.4423470353692043
236,0,3,female,,0,0,7.55,S,Third,woman,False,,Southampton,no,True,True,21.5,False,S,Southampton,False,Unknown,woman,False,1,Solo,Joven (16-34),2.145931282948669
237,0,2,male,44.0,1,0,26.0,S,Second,man,True,,Southampton,no,False,False,44.0,False,S,Southampton,False,Unknown,man,True,2,Pequeña (2-4),Adulto (35-59),3.295836866004329
238,1,2,female,8.0,0,2,26.25,S,Second,child,False,,Southampton,yes,False,False,8.0,False,S,Southampton,False,Unknown,child,False,3,Pequeña (2-4),Niño (<16),3.305053521109253
239,0,2,male,19.0,0,0,10.5,S,Second,man,True,,Southampton,no,True,False,19.0,False,S,Southampton,False,Unknown,man,True,1,Solo,Joven (16-34),2.4423470353692043
240,0,2,male,33.0,0,0,12.275,S,Second,man,True,,Southampton,no,True,False,33.0,False,S,Southampton,False,Unknown,man,True,1,Solo,Joven (16-34),2.5858825671280026
241,0,3,female,,1,0,14.4542,C,Third,woman,False,,Cherbourg,no,False,True,21.5,False,C,Cherbourg,False,Unknown,woman,False,2,Pequeña (2-4),Joven (16-34),2.737880811060884
242,1,3,female,,1,0,15.5,Q,Third,woman,False,,Queenstown,yes,False,True,21.5,False,Q,Queenstown,False,Unknown,woman,False,2,Pequeña (2-4),Joven (16-34),2.803360380906535
243,0,2,male,29.0,0,0,10.5,S,Second,man,True,,Southampton,no,True,False,29.0,False,S,Southampton,False,Unknown,man,True,1,Solo,Joven (16-34),2.4423470353692043
244,0,3,male,22.0,0,0,7.125,S,Third,man,True,,Southampton,no,True,False,22.0,False,S,Southampton,False,Unknown,man,True,1,Solo,Joven (16-34),2.094945728215801
245,0,3,male,30.0,0,0,7.225,C,Third,man,True,,Cherbourg,no,True,False,30.0,False,C,Cherbourg,False,Unknown,man,True,1,Solo,Joven (16-34),2.1071782966514356
246,0,1,male,44.0,2,0,90.0,Q,First,man,True,C,Queenstown,no,False,False,44.0,False,Q,Queenstown,True,C,man,True,3,Pequeña (2-4),Adulto (35-59),4.51085950651685
247,0,3,female,25.0,0,0,7.775,S,Third,woman,False,,Southampton,no,True,False,25.0,False,S,Southampton,False,Unknown,woman,False,1,Solo,Joven (16-34),2.1719067693519296
248,1,2,female,24.0,0,2,14.5,S,Second,woman,False,,Southampton,yes,False,False,24.0,False,S,Southampton,False,Unknown,woman,False,3,Pequeña (2-4),Joven (16-34),2.740840023925201
249,1,1,male,37.0,1,1,52.5542,S,First,man,True,D,Southampton,yes,False,False,37.0,False,S,Southampton,True,D,man,True,3,Pequeña (2-4),Adulto (35-59),3.9806942251907276
250,0,2,male,54.0,1,0,26.0,S,Second,man,True,,Southampton,no,False,False,54.0,False,S,Southampton,False,Unknown,man,True,2,Pequeña (2-4),Adulto (35-59),3.295836866004329
251,0,3,male,,0,0,7.25,S,Third,man,True,,Southampton,no,True,True,25.0,False,S,Southampton,False,Unknown,man,True,1,Solo,Joven (16-34),2.1102132003465894
252,0,3,female,29.0,1,1,10.4625,S,Third,woman,False,G,Southampton,no,False,False,29.0,False,S,Southampton,True,G,woman,False,3,Pequeña (2-4),Joven (16-34),2.4390808375825834
253,0,1,male,62.0,0,0,26.55,S,First,man,True,C,Southampton,no,True,False,62.0,False,S,Southampton,True,C,man,True,1,Solo,Mayor (60+),3.3160025355989236
254,0,3,male,30.0,1,0,16.1,S,Third,man,True,,Southampton,no,False,False,30.0,False,S,Southampton,False,Unknown,man,True,2,Pequeña (2-4),Joven (16-34),2.8390784635086144
255,0,3,female,41.0,0,2,20.2125,S,Third,woman,False,,Southampton,no,False,False,41.0,False,S,Southampton,False,Unknown,woman,False,3,Pequeña (2-4),Adulto (35-59),3.0545906305603445
256,1,3,female,29.0,0,2,15.2458,C,Third,woman,False,,Cherbourg,yes,False,False,29.0,False,C,Cherbourg,False,Unknown,woman,False,3,Pequeña (2-4),Joven (16-34),2.7878344138303452
257,1,1,female,,0,0,79.2,C,First,woman,False,,Cherbourg,yes,True,True,35.0,False,C,Cherbourg,False,Unknown,woman,False,1,Solo,Adulto (35-59),4.384523514872469
258,1,1,female,30.0,0,0,86.5,S,First,woman,False,B,Southampton,yes,True,False,30.0,False,S,Southampton,True,B,woman,False,1,Solo,Joven (16-34),4.471638793363569
259,1,1,female,35.0,0,0,512.3292,C,First,woman,False,,Cherbourg,yes,True,False,35.0,False,C,Cherbourg,False,Unknown,woman,False,1,Solo,Adulto (35-59),6.240917354759096
260,1,2,female,50.0,0,1,26.0,S,Second,woman,False,,Southampton,yes,False,False,50.0,False,S,Southampton,False,Unknown,woman,False,2,Pequeña (2-4),Adulto (35-59),3.295836866004329
261,0,3,male,,0,0,7.75,Q,Third,man,True,,Queenstown,no,True,True,25.0,False,Q,Queenstown,False,Unknown,man,True,1,Solo,Joven (16-34),2.169053700369523
262,1,3,male,3.0,4,2,31.3875,S,Third,child,False,,Southampton,yes,False,False,3.0,False,S,Southampton,False,Unknown,child,False,7,Grande (5+),Niño (<16),3.4777725458882283
263,0,1,male,52.0,1,1,79.65,S,First,man,True,E,Southampton,no,False,False,52.0,False,S,Southampton,True,E,man,True,3,Pequeña (2-4),Adulto (35-59),4.390118804571218
264,0,1,male,40.0,0,0,0.0,S,First,man,True,B,Southampton,no,True,False,40.0,False,S,Southampton,True,B,man,True,1,Solo,Adulto (35-59),0.0
265,0,3,female,,0,0,7.75,Q,Third,woman,False,,Queenstown,no,True,True,21.5,False,Q,Queenstown,False,Unknown,woman,False,1,Solo,Joven (16-34),2.169053700369523
266,0,2,male,36.0,0,0,10.5,S,Second,man,True,,Southampton,no,True,False,36.0,False,S,Southampton,False,Unknown,man,True,1,Solo,Adulto (35-59),2.4423470353692043
267,0,3,male,16.0,4,1,39.6875,S,Third,man,True,,Southampton,no,False,False,16.0,False,S,Southampton,False,Unknown,man,True,6,Grande (5+),Joven (16-34),3.705920919968788
268,1,3,male,25.0,1,0,7.775,S,Third,man,True,,Southampton,yes,False,False,25.0,False,S,Southampton,False,Unknown,man,True,2,Pequeña (2-4),Joven (16-34),2.1719067693519296
269,1,1,female,58.0,0,1,153.4625,S,First,woman,False,C,Southampton,yes,False,False,58.0,False,S,Southampton,True,C,woman,False,2,Pequeña (2-4),Adulto (35-59),5.039951348430309
270,1,1,female,35.0,0,0,135.6333,S,First,woman,False,C,Southampton,yes,True,False,35.0,False,S,Southampton,True,C,woman,False,1,Solo,Adulto (35-59),4.91730069488021
271,0,1,male,,0,0,31.0,S,First,man,True,,Southampton,no,True,True,40.0,False,S,Southampton,False,Unknown,man,True,1,Solo,Adulto (35-59),3.4657359027997265
272,1,3,male,25.0,0,0,0.0,S,Third,man,True,,Southampton,yes,True,False,25.0,False,S,Southampton,False,Unknown,man,True,1,Solo,Joven (16-34),0.0
273,1,2,female,41.0,0,1,19.5,S,Second,woman,False,,Southampton,yes,False,False,41.0,False,S,Southampton,False,Unknown,woman,False,2,Pequeña (2-4),Adulto (35-59),3.0204248861443626
274,0,1,male,37.0,0,1,29.7,C,First,man,True,C,Cherbourg,no,False,False,37.0,False,C,Cherbourg,True,C,man,True,2,Pequeña (2-4),Adulto (35-59),3.4242626545931514
275,1,3,female,,0,0,7.75,Q,Third,woman,False,,Queenstown,yes,True,True,21.5,False,Q,Queenstown,False,Unknown,woman,False,1,Solo,Joven (16-34),2.169053700369523
276,1,1,female,63.0,1,0,77.9583,S,First,woman,False,D,Southampton,yes,False,False,63.0,False,S,Southampton,True,D,woman,False,2,Pequeña (2-4),Mayor (60+),4.368919865004903
277,0,3,female,45.0,0,0,7.75,S,Third,woman,False,,Southampton,no,True,False,45.0,False,S,Southampton,False,Unknown,woman,False,1,Solo,Adulto (35-59),2.169053700369523
278,0,2,male,,0,0,0.0,S,Second,man,True,,Southampton,no,True,True,30.0,False,S,Southampton,False,Unknown,man,True,1,Solo,Joven (16-34),0.0
279,0,3,male,7.0,4,1,29.125,Q,Third,child,False,,Queenstown,no,False,False,7.0,False,Q,Queenstown,False,Unknown,child,False,6,Grande (5+),Niño (<16),3.405355391810819
280,1,3,female,35.0,1,1,20.25,S,Third,woman,False,,Southampton,yes,False,False,35.0,False,S,Southampton,False,Unknown,woman,False,3,Pequeña (2-4),Adulto (35-59),3.056356895370426
281,0,3,male,65.0,0,0,7.75,Q,Third,man,True,,Queenstown,no,True,False,65.0,False,Q,Queenstown,False,Unknown,man,True,1,Solo,Mayor (60+),2.169053700369523
282,0,3,male,28.0,0,0,7.8542,S,Third,man,True,,Southampton,no,True,False,28.0,False,S,Southampton,False,Unknown,man,True,1,Solo,Joven (16-34),2.180891922715322
283,0,3,male,16.0,0,0,9.5,S,Third,man,True,,Southampton,no,True,False,16.0,False,S,Southampton,False,Unknown,man,True,1,Solo,Joven (16-34),2.3513752571634776
284,1,3,male,19.0,0,0,8.05,S,Third,man,True,,Southampton,yes,True,False,19.0,False,S,Southampton,False,Unknown,man,True,1,Solo,Joven (16-34),2.2027647577118348
285,0,1,male,,0,0,26.0,S,First,man,True,A,Southampton,no,True,True,40.0,False,S,Southampton,True,A,man,True,1,Solo,Adulto (35-59),3.295836866004329
286,0,3,male,33.0,0,0,8.6625,C,Third,man,True,,Cherbourg,no,True,False,33.0,False,C,Cherbourg,False,Unknown,man,True,1,Solo,Joven (16-34),2.2682524139135403
287,1,3,male,30.0,0,0,9.5,S,Third,man,True,,Southampton,yes,True,False,30.0,False,S,Southampton,False,Unknown,man,True,1,Solo,Joven (16-34),2.3513752571634776
288,0,3,male,22.0,0,0,7.8958,S,Third,man,True,,Southampton,no,True,False,22.0,False,S,Southampton,False,Unknown,man,True,1,Solo,Joven (16-34),2.1855792552411137
289,1,2,male,42.0,0,0,13.0,S,Second,man,True,,Southampton,yes,True,False,42.0,False,S,Southampton,False,Unknown,man,True,1,Solo,Adulto (35-59),2.6390573296152584
290,1,3,female,22.0,0,0,7.75,Q,Third,woman,False,,Queenstown,yes,True,False,22.0,False,Q,Queenstown,False,Unknown,woman,False,1,Solo,Joven (16-34),2.169053700369523
291,1,1,female,26.0,0,0,78.85,S,First,woman,False,,Southampton,yes,True,False,26.0,False,S,Southampton,False,Unknown,woman,False,1,Solo,Joven (16-34),4.380149874661021
292,1,1,female,19.0,1,0,91.0792,C,First,woman,False,B,Cherbourg,yes,False,False,19.0,False,C,Cherbourg,True,B,woman,False,2,Pequeña (2-4),Joven (16-34),4.5226490762785785
293,0,2,male,36.0,0,0,12.875,C,Second,man,True,D,Cherbourg,no,True,False,36.0,False,C,Cherbourg,True,D,man,True,1,Solo,Adulto (35-59),2.630088659632498
294,0,3,female,24.0,0,0,8.85,S,Third,woman,False,,Southampton,no,True,False,24.0,False,S,Southampton,False,Unknown,woman,False,1,Solo,Joven (16-34),2.2874714551839976
295,0,3,male,24.0,0,0,7.8958,S,Third,man,True,,Southampton,no,True,False,24.0,False,S,Southampton,False,Unknown,man,True,1,Solo,Joven (16-34),2.1855792552411137
296,0,1,male,,0,0,27.7208,C,First,man,True,,Cherbourg,no,True,True,40.0,False,C,Cherbourg,False,Unknown,man,True,1,Solo,Adulto (35-59),3.357621598945279
297,0,3,male,23.5,0,0,7.2292,C,Third,man,True,,Cherbourg,no,True,False,23.5,False,C,Cherbourg,False,Unknown,man,True,1,Solo,Joven (16-34),2.1076888046179385
298,0,1,female,2.0,1,2,151.55,S,First,child,False,C,Southampton,no,False,False,2.0,False,S,Southampton,True,C,child,False,4,Pequeña (2-4),Niño (<16),5.027492411162679
299,1,1,male,,0,0,30.5,S,First,man,True,C,Southampton,yes,True,True,40.0,False,S,Southampton,True,C,man,True,1,Solo,Adulto (35-59),3.449987545831587
300,1,1,female,50.0,0,1,247.5208,C,First,woman,False,B,Cherbourg,yes,False,False,50.0,False,C,Cherbourg,True,B,woman,False,2,Pequeña (2-4),Adulto (35-59),5.515526544247129
301,1,3,female,,0,0,7.75,Q,Third,woman,False,,Queenstown,yes,True,True,21.5,False,Q,Queenstown,False,Unknown,woman,False,1,Solo,Joven (16-34),2.169053700369523
302,1,3,male,,2,0,23.25,Q,Third,man,True,,Queenstown,yes,False,True,25.0,False,Q,Queenstown,False,Unknown,man,True,3,Pequeña (2-4),Joven (16-34),3.188416617383492
303,0,3,male,19.0,0,0,0.0,S,Third,man,True,,Southampton,no,True,False,19.0,False,S,Southampton,False,Unknown,man,True,1,Solo,Joven (16-34),0.0
304,1,2,female,,0,0,12.35,Q,Second,woman,False,E,Queenstown,yes,True,True,28.0,False,Q,Queenstown,True,E,woman,False,1,Solo,Joven (16-34),2.5915163848462583
305,0,3,male,,0,0,8.05,S,Third,man,True,,Southampton,no,True,True,25.0,False,S,Southampton,False,Unknown,man,True,1,Solo,Joven (16-34),2.2027647577118348
306,1,1,male,0.92,1,2,151.55,S,First,child,False,C,Southampton,yes,False,False,0.92,False,S,Southampton,True,C,child,False,4,Pequeña (2-4),Niño (<16),5.027492411162679
307,1,1,female,,0,0,110.8833,C,First,woman,False,,Cherbourg,yes,True,True,35.0,False,C,Cherbourg,False,Unknown,woman,False,1,Solo,Adulto (35-59),4.717456363787216
308,1,1,female,17.0,1,0,108.9,C,First,woman,False,C,Cherbourg,yes,False,False,17.0,False,C,Cherbourg,True,C,woman,False,2,Pequeña (2-4),Joven (16-34),4.699570861409576
309,0,2,male,30.0,1,0,24.0,C,Second,man,True,,Cherbourg,no,False,False,30.0,False,C,Cherbourg,False,Unknown,man,True,2,Pequeña (2-4),Joven (16-34),3.2188758248682006
310,1,1,female,30.0,0,0,56.9292,C,First,woman,False,E,Cherbourg,yes,True,False,30.0,False,C,Cherbourg,True,E,woman,False,1,Solo,Joven (16-34),4.0592215752427645
311,1,1,female,24.0,0,0,83.1583,C,First,woman,False,C,Cherbourg,yes,True,False,24.0,False,C,Cherbourg,True,C,woman,False,1,Solo,Joven (16-34),4.432699549165613
312,1,1,female,18.0,2,2,262.375,C,First,woman,False,B,Cherbourg,yes,False,False,18.0,False,C,Cherbourg,True,B,woman,False,5,Grande (5+),Joven (16-34),5.5735788721243535
313,0,2,female,26.0,1,1,26.0,S,Second,woman,False,,Southampton,no,False,False,26.0,False,S,Southampton,False,Unknown,woman,False,3,Pequeña (2-4),Joven (16-34),3.295836866004329
314,0,3,male,28.0,0,0,7.8958,S,Third,man,True,,Southampton,no,True,False,28.0,False,S,Southampton,False,Unknown,man,True,1,Solo,Joven (16-34),2.1855792552411137
315,0,2,male,43.0,1,1,26.25,S,Second,man,True,,Southampton,no,False,False,43.0,False,S,Southampton,False,Unknown,man,True,3,Pequeña (2-4),Adulto (35-59),3.305053521109253
316,1,3,female,26.0,0,0,7.8542,S,Third,woman,False,,Southampton,yes,True,False,26.0,False,S,Southampton,False,Unknown,woman,False,1,Solo,Joven (16-34),2.180891922715322
317,1,2,female,24.0,1,0,26.0,S,Second,woman,False,,Southampton,yes,False,False,24.0,False,S,Southampton,False,Unknown,woman,False,2,Pequeña (2-4),Joven (16-34),3.295836866004329
318,0,2,male,54.0,0,0,14.0,S,Second,man,True,,Southampton,no,True,False,54.0,False,S,Southampton,False,Unknown,man,True,1,Solo,Adulto (35-59),2.70805020110221
319,1,1,female,31.0,0,2,164.8667,S,First,woman,False,C,Southampton,yes,False,False,31.0,False,S,Southampton,True,C,woman,False,3,Pequeña (2-4),Joven (16-34),5.11118445372147
320,1,1,female,40.0,1,1,134.5,C,First,woman,False,E,Cherbourg,yes,False,False,40.0,False,C,Cherbourg,True,E,woman,False,3,Pequeña (2-4),Adulto (35-59),4.908971640319756
321,0,3,male,22.0,0,0,7.25,S,Third,man,True,,Southampton,no,True,False,22.0,False,S,Southampton,False,Unknown,man,True,1,Solo,Joven (16-34),2.1102132003465894
322,0,3,male,27.0,0,0,7.8958,S,Third,man,True,,Southampton,no,True,False,27.0,False,S,Southampton,False,Unknown,man,True,1,Solo,Joven (16-34),2.1855792552411137
323,1,2,female,30.0,0,0,12.35,Q,Second,woman,False,,Queenstown,yes,True,False,30.0,False,Q,Queenstown,False,Unknown,woman,False,1,Solo,Joven (16-34),2.5915163848462583
324,1,2,female,22.0,1,1,29.0,S,Second,woman,False,,Southampton,yes,False,False,22.0,False,S,Southampton,False,Unknown,woman,False,3,Pequeña (2-4),Joven (16-34),3.4011973816621555
325,0,3,male,,8,2,69.55,S,Third,man,True,,Southampton,no,False,True,25.0,False,S,Southampton,False,Unknown,man,True,11,Grande (5+),Joven (16-34),4.256321678298823
326,1,1,female,36.0,0,0,135.6333,C,First,woman,False,C,Cherbourg,yes,True,False,36.0,False,C,Cherbourg,True,C,woman,False,1,Solo,Adulto (35-59),4.91730069488021
327,0,3,male,61.0,0,0,6.2375,S,Third,man,True,,Southampton,no,True,False,61.0,False,S,Southampton,False,Unknown,man,True,1,Solo,Mayor (60+),1.9792758428991135
328,1,2,female,36.0,0,0,13.0,S,Second,woman,False,D,Southampton,yes,True,False,36.0,False,S,Southampton,True,D,woman,False,1,Solo,Adulto (35-59),2.6390573296152584
329,1,3,female,31.0,1,1,20.525,S,Third,woman,False,,Southampton,yes,False,False,31.0,False,S,Southampton,False,Unknown,woman,False,3,Pequeña (2-4),Joven (16-34),3.0692150503137943
330,1,1,female,16.0,0,1,57.9792,C,First,woman,False,B,Cherbourg,yes,False,False,16.0,False,C,Cherbourg,True,B,woman,False,2,Pequeña (2-4),Joven (16-34),4.077184839375167
331,1,3,female,,2,0,23.25,Q,Third,woman,False,,Queenstown,yes,False,True,21.5,False,Q,Queenstown,False,Unknown,woman,False,3,Pequeña (2-4),Joven (16-34),3.188416617383492
332,0,1,male,45.5,0,0,28.5,S,First,man,True,C,Southampton,no,True,False,45.5,False,S,Southampton,True,C,man,True,1,Solo,Adulto (35-59),3.3843902633457743
333,0,1,male,38.0,0,1,153.4625,S,First,man,True,C,Southampton,no,False,False,38.0,False,S,Southampton,True,C,man,True,2,Pequeña (2-4),Adulto (35-59),5.039951348430309
334,0,3,male,16.0,2,0,18.0,S,Third,man,True,,Southampton,no,False,False,16.0,False,S,Southampton,False,Unknown,man,True,3,Pequeña (2-4),Joven (16-34),2.9444389791664403
335,1,1,female,,1,0,133.65,S,First,woman,False,,Southampton,yes,False,True,35.0,False,S,Southampton,False,Unknown,woman,False,2,Pequeña (2-4),Adulto (35-59),4.902678819257608
336,0,3,male,,0,0,7.8958,S,Third,man,True,,Southampton,no,True,True,25.0,False,S,Southampton,False,Unknown,man,True,1,Solo,Joven (16-34),2.1855792552411137
337,0,1,male,29.0,1,0,66.6,S,First,man,True,C,Southampton,no,False,False,29.0,False,S,Southampton,True,C,man,True,2,Pequeña (2-4),Joven (16-34),4.213607983048918
338,1,1,female,41.0,0,0,134.5,C,First,woman,False,E,Cherbourg,yes,True,False,41.0,False,C,Cherbourg,True,E,woman,False,1,Solo,Adulto (35-59),4.908971640319756
339,1,3,male,45.0,0,0,8.05,S,Third,man,True,,Southampton,yes,True,False,45.0,False,S,Southampton,False,Unknown,man,True,1,Solo,Adulto (35-59),2.2027647577118348
340,0,1,male,45.0,0,0,35.5,S,First,man,True,,Southampton,no,True,False,45.0,False,S,Southampton,False,Unknown,man,True,1,Solo,Adulto (35-59),3.597312260588446
341,1,2,male,2.0,1,1,26.0,S,Second,child,False,F,Southampton,yes,False,False,2.0,False,S,Southampton,True,F,child,False,3,Pequeña (2-4),Niño (<16),3.295836866004329
342,1,1,female,24.0,3,2,263.0,S,First,woman,False,C,Southampton,yes,False,False,24.0,False,S,Southampton,True,C,woman,False,6,Grande (5+),Joven (16-34),5.575949103146316
343,0,2,male,28.0,0,0,13.0,S,Second,man,True,,Southampton,no,True,False,28.0,False,S,Southampton,False,Unknown,man,True,1,Solo,Joven (16-34),2.6390573296152584
344,0,2,male,25.0,0,0,13.0,S,Second,man,True,,Southampton,no,True,False,25.0,False,S,Southampton,False,Unknown,man,True,1,Solo,Joven (16-34),2.6390573296152584
345,0,2,male,36.0,0,0,13.0,S,Second,man,True,,Southampton,no,True,False,36.0,False,S,Southampton,False,Unknown,man,True,1,Solo,Adulto (35-59),2.6390573296152584
346,1,2,female,24.0,0,0,13.0,S,Second,woman,False,F,Southampton,yes,True,False,24.0,False,S,Southampton,True,F,woman,False,1,Solo,Joven (16-34),2.6390573296152584
347,1,2,female,40.0,0,0,13.0,S,Second,woman,False,,Southampton,yes,True,False,40.0,False,S,Southampton,False,Unknown,woman,False,1,Solo,Adulto (35-59),2.6390573296152584
348,1,3,female,,1,0,16.1,S,Third,woman,False,,Southampton,yes,False,True,21.5,False,S,Southampton,False,Unknown,woman,False,2,Pequeña (2-4),Joven (16-34),2.8390784635086144
349,1,3,male,3.0,1,1,15.9,S,Third,child,False,,Southampton,yes,False,False,3.0,False,S,Southampton,False,Unknown,child,False,3,Pequeña (2-4),Niño (<16),2.8273136219290276
350,0,3,male,42.0,0,0,8.6625,S,Third,man,True,,Southampton,no,True,False,42.0,False,S,Southampton,False,Unknown,man,True,1,Solo,Adulto (35-59),2.2682524139135403
351,0,3,male,23.0,0,0,9.225,S,Third,man,True,,Southampton,no,True,False,23.0,False,S,Southampton,False,Unknown,man,True,1,Solo,Joven (16-34),2.3248357019288655
352,0,1,male,,0,0,35.0,S,First,man,True,C,Southampton,no,True,True,40.0,False,S,Southampton,True,C,man,True,1,Solo,Adulto (35-59),3.58351893845611
353,0,3,male,15.0,1,1,7.2292,C,Third,child,False,,Cherbourg,no,False,False,15.0,False,C,Cherbourg,False,Unknown,child,False,3,Pequeña (2-4),Niño (<16),2.1076888046179385
354,0,3,male,25.0,1,0,17.8,S,Third,man,True,,Southampton,no,False,False,25.0,False,S,Southampton,False,Unknown,man,True,2,Pequeña (2-4),Joven (16-34),2.9338568698359038
355,0,3,male,,0,0,7.225,C,Third,man,True,,Cherbourg,no,True,True,25.0,False,C,Cherbourg,False,Unknown,man,True,1,Solo,Joven (16-34),2.1071782966514356
356,0,3,male,28.0,0,0,9.5,S,Third,man,True,,Southampton,no,True,False,28.0,False,S,Southampton,False,Unknown,man,True,1,Solo,Joven (16-34),2.3513752571634776
357,1,1,female,22.0,0,1,55.0,S,First,woman,False,E,Southampton,yes,False,False,22.0,False,S,Southampton,True,E,woman,False,2,Pequeña (2-4),Joven (16-34),4.02535169073515
358,0,2,female,38.0,0,0,13.0,S,Second,woman,False,,Southampton,no,True,False,38.0,False,S,Southampton,False,Unknown,woman,False,1,Solo,Adulto (35-59),2.6390573296152584
359,1,3,female,,0,0,7.8792,Q,Third,woman,False,,Queenstown,yes,True,True,21.5,False,Q,Queenstown,False,Unknown,woman,False,1,Solo,Joven (16-34),2.1837114628556327
360,1,3,female,,0,0,7.8792,Q,Third,woman,False,,Queenstown,yes,True,True,21.5,False,Q,Queenstown,False,Unknown,woman,False,1,Solo,Joven (16-34),2.1837114628556327
361,0,3,male,40.0,1,4,27.9,S,Third,man,True,,Southampton,no,False,False,40.0,False,S,Southampton,False,Unknown,man,True,6,Grande (5+),Adulto (35-59),3.3638415951183864
362,0,2,male,29.0,1,0,27.7208,C,Second,man,True,,Cherbourg,no,False,False,29.0,False,C,Cherbourg,False,Unknown,man,True,2,Pequeña (2-4),Joven (16-34),3.357621598945279
363,0,3,female,45.0,0,1,14.4542,C,Third,woman,False,,Cherbourg,no,False,False,45.0,False,C,Cherbourg,False,Unknown,woman,False,2,Pequeña (2-4),Adulto (35-59),2.737880811060884
364,0,3,male,35.0,0,0,7.05,S,Third,man,True,,Southampton,no,True,False,35.0,False,S,Southampton,False,Unknown,man,True,1,Solo,Adulto (35-59),2.0856720914304723
365,0,3,male,,1,0,15.5,Q,Third,man,True,,Queenstown,no,False,True,25.0,False,Q,Queenstown,False,Unknown,man,True,2,Pequeña (2-4),Joven (16-34),2.803360380906535
366,0,3,male,30.0,0,0,7.25,S,Third,man,True,,Southampton,no,True,False,30.0,False,S,Southampton,False,Unknown,man,True,1,Solo,Joven (16-34),2.1102132003465894
367,1,1,female,60.0,1,0,75.25,C,First,woman,False,D,Cherbourg,yes,False,False,60.0,False,C,Cherbourg,True,D,woman,False,2,Pequeña (2-4),Mayor (60+),4.334017415487521
368,1,3,female,,0,0,7.2292,C,Third,woman,False,,Cherbourg,yes,True,True,21.5,False,C,Cherbourg,False,Unknown,woman,False,1,Solo,Joven (16-34),2.1076888046179385
369,1,3,female,,0,0,7.75,Q,Third,woman,False,,Queenstown,yes,True,True,21.5,False,Q,Queenstown,False,Unknown,woman,False,1,Solo,Joven (16-34),2.169053700369523
370,1,1,female,24.0,0,0,69.3,C,First,woman,False,B,Cherbourg,yes,True,False,24.0,False,C,Cherbourg,True,B,woman,False,1,Solo,Joven (16-34),4.252771798816619
371,1,1,male,25.0,1,0,55.4417,C,First,man,True,E,Cherbourg,yes,False,False,25.0,False,C,Cherbourg,True,E,man,True,2,Pequeña (2-4),Joven (16-34),4.0332082470129285
372,0,3,male,18.0,1,0,6.4958,S,Third,man,True,,Southampton,no,False,False,18.0,False,S,Southampton,False,Unknown,man,True,2,Pequeña (2-4),Joven (16-34),2.0143428636837015
373,0,3,male,19.0,0,0,8.05,S,Third,man,True,,Southampton,no,True,False,19.0,False,S,Southampton,False,Unknown,man,True,1,Solo,Joven (16-34),2.2027647577118348
374,0,1,male,22.0,0,0,135.6333,C,First,man,True,,Cherbourg,no,True,False,22.0,False,C,Cherbourg,False,Unknown,man,True,1,Solo,Joven (16-34),4.91730069488021
375,0,3,female,3.0,3,1,21.075,S,Third,child,False,,Southampton,no,False,False,3.0,False,S,Southampton,False,Unknown,child,False,5,Grande (5+),Niño (<16),3.0944457464900235
376,1,1,female,,1,0,82.1708,C,First,woman,False,,Cherbourg,yes,False,True,35.0,False,C,Cherbourg,False,Unknown,woman,False,2,Pequeña (2-4),Adulto (35-59),4.420896324687287
377,1,3,female,22.0,0,0,7.25,S,Third,woman,False,,Southampton,yes,True,False,22.0,False,S,Southampton,False,Unknown,woman,False,1,Solo,Joven (16-34),2.1102132003465894
378,0,1,male,27.0,0,2,211.5,C,First,man,True,C,Cherbourg,no,False,False,27.0,False,C,Cherbourg,True,C,man,True,3,Pequeña (2-4),Joven (16-34),5.358941988364472
379,0,3,male,20.0,0,0,4.0125,C,Third,man,True,,Cherbourg,no,True,False,20.0,False,C,Cherbourg,False,Unknown,man,True,1,Solo,Joven (16-34),1.6119347926326877
380,0,3,male,19.0,0,0,7.775,S,Third,man,True,,Southampton,no,True,False,19.0,False,S,Southampton,False,Unknown,man,True,1,Solo,Joven (16-34),2.1719067693519296
381,1,1,female,42.0,0,0,227.525,C,First,woman,False,,Cherbourg,yes,True,False,42.0,False,C,Cherbourg,False,Unknown,woman,False,1,Solo,Adulto (35-59),5.4316456135398825
382,1,3,female,1.0,0,2,15.7417,C,Third,child,False,,Cherbourg,yes,False,False,1.0,False,C,Cherbourg,False,Unknown,child,False,3,Pequeña (2-4),Niño (<16),2.817902613071225
383,0,3,male,32.0,0,0,7.925,S,Third,man,True,,Southampton,no,True,False,32.0,False,S,Southampton,False,Unknown,man,True,1,Solo,Joven (16-34),2.188856327665703
384,1,1,female,35.0,1,0,52.0,S,First,woman,False,,Southampton,yes,False,False,35.0,False,S,Southampton,False,Unknown,woman,False,2,Pequeña (2-4),Adulto (35-59),3.970291913552122
385,0,3,male,,0,0,7.8958,S,Third,man,True,,Southampton,no,True,True,25.0,False,S,Southampton,False,Unknown,man,True,1,Solo,Joven (16-34),2.1855792552411137
386,0,2,male,18.0,0,0,73.5,S,Second,man,True,,Southampton,no,True,False,18.0,False,S,Southampton,False,Unknown,man,True,1,Solo,Joven (16-34),4.310799125385514
387,0,3,male,1.0,5,2,46.9,S,Third,child,False,,Southampton,no,False,False,1.0,False,S,Southampton,False,Unknown,child,False,8,Grande (5+),Niño (<16),3.8691155044168695
388,1,2,female,36.0,0,0,13.0,S,Second,woman,False,,Southampton,yes,True,False,36.0,False,S,Southampton,False,Unknown,woman,False,1,Solo,Adulto (35-59),2.6390573296152584
389,0,3,male,,0,0,7.7292,Q,Third,man,True,,Queenstown,no,True,True,25.0,False,Q,Queenstown,False,Unknown,man,True,1,Solo,Joven (16-34),2.1666737276227077
390,1,2,female,17.0,0,0,12.0,C,Second,woman,False,,Cherbourg,yes,True,False,17.0,False,C,Cherbourg,False,Unknown,woman,False,1,Solo,Joven (16-34),2.5649493574615367
391,1,1,male,36.0,1,2,120.0,S,First,man,True,B,Southampton,yes,False,False,36.0,False,S,Southampton,True,B,man,True,4,Pequeña (2-4),Adulto (35-59),4.795790545596741
392,1,3,male,21.0,0,0,7.7958,S,Third,man,True,,Southampton,yes,True,False,21.0,False,S,Southampton,False,Unknown,man,True,1,Solo,Joven (16-34),2.174274334826008
393,0,3,male,28.0,2,0,7.925,S,Third,man,True,,Southampton,no,False,False,28.0,False,S,Southampton,False,Unknown,man,True,3,Pequeña (2-4),Joven (16-34),2.188856327665703
394,1,1,female,23.0,1,0,113.275,C,First,woman,False,D,Cherbourg,yes,False,False,23.0,False,C,Cherbourg,True,D,woman,False,2,Pequeña (2-4),Joven (16-34),4.738607824217808
395,1,3,female,24.0,0,2,16.7,S,Third,woman,False,G,Southampton,yes,False,False,24.0,False,S,Southampton,True,G,woman,False,3,Pequeña (2-4),Joven (16-34),2.8735646395797834
396,0,3,male,22.0,0,0,7.7958,S,Third,man,True,,Southampton,no,True,False,22.0,False,S,Southampton,False,Unknown,man,True,1,Solo,Joven (16-34),2.174274334826008
397,0,3,female,31.0,0,0,7.8542,S,Third,woman,False,,Southampton,no,True,False,31.0,False,S,Southampton,False,Unknown,woman,False,1,Solo,Joven (16-34),2.180891922715322
398,0,2,male,46.0,0,0,26.0,S,Second,man,True,,Southampton,no,True,False,46.0,False,S,Southampton,False,Unknown,man,True,1,Solo,Adulto (35-59),3.295836866004329
399,0,2,male,23.0,0,0,10.5,S,Second,man,True,,Southampton,no,True,False,23.0,False,S,Southampton,False,Unknown,man,True,1,Solo,Joven (16-34),2.4423470353692043
400,1,2,female,28.0,0,0,12.65,S,Second,woman,False,,Southampton,yes,True,False,28.0,False,S,Southampton,False,Unknown,woman,False,1,Solo,Joven (16-34),2.613739521630969
401,1,3,male,39.0,0,0,7.925,S,Third,man,True,,Southampton,yes,True,False,39.0,False,S,Southampton,False,Unknown,man,True,1,Solo,Adulto (35-59),2.188856327665703
402,0,3,male,26.0,0,0,8.05,S,Third,man,True,,Southampton,no,True,False,26.0,False,S,Southampton,False,Unknown,man,True,1,Solo,Joven (16-34),2.2027647577118348
403,0,3,female,21.0,1,0,9.825,S,Third,woman,False,,Southampton,no,False,False,21.0,False,S,Southampton,False,Unknown,woman,False,2,Pequeña (2-4),Joven (16-34),2.3818582738885534
404,0,3,male,28.0,1,0,15.85,S,Third,man,True,,Southampton,no,False,False,28.0,False,S,Southampton,False,Unknown,man,True,2,Pequeña (2-4),Joven (16-34),2.8243506567983707
405,0,3,female,20.0,0,0,8.6625,S,Third,woman,False,,Southampton,no,True,False,20.0,False,S,Southampton,False,Unknown,woman,False,1,Solo,Joven (16-34),2.2682524139135403
406,0,2,male,34.0,1,0,21.0,S,Second,man,True,,Southampton,no,False,False,34.0,False,S,Southampton,False,Unknown,man,True,2,Pequeña (2-4),Joven (16-34),3.091042453358316
407,0,3,male,51.0,0,0,7.75,S,Third,man,True,,Southampton,no,True,False,51.0,False,S,Southampton,False,Unknown,man,True,1,Solo,Adulto (35-59),2.169053700369523
408,1,2,male,3.0,1,1,18.75,S,Second,child,False,,Southampton,yes,False,False,3.0,False,S,Southampton,False,Unknown,child,False,3,Pequeña (2-4),Niño (<16),2.9831534913471307
409,0,3,male,21.0,0,0,7.775,S,Third,man,True,,Southampton,no,True,False,21.0,False,S,Southampton,False,Unknown,man,True,1,Solo,Joven (16-34),2.1719067693519296
410,0,3,female,,3,1,25.4667,S,Third,woman,False,,Southampton,no,False,True,21.5,False,S,Southampton,False,Unknown,woman,False,5,Grande (5+),Joven (16-34),3.275887339030031
411,0,3,male,,0,0,7.8958,S,Third,man,True,,Southampton,no,True,True,25.0,False,S,Southampton,False,Unknown,man,True,1,Solo,Joven (16-34),2.1855792552411137
412,0,3,male,,0,0,6.8583,Q,Third,man,True,,Queenstown,no,True,True,25.0,False,Q,Queenstown,False,Unknown,man,True,1,Solo,Joven (16-34),2.061570298060867
413,1,1,female,33.0,1,0,90.0,Q,First,woman,False,C,Queenstown,yes,False,False,33.0,False,Q,Queenstown,True,C,woman,False,2,Pequeña (2-4),Joven (16-34),4.51085950651685
414,0,2,male,,0,0,0.0,S,Second,man,True,,Southampton,no,True,True,30.0,False,S,Southampton,False,Unknown,man,True,1,Solo,Joven (16-34),0.0
415,1,3,male,44.0,0,0,7.925,S,Third,man,True,,Southampton,yes,True,False,44.0,False,S,Southampton,False,Unknown,man,True,1,Solo,Adulto (35-59),2.188856327665703
416,0,3,female,,0,0,8.05,S,Third,woman,False,,Southampton,no,True,True,21.5,False,S,Southampton,False,Unknown,woman,False,1,Solo,Joven (16-34),2.2027647577118348
417,1,2,female,34.0,1,1,32.5,S,Second,woman,False,,Southampton,yes,False,False,34.0,False,S,Southampton,False,Unknown,woman,False,3,Pequeña (2-4),Joven (16-34),3.5115454388310208
418,1,2,female,18.0,0,2,13.0,S,Second,woman,False,,Southampton,yes,False,False,18.0,False,S,Southampton,False,Unknown,woman,False,3,Pequeña (2-4),Joven (16-34),2.6390573296152584
419,0,2,male,30.0,0,0,13.0,S,Second,man,True,,Southampton,no,True,False,30.0,False,S,Southampton,False,Unknown,man,True,1,Solo,Joven (16-34),2.6390573296152584
420,0,3,female,10.0,0,2,24.15,S,Third,child,False,,Southampton,no,False,False,10.0,False,S,Southampton,False,Unknown,child,False,3,Pequeña (2-4),Niño (<16),3.224857896545748
421,0,3,male,,0,0,7.8958,C,Third,man,True,,Cherbourg,no,True,True,25.0,False,C,Cherbourg,False,Unknown,man,True,1,Solo,Joven (16-34),2.1855792552411137
422,0,3,male,21.0,0,0,7.7333,Q,Third,man,True,,Queenstown,no,True,False,21.0,False,Q,Queenstown,False,Unknown,man,True,1,Solo,Joven (16-34),2.167143305297764
423,0,3,male,29.0,0,0,7.875,S,Third,man,True,,Southampton,no,True,False,29.0,False,S,Southampton,False,Unknown,man,True,1,Solo,Joven (16-34),2.1832383353614797
424,0,3,female,28.0,1,1,14.4,S,Third,woman,False,,Southampton,no,False,False,28.0,False,S,Southampton,False,Unknown,woman,False,3,Pequeña (2-4),Joven (16-34),2.7343675094195836
425,0,3,male,18.0,1,1,20.2125,S,Third,man,True,,Southampton,no,False,False,18.0,False,S,Southampton,False,Unknown,man,True,3,Pequeña (2-4),Joven (16-34),3.0545906305603445
426,0,3,male,,0,0,7.25,S,Third,man,True,,Southampton,no,True,True,25.0,False,S,Southampton,False,Unknown,man,True,1,Solo,Joven (16-34),2.1102132003465894
427,1,2,female,28.0,1,0,26.0,S,Second,woman,False,,Southampton,yes,False,False,28.0,False,S,Southampton,False,Unknown,woman,False,2,Pequeña (2-4),Joven (16-34),3.295836866004329
428,1,2,female,19.0,0,0,26.0,S,Second,woman,False,,Southampton,yes,True,False,19.0,False,S,Southampton,False,Unknown,woman,False,1,Solo,Joven (16-34),3.295836866004329
429,0,3,male,,0,0,7.75,Q,Third,man,True,,Queenstown,no,True,True,25.0,False,Q,Queenstown,False,Unknown,man,True,1,Solo,Joven (16-34),2.169053700369523
430,1,3,male,32.0,0,0,8.05,S,Third,man,True,E,Southampton,yes,True,False,32.0,False,S,Southampton,True,E,man,True,1,Solo,Joven (16-34),2.2027647577118348
431,1,1,male,28.0,0,0,26.55,S,First,man,True,C,Southampton,yes,True,False,28.0,False,S,Southampton,True,C,man,True,1,Solo,Joven (16-34),3.3160025355989236
432,1,3,female,,1,0,16.1,S,Third,woman,False,,Southampton,yes,False,True,21.5,False,S,Southampton,False,Unknown,woman,False,2,Pequeña (2-4),Joven (16-34),2.8390784635086144
433,1,2,female,42.0,1,0,26.0,S,Second,woman,False,,Southampton,yes,False,False,42.0,False,S,Southampton,False,Unknown,woman,False,2,Pequeña (2-4),Adulto (35-59),3.295836866004329
434,0,3,male,17.0,0,0,7.125,S,Third,man,True,,Southampton,no,True,False,17.0,False,S,Southampton,False,Unknown,man,True,1,Solo,Joven (16-34),2.094945728215801
435,0,1,male,50.0,1,0,55.9,S,First,man,True,E,Southampton,no,False,False,50.0,False,S,Southampton,True,E,man,True,2,Pequeña (2-4),Adulto (35-59),4.041295341132285
436,1,1,female,14.0,1,2,120.0,S,First,child,False,B,Southampton,yes,False,False,14.0,False,S,Southampton,True,B,child,False,4,Pequeña (2-4),Niño (<16),4.795790545596741
437,0,3,female,21.0,2,2,34.375,S,Third,woman,False,,Southampton,no,False,False,21.0,False,S,Southampton,False,Unknown,woman,False,5,Grande (5+),Joven (16-34),3.5660053559634015
438,1,2,female,24.0,2,3,18.75,S,Second,woman,False,,Southampton,yes,False,False,24.0,False,S,Southampton,False,Unknown,woman,False,6,Grande (5+),Joven (16-34),2.9831534913471307
439,0,1,male,64.0,1,4,263.0,S,First,man,True,C,Southampton,no,False,False,64.0,False,S,Southampton,True,C,man,True,6,Grande (5+),Mayor (60+),5.575949103146316
440,0,2,male,31.0,0,0,10.5,S,Second,man,True,,Southampton,no,True,False,31.0,False,S,Southampton,False,Unknown,man,True,1,Solo,Joven (16-34),2.4423470353692043
441,1,2,female,45.0,1,1,26.25,S,Second,woman,False,,Southampton,yes,False,False,45.0,False,S,Southampton,False,Unknown,woman,False,3,Pequeña (2-4),Adulto (35-59),3.305053521109253
442,0,3,male,20.0,0,0,9.5,S,Third,man,True,,Southampton,no,True,False,20.0,False,S,Southampton,False,Unknown,man,True,1,Solo,Joven (16-34),2.3513752571634776
443,0,3,male,25.0,1,0,7.775,S,Third,man,True,,Southampton,no,False,False,25.0,False,S,Southampton,False,Unknown,man,True,2,Pequeña (2-4),Joven (16-34),2.1719067693519296
444,1,2,female,28.0,0,0,13.0,S,Second,woman,False,,Southampton,yes,True,False,28.0,False,S,Southampton,False,Unknown,woman,False,1,Solo,Joven (16-34),2.6390573296152584
445,1,3,male,,0,0,8.1125,S,Third,man,True,,Southampton,yes,True,True,25.0,False,S,Southampton,False,Unknown,man,True,1,Solo,Joven (16-34),2.2096470973347766
446,1,1,male,4.0,0,2,81.8583,S,First,child,False,A,Southampton,yes,False,False,4.0,False,S,Southampton,True,A,child,False,3,Pequeña (2-4),Niño (<16),4.417131919904876
447,1,2,female,13.0,0,1,19.5,S,Second,child,False,,Southampton,yes,False,False,13.0,False,S,Southampton,False,Unknown,child,False,2,Pequeña (2-4),Niño (<16),3.0204248861443626
448,1,1,male,34.0,0,0,26.55,S,First,man,True,,Southampton,yes,True,False,34.0,False,S,Southampton,False,Unknown,man,True,1,Solo,Joven (16-34),3.3160025355989236
449,1,3,female,5.0,2,1,19.2583,C,Third,child,False,,Cherbourg,yes,False,False,5.0,False,C,Cherbourg,False,Unknown,child,False,4,Pequeña (2-4),Niño (<16),3.0085645861193133
450,1,1,male,52.0,0,0,30.5,S,First,man,True,C,Southampton,yes,True,False,52.0,False,S,Southampton,True,C,man,True,1,Solo,Adulto (35-59),3.449987545831587
451,0,2,male,36.0,1,2,27.75,S,Second,man,True,,Southampton,no,False,False,36.0,False,S,Southampton,False,Unknown,man,True,4,Pequeña (2-4),Adulto (35-59),3.3586377672433594
452,0,3,male,,1,0,19.9667,S,Third,man,True,,Southampton,no,False,True,25.0,False,S,Southampton,False,Unknown,man,True,2,Pequeña (2-4),Joven (16-34),3.0429354648621407
453,0,1,male,30.0,0,0,27.75,C,First,man,True,C,Cherbourg,no,True,False,30.0,False,C,Cherbourg,True,C,man,True,1,Solo,Joven (16-34),3.3586377672433594
454,1,1,male,49.0,1,0,89.1042,C,First,man,True,C,Cherbourg,yes,False,False,49.0,False,C,Cherbourg,True,C,man,True,2,Pequeña (2-4),Adulto (35-59),4.500966778400217
455,0,3,male,,0,0,8.05,S,Third,man,True,,Southampton,no,True,True,25.0,False,S,Southampton,False,Unknown,man,True,1,Solo,Joven (16-34),2.2027647577118348
456,1,3,male,29.0,0,0,7.8958,C,Third,man,True,,Cherbourg,yes,True,False,29.0,False,C,Cherbourg,False,Unknown,man,True,1,Solo,Joven (16-34),2.1855792552411137
457,0,1,male,65.0,0,0,26.55,S,First,man,True,E,Southampton,no,True,False,65.0,False,S,Southampton,True,E,man,True,1,Solo,Mayor (60+),3.3160025355989236
458,1,1,female,,1,0,51.8625,S,First,woman,False,D,Southampton,yes,False,True,35.0,False,S,Southampton,True,D,woman,False,2,Pequeña (2-4),Adulto (35-59),3.967694202798607
459,1,2,female,50.0,0,0,10.5,S,Second,woman,False,,Southampton,yes,True,False,50.0,False,S,Southampton,False,Unknown,woman,False,1,Solo,Adulto (35-59),2.4423470353692043
460,0,3,male,,0,0,7.75,Q,Third,man,True,,Queenstown,no,True,True,25.0,False,Q,Queenstown,False,Unknown,man,True,1,Solo,Joven (16-34),2.169053700369523
461,1,1,male,48.0,0,0,26.55,S,First,man,True,E,Southampton,yes,True,False,48.0,False,S,Southampton,True,E,man,True,1,Solo,Adulto (35-59),3.3160025355989236
462,0,3,male,34.0,0,0,8.05,S,Third,man,True,,Southampton,no,True,False,34.0,False,S,Southampton,False,Unknown,man,True,1,Solo,Joven (16-34),2.2027647577118348
463,0,1,male,47.0,0,0,38.5,S,First,man,True,E,Southampton,no,True,False,47.0,False,S,Southampton,True,E,man,True,1,Solo,Adulto (35-59),3.676300671907076
464,0,2,male,48.0,0,0,13.0,S,Second,man,True,,Southampton,no,True,False,48.0,False,S,Southampton,False,Unknown,man,True,1,Solo,Adulto (35-59),2.6390573296152584
465,0,3,male,,0,0,8.05,S,Third,man,True,,Southampton,no,True,True,25.0,False,S,Southampton,False,Unknown,man,True,1,Solo,Joven (16-34),2.2027647577118348
466,0,3,male,38.0,0,0,7.05,S,Third,man,True,,Southampton,no,True,False,38.0,False,S,Southampton,False,Unknown,man,True,1,Solo,Adulto (35-59),2.0856720914304723
467,0,2,male,,0,0,0.0,S,Second,man,True,,Southampton,no,True,True,30.0,False,S,Southampton,False,Unknown,man,True,1,Solo,Joven (16-34),0.0
468,0,1,male,56.0,0,0,26.55,S,First,man,True,,Southampton,no,True,False,56.0,False,S,Southampton,False,Unknown,man,True,1,Solo,Adulto (35-59),3.3160025355989236
469,0,3,male,,0,0,7.725,Q,Third,man,True,,Queenstown,no,True,True,25.0,False,Q,Queenstown,False,Unknown,man,True,1,Solo,Joven (16-34),2.1661924680884908
470,1,3,female,0.75,2,1,19.2583,C,Third,child,False,,Cherbourg,yes,False,False,0.75,False,C,Cherbourg,False,Unknown,child,False,4,Pequeña (2-4),Niño (<16),3.0085645861193133
471,0,3,male,,0,0,7.25,S,Third,man,True,,Southampton,no,True,True,25.0,False,S,Southampton,False,Unknown,man,True,1,Solo,Joven (16-34),2.1102132003465894
472,0,3,male,38.0,0,0,8.6625,S,Third,man,True,,Southampton,no,True,False,38.0,False,S,Southampton,False,Unknown,man,True,1,Solo,Adulto (35-59),2.2682524139135403
473,1,2,female,33.0,1,2,27.75,S,Second,woman,False,,Southampton,yes,False,False,33.0,False,S,Southampton,False,Unknown,woman,False,4,Pequeña (2-4),Joven (16-34),3.3586377672433594
474,1,2,female,23.0,0,0,13.7917,C,Second,woman,False,D,Cherbourg,yes,True,False,23.0,False,C,Cherbourg,True,D,woman,False,1,Solo,Joven (16-34),2.694066212646058
475,0,3,female,22.0,0,0,9.8375,S,Third,woman,False,,Southampton,no,True,False,22.0,False,S,Southampton,False,Unknown,woman,False,1,Solo,Joven (16-34),2.3830123421066602
476,0,1,male,,0,0,52.0,S,First,man,True,A,Southampton,no,True,True,40.0,False,S,Southampton,True,A,man,True,1,Solo,Adulto (35-59),3.970291913552122
477,0,2,male,34.0,1,0,21.0,S,Second,man,True,,Southampton,no,False,False,34.0,False,S,Southampton,False,Unknown,man,True,2,Pequeña (2-4),Joven (16-34),3.091042453358316
478,0,3,male,29.0,1,0,7.0458,S,Third,man,True,,Southampton,no,False,False,29.0,False,S,Southampton,False,Unknown,man,True,2,Pequeña (2-4),Joven (16-34),2.0851502161468174
479,0,3,male,22.0,0,0,7.5208,S,Third,man,True,,Southampton,no,True,False,22.0,False,S,Southampton,False,Unknown,man,True,1,Solo,Joven (16-34),2.142510233146819
480,1,3,female,2.0,0,1,12.2875,S,Third,child,False,,Southampton,yes,False,False,2.0,False,S,Southampton,False,Unknown,child,False,2,Pequeña (2-4),Niño (<16),2.586823743668066
481,0,3,male,9.0,5,2,46.9,S,Third,child,False,,Southampton,no,False,False,9.0,False,S,Southampton,False,Unknown,child,False,8,Grande (5+),Niño (<16),3.8691155044168695
482,0,2,male,,0,0,0.0,S,Second,man,True,,Southampton,no,True,True,30.0,False,S,Southampton,False,Unknown,man,True,1,Solo,Joven (16-34),0.0
483,0,3,male,50.0,0,0,8.05,S,Third,man,True,,Southampton,no,True,False,50.0,False,S,Southampton,False,Unknown,man,True,1,Solo,Adulto (35-59),2.2027647577118348
484,1,3,female,63.0,0,0,9.5875,S,Third,woman,False,,Southampton,yes,True,False,63.0,False,S,Southampton,False,Unknown,woman,False,1,Solo,Mayor (60+),2.3596740599781727
485,1,1,male,25.0,1,0,91.0792,C,First,man,True,B,Cherbourg,yes,False,False,25.0,False,C,Cherbourg,True,B,man,True,2,Pequeña (2-4),Joven (16-34),4.5226490762785785
486,0,3,female,,3,1,25.4667,S,Third,woman,False,,Southampton,no,False,True,21.5,False,S,Southampton,False,Unknown,woman,False,5,Grande (5+),Joven (16-34),3.275887339030031
487,1,1,female,35.0,1,0,90.0,S,First,woman,False,C,Southampton,yes,False,False,35.0,False,S,Southampton,True,C,woman,False,2,Pequeña (2-4),Adulto (35-59),4.51085950651685
488,0,1,male,58.0,0,0,29.7,C,First,man,True,B,Cherbourg,no,True,False,58.0,False,C,Cherbourg,True,B,man,True,1,Solo,Adulto (35-59),3.4242626545931514
489,0,3,male,30.0,0,0,8.05,S,Third,man,True,,Southampton,no,True,False,30.0,False,S,Southampton,False,Unknown,man,True,1,Solo,Joven (16-34),2.2027647577118348
490,1,3,male,9.0,1,1,15.9,S,Third,child,False,,Southampton,yes,False,False,9.0,False,S,Southampton,False,Unknown,child,False,3,Pequeña (2-4),Niño (<16),2.8273136219290276
491,0,3,male,,1,0,19.9667,S,Third,man,True,,Southampton,no,False,True,25.0,False,S,Southampton,False,Unknown,man,True,2,Pequeña (2-4),Joven (16-34),3.0429354648621407
492,0,3,male,21.0,0,0,7.25,S,Third,man,True,,Southampton,no,True,False,21.0,False,S,Southampton,False,Unknown,man,True,1,Solo,Joven (16-34),2.1102132003465894
493,0,1,male,55.0,0,0,30.5,S,First,man,True,C,Southampton,no,True,False,55.0,False,S,Southampton,True,C,man,True,1,Solo,Adulto (35-59),3.449987545831587
494,0,1,male,71.0,0,0,49.5042,C,First,man,True,,Cherbourg,no,True,False,71.0,False,C,Cherbourg,False,Unknown,man,True,1,Solo,Mayor (60+),3.922056501139853
495,0,3,male,21.0,0,0,8.05,S,Third,man,True,,Southampton,no,True,False,21.0,False,S,Southampton,False,Unknown,man,True,1,Solo,Joven (16-34),2.2027647577118348
496,0,3,male,,0,0,14.4583,C,Third,man,True,,Cherbourg,no,True,True,25.0,False,C,Cherbourg,False,Unknown,man,True,1,Solo,Joven (16-34),2.738146075922933
497,1,1,female,54.0,1,0,78.2667,C,First,woman,False,D,Cherbourg,yes,False,False,54.0,False,C,Cherbourg,True,D,woman,False,2,Pequeña (2-4),Adulto (35-59),4.37281811610993
498,0,3,male,,0,0,15.1,S,Third,man,True,,Southampton,no,True,True,25.0,False,S,Southampton,False,Unknown,man,True,1,Solo,Joven (16-34),2.7788192719904172
499,0,1,female,25.0,1,2,151.55,S,First,woman,False,C,Southampton,no,False,False,25.0,False,S,Southampton,True,C,woman,False,4,Pequeña (2-4),Joven (16-34),5.027492411162679
500,0,3,male,24.0,0,0,7.7958,S,Third,man,True,,Southampton,no,True,False,24.0,False,S,Southampton,False,Unknown,man,True,1,Solo,Joven (16-34),2.174274334826008
501,0,3,male,17.0,0,0,8.6625,S,Third,man,True,,Southampton,no,True,False,17.0,False,S,Southampton,False,Unknown,man,True,1,Solo,Joven (16-34),2.2682524139135403
502,0,3,female,21.0,0,0,7.75,Q,Third,woman,False,,Queenstown,no,True,False,21.0,False,Q,Queenstown,False,Unknown,woman,False,1,Solo,Joven (16-34),2.169053700369523
503,0,3,female,,0,0,7.6292,Q,Third,woman,False,,Queenstown,no,True,True,21.5,False,Q,Queenstown,False,Unknown,woman,False,1,Solo,Joven (16-34),2.155151800914312
504,0,3,female,37.0,0,0,9.5875,S,Third,woman,False,,Southampton,no,True,False,37.0,False,S,Southampton,False,Unknown,woman,False,1,Solo,Adulto (35-59),2.3596740599781727
505,1,1,female,16.0,0,0,86.5,S,First,woman,False,B,Southampton,yes,True,False,16.0,False,S,Southampton,True,B,woman,False,1,Solo,Joven (16-34),4.471638793363569
506,0,1,male,18.0,1,0,108.9,C,First,man,True,C,Cherbourg,no,False,False,18.0,False,C,Cherbourg,True,C,man,True,2,Pequeña (2-4),Joven (16-34),4.699570861409576
507,1,2,female,33.0,0,2,26.0,S,Second,woman,False,,Southampton,yes,False,False,33.0,False,S,Southampton,False,Unknown,woman,False,3,Pequeña (2-4),Joven (16-34),3.295836866004329
508,1,1,male,,0,0,26.55,S,First,man,True,,Southampton,yes,True,True,40.0,False,S,Southampton,False,Unknown,man,True,1,Solo,Adulto (35-59),3.3160025355989236
509,0,3,male,28.0,0,0,22.525,S,Third,man,True,,Southampton,no,True,False,28.0,False,S,Southampton,False,Unknown,man,True,1,Solo,Joven (16-34),3.1580636854714434
510,1,3,male,26.0,0,0,56.4958,S,Third,man,True,,Southampton,yes,True,False,26.0,False,S,Southampton,False,Unknown,man,True,1,Solo,Joven (16-34),4.05171190165724
511,1,3,male,29.0,0,0,7.75,Q,Third,man,True,,Queenstown,yes,True,False,29.0,False,Q,Queenstown,False,Unknown,man,True,1,Solo,Joven (16-34),2.169053700369523
512,0,3,male,,0,0,8.05,S,Third,man,True,,Southampton,no,True,True,25.0,False,S,Southampton,False,Unknown,man,True,1,Solo,Joven (16-34),2.2027647577118348
513,1,1,male,36.0,0,0,26.2875,S,First,man,True,E,Southampton,yes,True,False,36.0,False,S,Southampton,True,E,man,True,1,Solo,Adulto (35-59),3.3064287218760624
514,1,1,female,54.0,1,0,59.4,C,First,woman,False,,Cherbourg,yes,False,False,54.0,False,C,Cherbourg,False,Unknown,woman,False,2,Pequeña (2-4),Adulto (35-59),4.100989104940769
515,0,3,male,24.0,0,0,7.4958,S,Third,man,True,,Southampton,no,True,False,24.0,False,S,Southampton,False,Unknown,man,True,1,Solo,Joven (16-34),2.139571923732859
516,0,1,male,47.0,0,0,34.0208,S,First,man,True,D,Southampton,no,True,False,47.0,False,S,Southampton,True,D,man,True,1,Solo,Adulto (35-59),3.5559421706858756
517,1,2,female,34.0,0,0,10.5,S,Second,woman,False,F,Southampton,yes,True,False,34.0,False,S,Southampton,True,F,woman,False,1,Solo,Joven (16-34),2.4423470353692043
518,0,3,male,,0,0,24.15,Q,Third,man,True,,Queenstown,no,True,True,25.0,False,Q,Queenstown,False,Unknown,man,True,1,Solo,Joven (16-34),3.224857896545748
519,1,2,female,36.0,1,0,26.0,S,Second,woman,False,,Southampton,yes,False,False,36.0,False,S,Southampton,False,Unknown,woman,False,2,Pequeña (2-4),Adulto (35-59),3.295836866004329
520,0,3,male,32.0,0,0,7.8958,S,Third,man,True,,Southampton,no,True,False,32.0,False,S,Southampton,False,Unknown,man,True,1,Solo,Joven (16-34),2.1855792552411137
521,1,1,female,30.0,0,0,93.5,S,First,woman,False,B,Southampton,yes,True,False,30.0,False,S,Southampton,True,B,woman,False,1,Solo,Joven (16-34),4.548599834499697
522,0,3,male,22.0,0,0,7.8958,S,Third,man,True,,Southampton,no,True,False,22.0,False,S,Southampton,False,Unknown,man,True,1,Solo,Joven (16-34),2.1855792552411137
523,0,3,male,,0,0,7.225,C,Third,man,True,,Cherbourg,no,True,True,25.0,False,C,Cherbourg,False,Unknown,man,True,1,Solo,Joven (16-34),2.1071782966514356
524,1,1,female,44.0,0,1,57.9792,C,First,woman,False,B,Cherbourg,yes,False,False,44.0,False,C,Cherbourg,True,B,woman,False,2,Pequeña (2-4),Adulto (35-59),4.077184839375167
525,0,3,male,,0,0,7.2292,C,Third,man,True,,Cherbourg,no,True,True,25.0,False,C,Cherbourg,False,Unknown,man,True,1,Solo,Joven (16-34),2.1076888046179385
526,0,3,male,40.5,0,0,7.75,Q,Third,man,True,,Queenstown,no,True,False,40.5,False,Q,Queenstown,False,Unknown,man,True,1,Solo,Adulto (35-59),2.169053700369523
527,1,2,female,50.0,0,0,10.5,S,Second,woman,False,,Southampton,yes,True,False,50.0,False,S,Southampton,False,Unknown,woman,False,1,Solo,Adulto (35-59),2.4423470353692043
528,0,1,male,,0,0,221.7792,S,First,man,True,C,Southampton,no,True,True,40.0,False,S,Southampton,True,C,man,True,1,Solo,Adulto (35-59),5.406181146423973
529,0,3,male,39.0,0,0,7.925,S,Third,man,True,,Southampton,no,True,False,39.0,False,S,Southampton,False,Unknown,man,True,1,Solo,Adulto (35-59),2.188856327665703
530,0,2,male,23.0,2,1,11.5,S,Second,man,True,,Southampton,no,False,False,23.0,False,S,Southampton,False,Unknown,man,True,4,Pequeña (2-4),Joven (16-34),2.5257286443082556
531,1,2,female,2.0,1,1,26.0,S,Second,child,False,,Southampton,yes,False,False,2.0,False,S,Southampton,False,Unknown,child,False,3,Pequeña (2-4),Niño (<16),3.295836866004329
532,0,3,male,,0,0,7.2292,C,Third,man,True,,Cherbourg,no,True,True,25.0,False,C,Cherbourg,False,Unknown,man,True,1,Solo,Joven (16-34),2.1076888046179385
533,0,3,male,17.0,1,1,7.2292,C,Third,man,True,,Cherbourg,no,False,False,17.0,False,C,Cherbourg,False,Unknown,man,True,3,Pequeña (2-4),Joven (16-34),2.1076888046179385
534,1,3,female,,0,2,22.3583,C,Third,woman,False,,Cherbourg,yes,False,True,21.5,False,C,Cherbourg,False,Unknown,woman,False,3,Pequeña (2-4),Joven (16-34),3.1509523813392697
535,0,3,female,30.0,0,0,8.6625,S,Third,woman,False,,Southampton,no,True,False,30.0,False,S,Southampton,False,Unknown,woman,False,1,Solo,Joven (16-34),2.2682524139135403
536,1,2,female,7.0,0,2,26.25,S,Second,child,False,,Southampton,yes,False,False,7.0,False,S,Southampton,False,Unknown,child,False,3,Pequeña (2-4),Niño (<16),3.305053521109253
537,0,1,male,45.0,0,0,26.55,S,First,man,True,B,Southampton,no,True,False,45.0,False,S,Southampton,True,B,man,True,1,Solo,Adulto (35-59),3.3160025355989236
538,1,1,female,30.0,0,0,106.425,C,First,woman,False,,Cherbourg,yes,True,False,30.0,False,C,Cherbourg,False,Unknown,woman,False,1,Solo,Joven (16-34),4.676792929661059
539,0,3,male,,0,0,14.5,S,Third,man,True,,Southampton,no,True,True,25.0,False,S,Southampton,False,Unknown,man,True,1,Solo,Joven (16-34),2.740840023925201
540,1,1,female,22.0,0,2,49.5,C,First,woman,False,B,Cherbourg,yes,False,False,22.0,False,C,Cherbourg,True,B,woman,False,3,Pequeña (2-4),Joven (16-34),3.9219733362813143
541,1,1,female,36.0,0,2,71.0,S,First,woman,False,B,Southampton,yes,False,False,36.0,False,S,Southampton,True,B,woman,False,3,Pequeña (2-4),Adulto (35-59),4.276666119016055
542,0,3,female,9.0,4,2,31.275,S,Third,child,False,,Southampton,no,False,False,9.0,False,S,Southampton,False,Unknown,child,False,7,Grande (5+),Niño (<16),3.4742929367327062
543,0,3,female,11.0,4,2,31.275,S,Third,child,False,,Southampton,no,False,False,11.0,False,S,Southampton,False,Unknown,child,False,7,Grande (5+),Niño (<16),3.4742929367327062
544,1,2,male,32.0,1,0,26.0,S,Second,man,True,,Southampton,yes,False,False,32.0,False,S,Southampton,False,Unknown,man,True,2,Pequeña (2-4),Joven (16-34),3.295836866004329
545,0,1,male,50.0,1,0,106.425,C,First,man,True,C,Cherbourg,no,False,False,50.0,False,C,Cherbourg,True,C,man,True,2,Pequeña (2-4),Adulto (35-59),4.676792929661059
546,0,1,male,64.0,0,0,26.0,S,First,man,True,,Southampton,no,True,False,64.0,False,S,Southampton,False,Unknown,man,True,1,Solo,Mayor (60+),3.295836866004329
547,1,2,female,19.0,1,0,26.0,S,Second,woman,False,,Southampton,yes,False,False,19.0,False,S,Southampton,False,Unknown,woman,False,2,Pequeña (2-4),Joven (16-34),3.295836866004329
548,1,2,male,,0,0,13.8625,C,Second,man,True,,Cherbourg,yes,True,True,30.0,False,C,Cherbourg,False,Unknown,man,True,1,Solo,Joven (16-34),2.6988412620169004
549,0,3,male,33.0,1,1,20.525,S,Third,man,True,,Southampton,no,False,False,33.0,False,S,Southampton,False,Unknown,man,True,3,Pequeña (2-4),Joven (16-34),3.0692150503137943
550,1,2,male,8.0,1,1,36.75,S,Second,child,False,,Southampton,yes,False,False,8.0,False,S,Southampton,False,Unknown,child,False,3,Pequeña (2-4),Niño (<16),3.6309854756950335
551,1,1,male,17.0,0,2,110.8833,C,First,man,True,C,Cherbourg,yes,False,False,17.0,False,C,Cherbourg,True,C,man,True,3,Pequeña (2-4),Joven (16-34),4.717456363787216
552,0,2,male,27.0,0,0,26.0,S,Second,man,True,,Southampton,no,True,False,27.0,False,S,Southampton,False,Unknown,man,True,1,Solo,Joven (16-34),3.295836866004329
553,0,3,male,,0,0,7.8292,Q,Third,man,True,,Queenstown,no,True,True,25.0,False,Q,Queenstown,False,Unknown,man,True,1,Solo,Joven (16-34),2.17806441028492
554,1,3,male,22.0,0,0,7.225,C,Third,man,True,,Cherbourg,yes,True,False,22.0,False,C,Cherbourg,False,Unknown,man,True,1,Solo,Joven (16-34),2.1071782966514356
555,1,3,female,22.0,0,0,7.775,S,Third,woman,False,,Southampton,yes,True,False,22.0,False,S,Southampton,False,Unknown,woman,False,1,Solo,Joven (16-34),2.1719067693519296
556,0,1,male,62.0,0,0,26.55,S,First,man,True,,Southampton,no,True,False,62.0,False,S,Southampton,False,Unknown,man,True,1,Solo,Mayor (60+),3.3160025355989236
557,1,1,female,48.0,1,0,39.6,C,First,woman,False,A,Cherbourg,yes,False,False,48.0,False,C,Cherbourg,True,A,woman,False,2,Pequeña (2-4),Adulto (35-59),3.703768066607687
558,0,1,male,,0,0,227.525,C,First,man,True,,Cherbourg,no,True,True,40.0,False,C,Cherbourg,False,Unknown,man,True,1,Solo,Adulto (35-59),5.4316456135398825
559,1,1,female,39.0,1,1,79.65,S,First,woman,False,E,Southampton,yes,False,False,39.0,False,S,Southampton,True,E,woman,False,3,Pequeña (2-4),Adulto (35-59),4.390118804571218
560,1,3,female,36.0,1,0,17.4,S,Third,woman,False,,Southampton,yes,False,False,36.0,False,S,Southampton,False,Unknown,woman,False,2,Pequeña (2-4),Adulto (35-59),2.91235066461494
561,0,3,male,,0,0,7.75,Q,Third,man,True,,Queenstown,no,True,True,25.0,False,Q,Queenstown,False,Unknown,man,True,1,Solo,Joven (16-34),2.169053700369523
562,0,3,male,40.0,0,0,7.8958,S,Third,man,True,,Southampton,no,True,False,40.0,False,S,Southampton,False,Unknown,man,True,1,Solo,Adulto (35-59),2.1855792552411137
563,0,2,male,28.0,0,0,13.5,S,Second,man,True,,Southampton,no,True,False,28.0,False,S,Southampton,False,Unknown,man,True,1,Solo,Joven (16-34),2.6741486494265287
564,0,3,male,,0,0,8.05,S,Third,man,True,,Southampton,no,True,True,25.0,False,S,Southampton,False,Unknown,man,True,1,Solo,Joven (16-34),2.2027647577118348
565,0,3,female,,0,0,8.05,S,Third,woman,False,,Southampton,no,True,True,21.5,False,S,Southampton,False,Unknown,woman,False,1,Solo,Joven (16-34),2.2027647577118348
566,0,3,male,24.0,2,0,24.15,S,Third,man,True,,Southampton,no,False,False,24.0,False,S,Southampton,False,Unknown,man,True,3,Pequeña (2-4),Joven (16-34),3.224857896545748
567,0,3,male,19.0,0,0,7.8958,S,Third,man,True,,Southampton,no,True,False,19.0,False,S,Southampton,False,Unknown,man,True,1,Solo,Joven (16-34),2.1855792552411137
568,0,3,female,29.0,0,4,21.075,S,Third,woman,False,,Southampton,no,False,False,29.0,False,S,Southampton,False,Unknown,woman,False,5,Grande (5+),Joven (16-34),3.0944457464900235
569,0,3,male,,0,0,7.2292,C,Third,man,True,,Cherbourg,no,True,True,25.0,False,C,Cherbourg,False,Unknown,man,True,1,Solo,Joven (16-34),2.1076888046179385
570,1,3,male,32.0,0,0,7.8542,S,Third,man,True,,Southampton,yes,True,False,32.0,False,S,Southampton,False,Unknown,man,True,1,Solo,Joven (16-34),2.180891922715322
571,1,2,male,62.0,0,0,10.5,S,Second,man,True,,Southampton,yes,True,False,62.0,False,S,Southampton,False,Unknown,man,True,1,Solo,Mayor (60+),2.4423470353692043
572,1,1,female,53.0,2,0,51.4792,S,First,woman,False,C,Southampton,yes,False,False,53.0,False,S,Southampton,True,C,woman,False,3,Pequeña (2-4),Adulto (35-59),3.960416900617205
573,1,1,male,36.0,0,0,26.3875,S,First,man,True,E,Southampton,yes,True,False,36.0,False,S,Southampton,True,E,man,True,1,Solo,Adulto (35-59),3.3100867049215847
574,1,3,female,,0,0,7.75,Q,Third,woman,False,,Queenstown,yes,True,True,21.5,False,Q,Queenstown,False,Unknown,woman,False,1,Solo,Joven (16-34),2.169053700369523
575,0,3,male,16.0,0,0,8.05,S,Third,man,True,,Southampton,no,True,False,16.0,False,S,Southampton,False,Unknown,man,True,1,Solo,Joven (16-34),2.2027647577118348
576,0,3,male,19.0,0,0,14.5,S,Third,man,True,,Southampton,no,True,False,19.0,False,S,Southampton,False,Unknown,man,True,1,Solo,Joven (16-34),2.740840023925201
577,1,2,female,34.0,0,0,13.0,S,Second,woman,False,,Southampton,yes,True,False,34.0,False,S,Southampton,False,Unknown,woman,False,1,Solo,Joven (16-34),2.6390573296152584
578,1,1,female,39.0,1,0,55.9,S,First,woman,False,E,Southampton,yes,False,False,39.0,False,S,Southampton,True,E,woman,False,2,Pequeña (2-4),Adulto (35-59),4.041295341132285
579,0,3,female,,1,0,14.4583,C,Third,woman,False,,Cherbourg,no,False,True,21.5,False,C,Cherbourg,False,Unknown,woman,False,2,Pequeña (2-4),Joven (16-34),2.738146075922933
580,1,3,male,32.0,0,0,7.925,S,Third,man,True,,Southampton,yes,True,False,32.0,False,S,Southampton,False,Unknown,man,True,1,Solo,Joven (16-34),2.188856327665703
581,1,2,female,25.0,1,1,30.0,S,Second,woman,False,,Southampton,yes,False,False,25.0,False,S,Southampton,False,Unknown,woman,False,3,Pequeña (2-4),Joven (16-34),3.4339872044851463
582,1,1,female,39.0,1,1,110.8833,C,First,woman,False,C,Cherbourg,yes,False,False,39.0,False,C,Cherbourg,True,C,woman,False,3,Pequeña (2-4),Adulto (35-59),4.717456363787216
583,0,2,male,54.0,0,0,26.0,S,Second,man,True,,Southampton,no,True,False,54.0,False,S,Southampton,False,Unknown,man,True,1,Solo,Adulto (35-59),3.295836866004329
584,0,1,male,36.0,0,0,40.125,C,First,man,True,A,Cherbourg,no,True,False,36.0,False,C,Cherbourg,True,A,man,True,1,Solo,Adulto (35-59),3.716616209085536
585,0,3,male,,0,0,8.7125,C,Third,man,True,,Cherbourg,no,True,True,25.0,False,C,Cherbourg,False,Unknown,man,True,1,Solo,Joven (16-34),2.2734137156937657
586,1,1,female,18.0,0,2,79.65,S,First,woman,False,E,Southampton,yes,False,False,18.0,False,S,Southampton,True,E,woman,False,3,Pequeña (2-4),Joven (16-34),4.390118804571218
587,0,2,male,47.0,0,0,15.0,S,Second,man,True,,Southampton,no,True,False,47.0,False,S,Southampton,False,Unknown,man,True,1,Solo,Adulto (35-59),2.772588722239781
588,1,1,male,60.0,1,1,79.2,C,First,man,True,B,Cherbourg,yes,False,False,60.0,False,C,Cherbourg,True,B,man,True,3,Pequeña (2-4),Mayor (60+),4.384523514872469
589,0,3,male,22.0,0,0,8.05,S,Third,man,True,,Southampton,no,True,False,22.0,False,S,Southampton,False,Unknown,man,True,1,Solo,Joven (16-34),2.2027647577118348
590,0,3,male,,0,0,8.05,S,Third,man,True,,Southampton,no,True,True,25.0,False,S,Southampton,False,Unknown,man,True,1,Solo,Joven (16-34),2.2027647577118348
591,0,3,male,35.0,0,0,7.125,S,Third,man,True,,Southampton,no,True,False,35.0,False,S,Southampton,False,Unknown,man,True,1,Solo,Adulto (35-59),2.094945728215801
592,1,1,female,52.0,1,0,78.2667,C,First,woman,False,D,Cherbourg,yes,False,False,52.0,False,C,Cherbourg,True,D,woman,False,2,Pequeña (2-4),Adulto (35-59),4.37281811610993
593,0,3,male,47.0,0,0,7.25,S,Third,man,True,,Southampton,no,True,False,47.0,False,S,Southampton,False,Unknown,man,True,1,Solo,Adulto (35-59),2.1102132003465894
594,0,3,female,,0,2,7.75,Q,Third,woman,False,,Queenstown,no,False,True,21.5,False,Q,Queenstown,False,Unknown,woman,False,3,Pequeña (2-4),Joven (16-34),2.169053700369523
595,0,2,male,37.0,1,0,26.0,S,Second,man,True,,Southampton,no,False,False,37.0,False,S,Southampton,False,Unknown,man,True,2,Pequeña (2-4),Adulto (35-59),3.295836866004329
596,0,3,male,36.0,1,1,24.15,S,Third,man,True,,Southampton,no,False,False,36.0,False,S,Southampton,False,Unknown,man,True,3,Pequeña (2-4),Adulto (35-59),3.224857896545748
597,1,2,female,,0,0,33.0,S,Second,woman,False,,Southampton,yes,True,True,28.0,False,S,Southampton,False,Unknown,woman,False,1,Solo,Joven (16-34),3.5263605246161616
598,0,3,male,49.0,0,0,0.0,S,Third,man,True,,Southampton,no,True,False,49.0,False,S,Southampton,False,Unknown,man,True,1,Solo,Adulto (35-59),0.0
599,0,3,male,,0,0,7.225,C,Third,man,True,,Cherbourg,no,True,True,25.0,False,C,Cherbourg,False,Unknown,man,True,1,Solo,Joven (16-34),2.1071782966514356
600,1,1,male,49.0,1,0,56.9292,C,First,man,True,A,Cherbourg,yes,False,False,49.0,False,C,Cherbourg,True,A,man,True,2,Pequeña (2-4),Adulto (35-59),4.0592215752427645
601,1,2,female,24.0,2,1,27.0,S,Second,woman,False,,Southampton,yes,False,False,24.0,False,S,Southampton,False,Unknown,woman,False,4,Pequeña (2-4),Joven (16-34),3.332204510175204
602,0,3,male,,0,0,7.8958,S,Third,man,True,,Southampton,no,True,True,25.0,False,S,Southampton,False,Unknown,man,True,1,Solo,Joven (16-34),2.1855792552411137
603,0,1,male,,0,0,42.4,S,First,man,True,,Southampton,no,True,True,40.0,False,S,Southampton,False,Unknown,man,True,1,Solo,Adulto (35-59),3.770459441106359
604,0,3,male,44.0,0,0,8.05,S,Third,man,True,,Southampton,no,True,False,44.0,False,S,Southampton,False,Unknown,man,True,1,Solo,Adulto (35-59),2.2027647577118348
605,1,1,male,35.0,0,0,26.55,C,First,man,True,,Cherbourg,yes,True,False,35.0,False,C,Cherbourg,False,Unknown,man,True,1,Solo,Adulto (35-59),3.3160025355989236
606,0,3,male,36.0,1,0,15.55,S,Third,man,True,,Southampton,no,False,False,36.0,False,S,Southampton,False,Unknown,man,True,2,Pequeña (2-4),Adulto (35-59),2.806386101823072
607,0,3,male,30.0,0,0,7.8958,S,Third,man,True,,Southampton,no,True,False,30.0,False,S,Southampton,False,Unknown,man,True,1,Solo,Joven (16-34),2.1855792552411137
608,1,1,male,27.0,0,0,30.5,S,First,man,True,,Southampton,yes,True,False,27.0,False,S,Southampton,False,Unknown,man,True,1,Solo,Joven (16-34),3.449987545831587
609,1,2,female,22.0,1,2,41.5792,C,Second,woman,False,,Cherbourg,yes,False,False,22.0,False,C,Cherbourg,False,Unknown,woman,False,4,Pequeña (2-4),Joven (16-34),3.7513658711253766
610,1,1,female,40.0,0,0,153.4625,S,First,woman,False,C,Southampton,yes,True,False,40.0,False,S,Southampton,True,C,woman,False,1,Solo,Adulto (35-59),5.039951348430309
611,0,3,female,39.0,1,5,31.275,S,Third,woman,False,,Southampton,no,False,False,39.0,False,S,Southampton,False,Unknown,woman,False,7,Grande (5+),Adulto (35-59),3.4742929367327062
612,0,3,male,,0,0,7.05,S,Third,man,True,,Southampton,no,True,True,25.0,False,S,Southampton,False,Unknown,man,True,1,Solo,Joven (16-34),2.0856720914304723
613,1,3,female,,1,0,15.5,Q,Third,woman,False,,Queenstown,yes,False,True,21.5,False,Q,Queenstown,False,Unknown,woman,False,2,Pequeña (2-4),Joven (16-34),2.803360380906535
614,0,3,male,,0,0,7.75,Q,Third,man,True,,Queenstown,no,True,True,25.0,False,Q,Queenstown,False,Unknown,man,True,1,Solo,Joven (16-34),2.169053700369523
615,0,3,male,35.0,0,0,8.05,S,Third,man,True,,Southampton,no,True,False,35.0,False,S,Southampton,False,Unknown,man,True,1,Solo,Adulto (35-59),2.2027647577118348
616,1,2,female,24.0,1,2,65.0,S,Second,woman,False,,Southampton,yes,False,False,24.0,False,S,Southampton,False,Unknown,woman,False,4,Pequeña (2-4),Joven (16-34),4.189654742026425
617,0,3,male,34.0,1,1,14.4,S,Third,man,True,,Southampton,no,False,False,34.0,False,S,Southampton,False,Unknown,man,True,3,Pequeña (2-4),Joven (16-34),2.7343675094195836
618,0,3,female,26.0,1,0,16.1,S,Third,woman,False,,Southampton,no,False,False,26.0,False,S,Southampton,False,Unknown,woman,False,2,Pequeña (2-4),Joven (16-34),2.8390784635086144
619,1,2,female,4.0,2,1,39.0,S,Second,child,False,F,Southampton,yes,False,False,4.0,False,S,Southampton,True,F,child,False,4,Pequeña (2-4),Niño (<16),3.6888794541139363
620,0,2,male,26.0,0,0,10.5,S,Second,man,True,,Southampton,no,True,False,26.0,False,S,Southampton,False,Unknown,man,True,1,Solo,Joven (16-34),2.4423470353692043
621,0,3,male,27.0,1,0,14.4542,C,Third,man,True,,Cherbourg,no,False,False,27.0,False,C,Cherbourg,False,Unknown,man,True,2,Pequeña (2-4),Joven (16-34),2.737880811060884
622,1,1,male,42.0,1,0,52.5542,S,First,man,True,D,Southampton,yes,False,False,42.0,False,S,Southampton,True,D,man,True,2,Pequeña (2-4),Adulto (35-59),3.9806942251907276
623,1,3,male,20.0,1,1,15.7417,C,Third,man,True,,Cherbourg,yes,False,False,20.0,False,C,Cherbourg,False,Unknown,man,True,3,Pequeña (2-4),Joven (16-34),2.817902613071225
624,0,3,male,21.0,0,0,7.8542,S,Third,man,True,,Southampton,no,True,False,21.0,False,S,Southampton,False,Unknown,man,True,1,Solo,Joven (16-34),2.180891922715322
625,0,3,male,21.0,0,0,16.1,S,Third,man,True,,Southampton,no,True,False,21.0,False,S,Southampton,False,Unknown,man,True,1,Solo,Joven (16-34),2.8390784635086144
626,0,1,male,61.0,0,0,32.3208,S,First,man,True,D,Southampton,no,True,False,61.0,False,S,Southampton,True,D,man,True,1,Solo,Mayor (60+),3.5061818266142577
627,0,2,male,57.0,0,0,12.35,Q,Second,man,True,,Queenstown,no,True,False,57.0,False,Q,Queenstown,False,Unknown,man,True,1,Solo,Adulto (35-59),2.5915163848462583
628,1,1,female,21.0,0,0,77.9583,S,First,woman,False,D,Southampton,yes,True,False,21.0,False,S,Southampton,True,D,woman,False,1,Solo,Joven (16-34),4.368919865004903
629,0,3,male,26.0,0,0,7.8958,S,Third,man,True,,Southampton,no,True,False,26.0,False,S,Southampton,False,Unknown,man,True,1,Solo,Joven (16-34),2.1855792552411137
630,0,3,male,,0,0,7.7333,Q,Third,man,True,,Queenstown,no,True,True,25.0,False,Q,Queenstown,False,Unknown,man,True,1,Solo,Joven (16-34),2.167143305297764
631,1,1,male,80.0,0,0,30.0,S,First,man,True,A,Southampton,yes,True,False,80.0,False,S,Southampton,True,A,man,True,1,Solo,Mayor (60+),3.4339872044851463
632,0,3,male,51.0,0,0,7.0542,S,Third,man,True,,Southampton,no,True,False,51.0,False,S,Southampton,False,Unknown,man,True,1,Solo,Adulto (35-59),2.086193694502369
633,1,1,male,32.0,0,0,30.5,C,First,man,True,B,Cherbourg,yes,True,False,32.0,False,C,Cherbourg,True,B,man,True,1,Solo,Joven (16-34),3.449987545831587
634,0,1,male,,0,0,0.0,S,First,man,True,,Southampton,no,True,True,40.0,False,S,Southampton,False,Unknown,man,True,1,Solo,Adulto (35-59),0.0
635,0,3,female,9.0,3,2,27.9,S,Third,child,False,,Southampton,no,False,False,9.0,False,S,Southampton,False,Unknown,child,False,6,Grande (5+),Niño (<16),3.3638415951183864
636,1,2,female,28.0,0,0,13.0,S,Second,woman,False,,Southampton,yes,True,False,28.0,False,S,Southampton,False,Unknown,woman,False,1,Solo,Joven (16-34),2.6390573296152584
637,0,3,male,32.0,0,0,7.925,S,Third,man,True,,Southampton,no,True,False,32.0,False,S,Southampton,False,Unknown,man,True,1,Solo,Joven (16-34),2.188856327665703
638,0,2,male,31.0,1,1,26.25,S,Second,man,True,,Southampton,no,False,False,31.0,False,S,Southampton,False,Unknown,man,True,3,Pequeña (2-4),Joven (16-34),3.305053521109253
639,0,3,female,41.0,0,5,39.6875,S,Third,woman,False,,Southampton,no,False,False,41.0,False,S,Southampton,False,Unknown,woman,False,6,Grande (5+),Adulto (35-59),3.705920919968788
640,0,3,male,,1,0,16.1,S,Third,man,True,,Southampton,no,False,True,25.0,False,S,Southampton,False,Unknown,man,True,2,Pequeña (2-4),Joven (16-34),2.8390784635086144
641,0,3,male,20.0,0,0,7.8542,S,Third,man,True,,Southampton,no,True,False,20.0,False,S,Southampton,False,Unknown,man,True,1,Solo,Joven (16-34),2.180891922715322
642,1,1,female,24.0,0,0,69.3,C,First,woman,False,B,Cherbourg,yes,True,False,24.0,False,C,Cherbourg,True,B,woman,False,1,Solo,Joven (16-34),4.252771798816619
643,0,3,female,2.0,3,2,27.9,S,Third,child,False,,Southampton,no,False,False,2.0,False,S,Southampton,False,Unknown,child,False,6,Grande (5+),Niño (<16),3.3638415951183864
644,1,3,male,,0,0,56.4958,S,Third,man,True,,Southampton,yes,True,True,25.0,False,S,Southampton,False,Unknown,man,True,1,Solo,Joven (16-34),4.05171190165724
645,1,3,female,0.75,2,1,19.2583,C,Third,child,False,,Cherbourg,yes,False,False,0.75,False,C,Cherbourg,False,Unknown,child,False,4,Pequeña (2-4),Niño (<16),3.0085645861193133
646,1,1,male,48.0,1,0,76.7292,C,First,man,True,D,Cherbourg,yes,False,False,48.0,False,C,Cherbourg,True,D,man,True,2,Pequeña (2-4),Adulto (35-59),4.353230991152628
647,0,3,male,19.0,0,0,7.8958,S,Third,man,True,,Southampton,no,True,False,19.0,False,S,Southampton,False,Unknown,man,True,1,Solo,Joven (16-34),2.1855792552411137
648,1,1,male,56.0,0,0,35.5,C,First,man,True,A,Cherbourg,yes,True,False,56.0,False,C,Cherbourg,True,A,man,True,1,Solo,Adulto (35-59),3.597312260588446
649,0,3,male,,0,0,7.55,S,Third,man,True,,Southampton,no,True,True,25.0,False,S,Southampton,False,Unknown,man,True,1,Solo,Joven (16-34),2.145931282948669
650,1,3,female,23.0,0,0,7.55,S,Third,woman,False,,Southampton,yes,True,False,23.0,False,S,Southampton,False,Unknown,woman,False,1,Solo,Joven (16-34),2.145931282948669
651,0,3,male,,0,0,7.8958,S,Third,man,True,,Southampton,no,True,True,25.0,False,S,Southampton,False,Unknown,man,True,1,Solo,Joven (16-34),2.1855792552411137
652,1,2,female,18.0,0,1,23.0,S,Second,woman,False,,Southampton,yes,False,False,18.0,False,S,Southampton,False,Unknown,woman,False,2,Pequeña (2-4),Joven (16-34),3.1780538303479458
653,0,3,male,21.0,0,0,8.4333,S,Third,man,True,,Southampton,no,True,False,21.0,False,S,Southampton,False,Unknown,man,True,1,Solo,Joven (16-34),2.2442459824059346
654,1,3,female,,0,0,7.8292,Q,Third,woman,False,,Queenstown,yes,True,True,21.5,False,Q,Queenstown,False,Unknown,woman,False,1,Solo,Joven (16-34),2.17806441028492
655,0,3,female,18.0,0,0,6.75,Q,Third,woman,False,,Queenstown,no,True,False,18.0,False,Q,Queenstown,False,Unknown,woman,False,1,Solo,Joven (16-34),2.0476928433652555
656,0,2,male,24.0,2,0,73.5,S,Second,man,True,,Southampton,no,False,False,24.0,False,S,Southampton,False,Unknown,man,True,3,Pequeña (2-4),Joven (16-34),4.310799125385514
657,0,3,male,,0,0,7.8958,S,Third,man,True,,Southampton,no,True,True,25.0,False,S,Southampton,False,Unknown,man,True,1,Solo,Joven (16-34),2.1855792552411137
658,0,3,female,32.0,1,1,15.5,Q,Third,woman,False,,Queenstown,no,False,False,32.0,False,Q,Queenstown,False,Unknown,woman,False,3,Pequeña (2-4),Joven (16-34),2.803360380906535
659,0,2,male,23.0,0,0,13.0,S,Second,man,True,,Southampton,no,True,False,23.0,False,S,Southampton,False,Unknown,man,True,1,Solo,Joven (16-34),2.6390573296152584
660,0,1,male,58.0,0,2,113.275,C,First,man,True,D,Cherbourg,no,False,False,58.0,False,C,Cherbourg,True,D,man,True,3,Pequeña (2-4),Adulto (35-59),4.738607824217808
661,1,1,male,50.0,2,0,133.65,S,First,man,True,,Southampton,yes,False,False,50.0,False,S,Southampton,False,Unknown,man,True,3,Pequeña (2-4),Adulto (35-59),4.902678819257608
662,0,3,male,40.0,0,0,7.225,C,Third,man,True,,Cherbourg,no,True,False,40.0,False,C,Cherbourg,False,Unknown,man,True,1,Solo,Adulto (35-59),2.1071782966514356
663,0,1,male,47.0,0,0,25.5875,S,First,man,True,E,Southampton,no,True,False,47.0,False,S,Southampton,True,E,man,True,1,Solo,Adulto (35-59),3.2804411805263554
664,0,3,male,36.0,0,0,7.4958,S,Third,man,True,,Southampton,no,True,False,36.0,False,S,Southampton,False,Unknown,man,True,1,Solo,Adulto (35-59),2.139571923732859
665,1,3,male,20.0,1,0,7.925,S,Third,man,True,,Southampton,yes,False,False,20.0,False,S,Southampton,False,Unknown,man,True,2,Pequeña (2-4),Joven (16-34),2.188856327665703
666,0,2,male,32.0,2,0,73.5,S,Second,man,True,,Southampton,no,False,False,32.0,False,S,Southampton,False,Unknown,man,True,3,Pequeña (2-4),Joven (16-34),4.310799125385514
667,0,2,male,25.0,0,0,13.0,S,Second,man,True,,Southampton,no,True,False,25.0,False,S,Southampton,False,Unknown,man,True,1,Solo,Joven (16-34),2.6390573296152584
668,0,3,male,,0,0,7.775,S,Third,man,True,,Southampton,no,True,True,25.0,False,S,Southampton,False,Unknown,man,True,1,Solo,Joven (16-34),2.1719067693519296
669,0,3,male,43.0,0,0,8.05,S,Third,man,True,,Southampton,no,True,False,43.0,False,S,Southampton,False,Unknown,man,True,1,Solo,Adulto (35-59),2.2027647577118348
670,1,1,female,,1,0,52.0,S,First,woman,False,C,Southampton,yes,False,True,35.0,False,S,Southampton,True,C,woman,False,2,Pequeña (2-4),Adulto (35-59),3.970291913552122
671,1,2,female,40.0,1,1,39.0,S,Second,woman,False,,Southampton,yes,False,False,40.0,False,S,Southampton,False,Unknown,woman,False,3,Pequeña (2-4),Adulto (35-59),3.6888794541139363
672,0,1,male,31.0,1,0,52.0,S,First,man,True,B,Southampton,no,False,False,31.0,False,S,Southampton,True,B,man,True,2,Pequeña (2-4),Joven (16-34),3.970291913552122
673,0,2,male,70.0,0,0,10.5,S,Second,man,True,,Southampton,no,True,False,70.0,False,S,Southampton,False,Unknown,man,True,1,Solo,Mayor (60+),2.4423470353692043
674,1,2,male,31.0,0,0,13.0,S,Second,man,True,,Southampton,yes,True,False,31.0,False,S,Southampton,False,Unknown,man,True,1,Solo,Joven (16-34),2.6390573296152584
675,0,2,male,,0,0,0.0,S,Second,man,True,,Southampton,no,True,True,30.0,False,S,Southampton,False,Unknown,man,True,1,Solo,Joven (16-34),0.0
676,0,3,male,18.0,0,0,7.775,S,Third,man,True,,Southampton,no,True,False,18.0,False,S,Southampton,False,Unknown,man,True,1,Solo,Joven (16-34),2.1719067693519296
677,0,3,male,24.5,0,0,8.05,S,Third,man,True,,Southampton,no,True,False,24.5,False,S,Southampton,False,Unknown,man,True,1,Solo,Joven (16-34),2.2027647577118348
678,1,3,female,18.0,0,0,9.8417,S,Third,woman,False,,Southampton,yes,True,False,18.0,False,S,Southampton,False,Unknown,woman,False,1,Solo,Joven (16-34),2.3833998102837652
679,0,3,female,43.0,1,6,46.9,S,Third,woman,False,,Southampton,no,False,False,43.0,False,S,Southampton,False,Unknown,woman,False,8,Grande (5+),Adulto (35-59),3.8691155044168695
680,1,1,male,36.0,0,1,512.3292,C,First,man,True,B,Cherbourg,yes,False,False,36.0,False,C,Cherbourg,True,B,man,True,2,Pequeña (2-4),Adulto (35-59),6.240917354759096
681,0,3,female,,0,0,8.1375,Q,Third,woman,False,,Queenstown,no,True,True,21.5,False,Q,Queenstown,False,Unknown,woman,False,1,Solo,Joven (16-34),2.212386825075897
682,1,1,male,27.0,0,0,76.7292,C,First,man,True,D,Cherbourg,yes,True,False,27.0,False,C,Cherbourg,True,D,man,True,1,Solo,Joven (16-34),4.353230991152628
683,0,3,male,20.0,0,0,9.225,S,Third,man,True,,Southampton,no,True,False,20.0,False,S,Southampton,False,Unknown,man,True,1,Solo,Joven (16-34),2.3248357019288655
684,0,3,male,14.0,5,2,46.9,S,Third,child,False,,Southampton,no,False,False,14.0,False,S,Southampton,False,Unknown,child,False,8,Grande (5+),Niño (<16),3.8691155044168695
685,0,2,male,60.0,1,1,39.0,S,Second,man,True,,Southampton,no,False,False,60.0,False,S,Southampton,False,Unknown,man,True,3,Pequeña (2-4),Mayor (60+),3.6888794541139363
686,0,2,male,25.0,1,2,41.5792,C,Second,man,True,,Cherbourg,no,False,False,25.0,False,C,Cherbourg,False,Unknown,man,True,4,Pequeña (2-4),Joven (16-34),3.7513658711253766
687,0,3,male,14.0,4,1,39.6875,S,Third,child,False,,Southampton,no,False,False,14.0,False,S,Southampton,False,Unknown,child,False,6,Grande (5+),Niño (<16),3.705920919968788
688,0,3,male,19.0,0,0,10.1708,S,Third,man,True,,Southampton,no,True,False,19.0,False,S,Southampton,False,Unknown,man,True,1,Solo,Joven (16-34),2.4133032309283076
689,0,3,male,18.0,0,0,7.7958,S,Third,man,True,,Southampton,no,True,False,18.0,False,S,Southampton,False,Unknown,man,True,1,Solo,Joven (16-34),2.174274334826008
690,1,1,female,15.0,0,1,211.3375,S,First,child,False,B,Southampton,yes,False,False,15.0,False,S,Southampton,True,B,child,False,2,Pequeña (2-4),Niño (<16),5.35817698994543
691,1,1,male,31.0,1,0,57.0,S,First,man,True,B,Southampton,yes,False,False,31.0,False,S,Southampton,True,B,man,True,2,Pequeña (2-4),Joven (16-34),4.060443010546419
692,1,3,female,4.0,0,1,13.4167,C,Third,child,False,,Cherbourg,yes,False,False,4.0,False,C,Cherbourg,False,Unknown,child,False,2,Pequeña (2-4),Niño (<16),2.668387256845834
693,1,3,male,,0,0,56.4958,S,Third,man,True,,Southampton,yes,True,True,25.0,False,S,Southampton,False,Unknown,man,True,1,Solo,Joven (16-34),4.05171190165724
694,0,3,male,25.0,0,0,7.225,C,Third,man,True,,Cherbourg,no,True,False,25.0,False,C,Cherbourg,False,Unknown,man,True,1,Solo,Joven (16-34),2.1071782966514356
695,0,1,male,60.0,0,0,26.55,S,First,man,True,,Southampton,no,True,False,60.0,False,S,Southampton,False,Unknown,man,True,1,Solo,Mayor (60+),3.3160025355989236
696,0,2,male,52.0,0,0,13.5,S,Second,man,True,,Southampton,no,True,False,52.0,False,S,Southampton,False,Unknown,man,True,1,Solo,Adulto (35-59),2.6741486494265287
697,0,3,male,44.0,0,0,8.05,S,Third,man,True,,Southampton,no,True,False,44.0,False,S,Southampton,False,Unknown,man,True,1,Solo,Adulto (35-59),2.2027647577118348
698,1,3,female,,0,0,7.7333,Q,Third,woman,False,,Queenstown,yes,True,True,21.5,False,Q,Queenstown,False,Unknown,woman,False,1,Solo,Joven (16-34),2.167143305297764
699,0,1,male,49.0,1,1,110.8833,C,First,man,True,C,Cherbourg,no,False,False,49.0,False,C,Cherbourg,True,C,man,True,3,Pequeña (2-4),Adulto (35-59),4.717456363787216
700,0,3,male,42.0,0,0,7.65,S,Third,man,True,F,Southampton,no,True,False,42.0,False,S,Southampton,True,F,man,True,1,Solo,Adulto (35-59),2.157559320943788
701,1,1,female,18.0,1,0,227.525,C,First,woman,False,C,Cherbourg,yes,False,False,18.0,False,C,Cherbourg,True,C,woman,False,2,Pequeña (2-4),Joven (16-34),5.4316456135398825
702,1,1,male,35.0,0,0,26.2875,S,First,man,True,E,Southampton,yes,True,False,35.0,False,S,Southampton,True,E,man,True,1,Solo,Adulto (35-59),3.3064287218760624
703,0,3,female,18.0,0,1,14.4542,C,Third,woman,False,,Cherbourg,no,False,False,18.0,False,C,Cherbourg,False,Unknown,woman,False,2,Pequeña (2-4),Joven (16-34),2.737880811060884
704,0,3,male,25.0,0,0,7.7417,Q,Third,man,True,,Queenstown,no,True,False,25.0,False,Q,Queenstown,False,Unknown,man,True,1,Solo,Joven (16-34),2.1681046787623672
705,0,3,male,26.0,1,0,7.8542,S,Third,man,True,,Southampton,no,False,False,26.0,False,S,Southampton,False,Unknown,man,True,2,Pequeña (2-4),Joven (16-34),2.180891922715322
706,0,2,male,39.0,0,0,26.0,S,Second,man,True,,Southampton,no,True,False,39.0,False,S,Southampton,False,Unknown,man,True,1,Solo,Adulto (35-59),3.295836866004329
707,1,2,female,45.0,0,0,13.5,S,Second,woman,False,,Southampton,yes,True,False,45.0,False,S,Southampton,False,Unknown,woman,False,1,Solo,Adulto (35-59),2.6741486494265287
708,1,1,male,42.0,0,0,26.2875,S,First,man,True,E,Southampton,yes,True,False,42.0,False,S,Southampton,True,E,man,True,1,Solo,Adulto (35-59),3.3064287218760624
709,1,1,female,22.0,0,0,151.55,S,First,woman,False,,Southampton,yes,True,False,22.0,False,S,Southampton,False,Unknown,woman,False,1,Solo,Joven (16-34),5.027492411162679
710,1,3,male,,1,1,15.2458,C,Third,man,True,,Cherbourg,yes,False,True,25.0,False,C,Cherbourg,False,Unknown,man,True,3,Pequeña (2-4),Joven (16-34),2.7878344138303452
711,1,1,female,24.0,0,0,49.5042,C,First,woman,False,C,Cherbourg,yes,True,False,24.0,False,C,Cherbourg,True,C,woman,False,1,Solo,Joven (16-34),3.922056501139853
712,0,1,male,,0,0,26.55,S,First,man,True,C,Southampton,no,True,True,40.0,False,S,Southampton,True,C,man,True,1,Solo,Adulto (35-59),3.3160025355989236
713,1,1,male,48.0,1,0,52.0,S,First,man,True,C,Southampton,yes,False,False,48.0,False,S,Southampton,True,C,man,True,2,Pequeña (2-4),Adulto (35-59),3.970291913552122
714,0,3,male,29.0,0,0,9.4833,S,Third,man,True,,Southampton,no,True,False,29.0,False,S,Southampton,False,Unknown,man,True,1,Solo,Joven (16-34),2.3497835148230464
715,0,2,male,52.0,0,0,13.0,S,Second,man,True,,Southampton,no,True,False,52.0,False,S,Southampton,False,Unknown,man,True,1,Solo,Adulto (35-59),2.6390573296152584
716,0,3,male,19.0,0,0,7.65,S,Third,man,True,F,Southampton,no,True,False,19.0,False,S,Southampton,True,F,man,True,1,Solo,Joven (16-34),2.157559320943788
717,1,1,female,38.0,0,0,227.525,C,First,woman,False,C,Cherbourg,yes,True,False,38.0,False,C,Cherbourg,True,C,woman,False,1,Solo,Adulto (35-59),5.4316456135398825
718,1,2,female,27.0,0,0,10.5,S,Second,woman,False,E,Southampton,yes,True,False,27.0,False,S,Southampton,True,E,woman,False,1,Solo,Joven (16-34),2.4423470353692043
719,0,3,male,,0,0,15.5,Q,Third,man,True,,Queenstown,no,True,True,25.0,False,Q,Queenstown,False,Unknown,man,True,1,Solo,Joven (16-34),2.803360380906535
720,0,3,male,33.0,0,0,7.775,S,Third,man,True,,Southampton,no,True,False,33.0,False,S,Southampton,False,Unknown,man,True,1,Solo,Joven (16-34),2.1719067693519296
721,1,2,female,6.0,0,1,33.0,S,Second,child,False,,Southampton,yes,False,False,6.0,False,S,Southampton,False,Unknown,child,False,2,Pequeña (2-4),Niño (<16),3.5263605246161616
722,0,3,male,17.0,1,0,7.0542,S,Third,man,True,,Southampton,no,False,False,17.0,False,S,Southampton,False,Unknown,man,True,2,Pequeña (2-4),Joven (16-34),2.086193694502369
723,0,2,male,34.0,0,0,13.0,S,Second,man,True,,Southampton,no,True,False,34.0,False,S,Southampton,False,Unknown,man,True,1,Solo,Joven (16-34),2.6390573296152584
724,0,2,male,50.0,0,0,13.0,S,Second,man,True,,Southampton,no,True,False,50.0,False,S,Southampton,False,Unknown,man,True,1,Solo,Adulto (35-59),2.6390573296152584
725,1,1,male,27.0,1,0,53.1,S,First,man,True,E,Southampton,yes,False,False,27.0,False,S,Southampton,True,E,man,True,2,Pequeña (2-4),Joven (16-34),3.9908341858524357
726,0,3,male,20.0,0,0,8.6625,S,Third,man,True,,Southampton,no,True,False,20.0,False,S,Southampton,False,Unknown,man,True,1,Solo,Joven (16-34),2.2682524139135403
727,1,2,female,30.0,3,0,21.0,S,Second,woman,False,,Southampton,yes,False,False,30.0,False,S,Southampton,False,Unknown,woman,False,4,Pequeña (2-4),Joven (16-34),3.091042453358316
728,1,3,female,,0,0,7.7375,Q,Third,woman,False,,Queenstown,yes,True,True,21.5,False,Q,Queenstown,False,Unknown,woman,False,1,Solo,Joven (16-34),2.1676241075599285
729,0,2,male,25.0,1,0,26.0,S,Second,man,True,,Southampton,no,False,False,25.0,False,S,Southampton,False,Unknown,man,True,2,Pequeña (2-4),Joven (16-34),3.295836866004329
730,0,3,female,25.0,1,0,7.925,S,Third,woman,False,,Southampton,no,False,False,25.0,False,S,Southampton,False,Unknown,woman,False,2,Pequeña (2-4),Joven (16-34),2.188856327665703
731,1,1,female,29.0,0,0,211.3375,S,First,woman,False,B,Southampton,yes,True,False,29.0,False,S,Southampton,True,B,woman,False,1,Solo,Joven (16-34),5.35817698994543
732,0,3,male,11.0,0,0,18.7875,C,Third,child,False,,Cherbourg,no,True,False,11.0,False,C,Cherbourg,False,Unknown,child,False,1,Solo,Niño (<16),2.9850504252071306
733,0,2,male,,0,0,0.0,S,Second,man,True,,Southampton,no,True,True,30.0,False,S,Southampton,False,Unknown,man,True,1,Solo,Joven (16-34),0.0
734,0,2,male,23.0,0,0,13.0,S,Second,man,True,,Southampton,no,True,False,23.0,False,S,Southampton,False,Unknown,man,True,1,Solo,Joven (16-34),2.6390573296152584
735,0,2,male,23.0,0,0,13.0,S,Second,man,True,,Southampton,no,True,False,23.0,False,S,Southampton,False,Unknown,man,True,1,Solo,Joven (16-34),2.6390573296152584
736,0,3,male,28.5,0,0,16.1,S,Third,man,True,,Southampton,no,True,False,28.5,False,S,Southampton,False,Unknown,man,True,1,Solo,Joven (16-34),2.8390784635086144
737,0,3,female,48.0,1,3,34.375,S,Third,woman,False,,Southampton,no,False,False,48.0,False,S,Southampton,False,Unknown,woman,False,5,Grande (5+),Adulto (35-59),3.5660053559634015
738,1,1,male,35.0,0,0,512.3292,C,First,man,True,B,Cherbourg,yes,True,False,35.0,False,C,Cherbourg,True,B,man,True,1,Solo,Adulto (35-59),6.240917354759096
739,0,3,male,,0,0,7.8958,S,Third,man,True,,Southampton,no,True,True,25.0,False,S,Southampton,False,Unknown,man,True,1,Solo,Joven (16-34),2.1855792552411137
740,0,3,male,,0,0,7.8958,S,Third,man,True,,Southampton,no,True,True,25.0,False,S,Southampton,False,Unknown,man,True,1,Solo,Joven (16-34),2.1855792552411137
741,1,1,male,,0,0,30.0,S,First,man,True,D,Southampton,yes,True,True,40.0,False,S,Southampton,True,D,man,True,1,Solo,Adulto (35-59),3.4339872044851463
742,0,1,male,36.0,1,0,78.85,S,First,man,True,C,Southampton,no,False,False,36.0,False,S,Southampton,True,C,man,True,2,Pequeña (2-4),Adulto (35-59),4.380149874661021
743,1,1,female,21.0,2,2,262.375,C,First,woman,False,B,Cherbourg,yes,False,False,21.0,False,C,Cherbourg,True,B,woman,False,5,Grande (5+),Joven (16-34),5.5735788721243535
744,0,3,male,24.0,1,0,16.1,S,Third,man,True,,Southampton,no,False,False,24.0,False,S,Southampton,False,Unknown,man,True,2,Pequeña (2-4),Joven (16-34),2.8390784635086144
745,1,3,male,31.0,0,0,7.925,S,Third,man,True,,Southampton,yes,True,False,31.0,False,S,Southampton,False,Unknown,man,True,1,Solo,Joven (16-34),2.188856327665703
746,0,1,male,70.0,1,1,71.0,S,First,man,True,B,Southampton,no,False,False,70.0,False,S,Southampton,True,B,man,True,3,Pequeña (2-4),Mayor (60+),4.276666119016055
747,0,3,male,16.0,1,1,20.25,S,Third,man,True,,Southampton,no,False,False,16.0,False,S,Southampton,False,Unknown,man,True,3,Pequeña (2-4),Joven (16-34),3.056356895370426
748,1,2,female,30.0,0,0,13.0,S,Second,woman,False,,Southampton,yes,True,False,30.0,False,S,Southampton,False,Unknown,woman,False,1,Solo,Joven (16-34),2.6390573296152584
749,0,1,male,19.0,1,0,53.1,S,First,man,True,D,Southampton,no,False,False,19.0,False,S,Southampton,True,D,man,True,2,Pequeña (2-4),Joven (16-34),3.9908341858524357
750,0,3,male,31.0,0,0,7.75,Q,Third,man,True,,Queenstown,no,True,False,31.0,False,Q,Queenstown,False,Unknown,man,True,1,Solo,Joven (16-34),2.169053700369523
751,1,2,female,4.0,1,1,23.0,S,Second,child,False,,Southampton,yes,False,False,4.0,False,S,Southampton,False,Unknown,child,False,3,Pequeña (2-4),Niño (<16),3.1780538303479458
752,1,3,male,6.0,0,1,12.475,S,Third,child,False,E,Southampton,yes,False,False,6.0,False,S,Southampton,True,E,child,False,2,Pequeña (2-4),Niño (<16),2.600836116795061
753,0,3,male,33.0,0,0,9.5,S,Third,man,True,,Southampton,no,True,False,33.0,False,S,Southampton,False,Unknown,man,True,1,Solo,Joven (16-34),2.3513752571634776
754,0,3,male,23.0,0,0,7.8958,S,Third,man,True,,Southampton,no,True,False,23.0,False,S,Southampton,False,Unknown,man,True,1,Solo,Joven (16-34),2.1855792552411137
755,1,2,female,48.0,1,2,65.0,S,Second,woman,False,,Southampton,yes,False,False,48.0,False,S,Southampton,False,Unknown,woman,False,4,Pequeña (2-4),Adulto (35-59),4.189654742026425
756,1,2,male,0.67,1,1,14.5,S,Second,child,False,,Southampton,yes,False,False,0.67,False,S,Southampton,False,Unknown,child,False,3,Pequeña (2-4),Niño (<16),2.740840023925201
757,0,3,male,28.0,0,0,7.7958,S,Third,man,True,,Southampton,no,True,False,28.0,False,S,Southampton,False,Unknown,man,True,1,Solo,Joven (16-34),2.174274334826008
758,0,2,male,18.0,0,0,11.5,S,Second,man,True,,Southampton,no,True,False,18.0,False,S,Southampton,False,Unknown,man,True,1,Solo,Joven (16-34),2.5257286443082556
759,0,3,male,34.0,0,0,8.05,S,Third,man,True,,Southampton,no,True,False,34.0,False,S,Southampton,False,Unknown,man,True,1,Solo,Joven (16-34),2.2027647577118348
760,1,1,female,33.0,0,0,86.5,S,First,woman,False,B,Southampton,yes,True,False,33.0,False,S,Southampton,True,B,woman,False,1,Solo,Joven (16-34),4.471638793363569
761,0,3,male,,0,0,14.5,S,Third,man,True,,Southampton,no,True,True,25.0,False,S,Southampton,False,Unknown,man,True,1,Solo,Joven (16-34),2.740840023925201
762,0,3,male,41.0,0,0,7.125,S,Third,man,True,,Southampton,no,True,False,41.0,False,S,Southampton,False,Unknown,man,True,1,Solo,Adulto (35-59),2.094945728215801
763,1,3,male,20.0,0,0,7.2292,C,Third,man,True,,Cherbourg,yes,True,False,20.0,False,C,Cherbourg,False,Unknown,man,True,1,Solo,Joven (16-34),2.1076888046179385
764,1,1,female,36.0,1,2,120.0,S,First,woman,False,B,Southampton,yes,False,False,36.0,False,S,Southampton,True,B,woman,False,4,Pequeña (2-4),Adulto (35-59),4.795790545596741
765,0,3,male,16.0,0,0,7.775,S,Third,man,True,,Southampton,no,True,False,16.0,False,S,Southampton,False,Unknown,man,True,1,Solo,Joven (16-34),2.1719067693519296
766,1,1,female,51.0,1,0,77.9583,S,First,woman,False,D,Southampton,yes,False,False,51.0,False,S,Southampton,True,D,woman,False,2,Pequeña (2-4),Adulto (35-59),4.368919865004903
767,0,1,male,,0,0,39.6,C,First,man,True,,Cherbourg,no,True,True,40.0,False,C,Cherbourg,False,Unknown,man,True,1,Solo,Adulto (35-59),3.703768066607687
768,0,3,female,30.5,0,0,7.75,Q,Third,woman,False,,Queenstown,no,True,False,30.5,False,Q,Queenstown,False,Unknown,woman,False,1,Solo,Joven (16-34),2.169053700369523
769,0,3,male,,1,0,24.15,Q,Third,man,True,,Queenstown,no,False,True,25.0,False,Q,Queenstown,False,Unknown,man,True,2,Pequeña (2-4),Joven (16-34),3.224857896545748
770,0,3,male,32.0,0,0,8.3625,S,Third,man,True,,Southampton,no,True,False,32.0,False,S,Southampton,False,Unknown,man,True,1,Solo,Joven (16-34),2.236712348843338
771,0,3,male,24.0,0,0,9.5,S,Third,man,True,,Southampton,no,True,False,24.0,False,S,Southampton,False,Unknown,man,True,1,Solo,Joven (16-34),2.3513752571634776
772,0,3,male,48.0,0,0,7.8542,S,Third,man,True,,Southampton,no,True,False,48.0,False,S,Southampton,False,Unknown,man,True,1,Solo,Adulto (35-59),2.180891922715322
773,0,2,female,57.0,0,0,10.5,S,Second,woman,False,E,Southampton,no,True,False,57.0,False,S,Southampton,True,E,woman,False,1,Solo,Adulto (35-59),2.4423470353692043
774,0,3,male,,0,0,7.225,C,Third,man,True,,Cherbourg,no,True,True,25.0,False,C,Cherbourg,False,Unknown,man,True,1,Solo,Joven (16-34),2.1071782966514356
775,1,2,female,54.0,1,3,23.0,S,Second,woman,False,,Southampton,yes,False,False,54.0,False,S,Southampton,False,Unknown,woman,False,5,Grande (5+),Adulto (35-59),3.1780538303479458
776,0,3,male,18.0,0,0,7.75,S,Third,man,True,,Southampton,no,True,False,18.0,False,S,Southampton,False,Unknown,man,True,1,Solo,Joven (16-34),2.169053700369523
777,0,3,male,,0,0,7.75,Q,Third,man,True,F,Queenstown,no,True,True,25.0,False,Q,Queenstown,True,F,man,True,1,Solo,Joven (16-34),2.169053700369523
778,1,3,female,5.0,0,0,12.475,S,Third,child,False,,Southampton,yes,True,False,5.0,False,S,Southampton,False,Unknown,child,False,1,Solo,Niño (<16),2.600836116795061
779,0,3,male,,0,0,7.7375,Q,Third,man,True,,Queenstown,no,True,True,25.0,False,Q,Queenstown,False,Unknown,man,True,1,Solo,Joven (16-34),2.1676241075599285
780,1,1,female,43.0,0,1,211.3375,S,First,woman,False,B,Southampton,yes,False,False,43.0,False,S,Southampton,True,B,woman,False,2,Pequeña (2-4),Adulto (35-59),5.35817698994543
781,1,3,female,13.0,0,0,7.2292,C,Third,child,False,,Cherbourg,yes,True,False,13.0,False,C,Cherbourg,False,Unknown,child,False,1,Solo,Niño (<16),2.1076888046179385
782,1,1,female,17.0,1,0,57.0,S,First,woman,False,B,Southampton,yes,False,False,17.0,False,S,Southampton,True,B,woman,False,2,Pequeña (2-4),Joven (16-34),4.060443010546419
783,0,1,male,29.0,0,0,30.0,S,First,man,True,D,Southampton,no,True,False,29.0,False,S,Southampton,True,D,man,True,1,Solo,Joven (16-34),3.4339872044851463
784,0,3,male,,1,2,23.45,S,Third,man,True,,Southampton,no,False,True,25.0,False,S,Southampton,False,Unknown,man,True,4,Pequeña (2-4),Joven (16-34),3.196630215920881
785,0,3,male,25.0,0,0,7.05,S,Third,man,True,,Southampton,no,True,False,25.0,False,S,Southampton,False,Unknown,man,True,1,Solo,Joven (16-34),2.0856720914304723
786,0,3,male,25.0,0,0,7.25,S,Third,man,True,,Southampton,no,True,False,25.0,False,S,Southampton,False,Unknown,man,True,1,Solo,Joven (16-34),2.1102132003465894
787,1,3,female,18.0,0,0,7.4958,S,Third,woman,False,,Southampton,yes,True,False,18.0,False,S,Southampton,False,Unknown,woman,False,1,Solo,Joven (16-34),2.139571923732859
788,0,3,male,8.0,4,1,29.125,Q,Third,child,False,,Queenstown,no,False,False,8.0,False,Q,Queenstown,False,Unknown,child,False,6,Grande (5+),Niño (<16),3.405355391810819
789,1,3,male,1.0,1,2,20.575,S,Third,child,False,,Southampton,yes,False,False,1.0,False,S,Southampton,False,Unknown,child,False,4,Pequeña (2-4),Niño (<16),3.0715352369694915
790,0,1,male,46.0,0,0,79.2,C,First,man,True,B,Cherbourg,no,True,False,46.0,False,C,Cherbourg,True,B,man,True,1,Solo,Adulto (35-59),4.384523514872469
791,0,3,male,,0,0,7.75,Q,Third,man,True,,Queenstown,no,True,True,25.0,False,Q,Queenstown,False,Unknown,man,True,1,Solo,Joven (16-34),2.169053700369523
792,0,2,male,16.0,0,0,26.0,S,Second,man,True,,Southampton,no,True,False,16.0,False,S,Southampton,False,Unknown,man,True,1,Solo,Joven (16-34),3.295836866004329
793,0,3,female,,8,2,69.55,S,Third,woman,False,,Southampton,no,False,True,21.5,False,S,Southampton,False,Unknown,woman,False,11,Grande (5+),Joven (16-34),4.256321678298823
794,0,1,male,,0,0,30.6958,C,First,man,True,,Cherbourg,no,True,True,40.0,False,C,Cherbourg,False,Unknown,man,True,1,Solo,Adulto (35-59),3.4561841799918147
795,0,3,male,25.0,0,0,7.8958,S,Third,man,True,,Southampton,no,True,False,25.0,False,S,Southampton,False,Unknown,man,True,1,Solo,Joven (16-34),2.1855792552411137
796,0,2,male,39.0,0,0,13.0,S,Second,man,True,,Southampton,no,True,False,39.0,False,S,Southampton,False,Unknown,man,True,1,Solo,Adulto (35-59),2.6390573296152584
797,1,1,female,49.0,0,0,25.9292,S,First,woman,False,D,Southampton,yes,True,False,49.0,False,S,Southampton,True,D,woman,False,1,Solo,Adulto (35-59),3.2932111997353943
798,1,3,female,31.0,0,0,8.6833,S,Third,woman,False,,Southampton,yes,True,False,31.0,False,S,Southampton,False,Unknown,woman,False,1,Solo,Joven (16-34),2.270402752283094
799,0,3,male,30.0,0,0,7.2292,C,Third,man,True,,Cherbourg,no,True,False,30.0,False,C,Cherbourg,False,Unknown,man,True,1,Solo,Joven (16-34),2.1076888046179385
800,0,3,female,30.0,1,1,24.15,S,Third,woman,False,,Southampton,no,False,False,30.0,False,S,Southampton,False,Unknown,woman,False,3,Pequeña (2-4),Joven (16-34),3.224857896545748
801,0,2,male,34.0,0,0,13.0,S,Second,man,True,,Southampton,no,True,False,34.0,False,S,Southampton,False,Unknown,man,True,1,Solo,Joven (16-34),2.6390573296152584
802,1,2,female,31.0,1,1,26.25,S,Second,woman,False,,Southampton,yes,False,False,31.0,False,S,Southampton,False,Unknown,woman,False,3,Pequeña (2-4),Joven (16-34),3.305053521109253
803,1,1,male,11.0,1,2,120.0,S,First,child,False,B,Southampton,yes,False,False,11.0,False,S,Southampton,True,B,child,False,4,Pequeña (2-4),Niño (<16),4.795790545596741
804,1,3,male,0.42,0,1,8.5167,C,Third,child,False,,Cherbourg,yes,False,False,0.42,False,C,Cherbourg,False,Unknown,child,False,2,Pequeña (2-4),Niño (<16),2.2530481500547457
805,1,3,male,27.0,0,0,6.975,S,Third,man,True,,Southampton,yes,True,False,27.0,False,S,Southampton,False,Unknown,man,True,1,Solo,Joven (16-34),2.076311648670908
806,0,3,male,31.0,0,0,7.775,S,Third,man,True,,Southampton,no,True,False,31.0,False,S,Southampton,False,Unknown,man,True,1,Solo,Joven (16-34),2.1719067693519296
807,0,1,male,39.0,0,0,0.0,S,First,man,True,A,Southampton,no,True,False,39.0,False,S,Southampton,True,A,man,True,1,Solo,Adulto (35-59),0.0
808,0,3,female,18.0,0,0,7.775,S,Third,woman,False,,Southampton,no,True,False,18.0,False,S,Southampton,False,Unknown,woman,False,1,Solo,Joven (16-34),2.1719067693519296
809,0,2,male,39.0,0,0,13.0,S,Second,man,True,,Southampton,no,True,False,39.0,False,S,Southampton,False,Unknown,man,True,1,Solo,Adulto (35-59),2.6390573296152584
810,1,1,female,33.0,1,0,53.1,S,First,woman,False,E,Southampton,yes,False,False,33.0,False,S,Southampton,True,E,woman,False,2,Pequeña (2-4),Joven (16-34),3.9908341858524357
811,0,3,male,26.0,0,0,7.8875,S,Third,man,True,,Southampton,no,True,False,26.0,False,S,Southampton,False,Unknown,man,True,1,Solo,Joven (16-34),2.184645795129359
812,0,3,male,39.0,0,0,24.15,S,Third,man,True,,Southampton,no,True,False,39.0,False,S,Southampton,False,Unknown,man,True,1,Solo,Adulto (35-59),3.224857896545748
813,0,2,male,35.0,0,0,10.5,S,Second,man,True,,Southampton,no,True,False,35.0,False,S,Southampton,False,Unknown,man,True,1,Solo,Adulto (35-59),2.4423470353692043
814,0,3,female,6.0,4,2,31.275,S,Third,child,False,,Southampton,no,False,False,6.0,False,S,Southampton,False,Unknown,child,False,7,Grande (5+),Niño (<16),3.4742929367327062
815,0,3,male,30.5,0,0,8.05,S,Third,man,True,,Southampton,no,True,False,30.5,False,S,Southampton,False,Unknown,man,True,1,Solo,Joven (16-34),2.2027647577118348
816,0,1,male,,0,0,0.0,S,First,man,True,B,Southampton,no,True,True,40.0,False,S,Southampton,True,B,man,True,1,Solo,Adulto (35-59),0.0
817,0,3,female,23.0,0,0,7.925,S,Third,woman,False,,Southampton,no,True,False,23.0,False,S,Southampton,False,Unknown,woman,False,1,Solo,Joven (16-34),2.188856327665703
818,0,2,male,31.0,1,1,37.0042,C,Second,man,True,,Cherbourg,no,False,False,31.0,False,C,Cherbourg,False,Unknown,man,True,3,Pequeña (2-4),Joven (16-34),3.637696679934592
819,0,3,male,43.0,0,0,6.45,S,Third,man,True,,Southampton,no,True,False,43.0,False,S,Southampton,False,Unknown,man,True,1,Solo,Adulto (35-59),2.0082140323914683
820,0,3,male,10.0,3,2,27.9,S,Third,child,False,,Southampton,no,False,False,10.0,False,S,Southampton,False,Unknown,child,False,6,Grande (5+),Niño (<16),3.3638415951183864
821,1,1,female,52.0,1,1,93.5,S,First,woman,False,B,Southampton,yes,False,False,52.0,False,S,Southampton,True,B,woman,False,3,Pequeña (2-4),Adulto (35-59),4.548599834499697
822,1,3,male,27.0,0,0,8.6625,S,Third,man,True,,Southampton,yes,True,False,27.0,False,S,Southampton,False,Unknown,man,True,1,Solo,Joven (16-34),2.2682524139135403
823,0,1,male,38.0,0,0,0.0,S,First,man,True,,Southampton,no,True,False,38.0,False,S,Southampton,False,Unknown,man,True,1,Solo,Adulto (35-59),0.0
824,1,3,female,27.0,0,1,12.475,S,Third,woman,False,E,Southampton,yes,False,False,27.0,False,S,Southampton,True,E,woman,False,2,Pequeña (2-4),Joven (16-34),2.600836116795061
825,0,3,male,2.0,4,1,39.6875,S,Third,child,False,,Southampton,no,False,False,2.0,False,S,Southampton,False,Unknown,child,False,6,Grande (5+),Niño (<16),3.705920919968788
826,0,3,male,,0,0,6.95,Q,Third,man,True,,Queenstown,no,True,True,25.0,False,Q,Queenstown,False,Unknown,man,True,1,Solo,Joven (16-34),2.0731719286662407
827,0,3,male,,0,0,56.4958,S,Third,man,True,,Southampton,no,True,True,25.0,False,S,Southampton,False,Unknown,man,True,1,Solo,Joven (16-34),4.05171190165724
828,1,2,male,1.0,0,2,37.0042,C,Second,child,False,,Cherbourg,yes,False,False,1.0,False,C,Cherbourg,False,Unknown,child,False,3,Pequeña (2-4),Niño (<16),3.637696679934592
829,1,3,male,,0,0,7.75,Q,Third,man,True,,Queenstown,yes,True,True,25.0,False,Q,Queenstown,False,Unknown,man,True,1,Solo,Joven (16-34),2.169053700369523
830,1,1,female,62.0,0,0,80.0,,First,woman,False,B,,yes,True,False,62.0,True,S,Southampton,True,B,woman,False,1,Solo,Mayor (60+),4.394449154672439
831,1,3,female,15.0,1,0,14.4542,C,Third,child,False,,Cherbourg,yes,False,False,15.0,False,C,Cherbourg,False,Unknown,child,False,2,Pequeña (2-4),Niño (<16),2.737880811060884
832,1,2,male,0.83,1,1,18.75,S,Second,child,False,,Southampton,yes,False,False,0.83,False,S,Southampton,False,Unknown,child,False,3,Pequeña (2-4),Niño (<16),2.9831534913471307
833,0,3,male,,0,0,7.2292,C,Third,man,True,,Cherbourg,no,True,True,25.0,False,C,Cherbourg,False,Unknown,man,True,1,Solo,Joven (16-34),2.1076888046179385
834,0,3,male,23.0,0,0,7.8542,S,Third,man,True,,Southampton,no,True,False,23.0,False,S,Southampton,False,Unknown,man,True,1,Solo,Joven (16-34),2.180891922715322
835,0,3,male,18.0,0,0,8.3,S,Third,man,True,,Southampton,no,True,False,18.0,False,S,Southampton,False,Unknown,man,True,1,Solo,Joven (16-34),2.2300144001592104
836,1,1,female,39.0,1,1,83.1583,C,First,woman,False,E,Cherbourg,yes,False,False,39.0,False,C,Cherbourg,True,E,woman,False,3,Pequeña (2-4),Adulto (35-59),4.432699549165613
837,0,3,male,21.0,0,0,8.6625,S,Third,man,True,,Southampton,no,True,False,21.0,False,S,Southampton,False,Unknown,man,True,1,Solo,Joven (16-34),2.2682524139135403
838,0,3,male,,0,0,8.05,S,Third,man,True,,Southampton,no,True,True,25.0,False,S,Southampton,False,Unknown,man,True,1,Solo,Joven (16-34),2.2027647577118348
839,1,3,male,32.0,0,0,56.4958,S,Third,man,True,,Southampton,yes,True,False,32.0,False,S,Southampton,False,Unknown,man,True,1,Solo,Joven (16-34),4.05171190165724
840,1,1,male,,0,0,29.7,C,First,man,True,C,Cherbourg,yes,True,True,40.0,False,C,Cherbourg,True,C,man,True,1,Solo,Adulto (35-59),3.4242626545931514
841,0,3,male,20.0,0,0,7.925,S,Third,man,True,,Southampton,no,True,False,20.0,False,S,Southampton,False,Unknown,man,True,1,Solo,Joven (16-34),2.188856327665703
842,0,2,male,16.0,0,0,10.5,S,Second,man,True,,Southampton,no,True,False,16.0,False,S,Southampton,False,Unknown,man,True,1,Solo,Joven (16-34),2.4423470353692043
843,1,1,female,30.0,0,0,31.0,C,First,woman,False,,Cherbourg,yes,True,False,30.0,False,C,Cherbourg,False,Unknown,woman,False,1,Solo,Joven (16-34),3.4657359027997265
844,0,3,male,34.5,0,0,6.4375,C,Third,man,True,,Cherbourg,no,True,False,34.5,False,C,Cherbourg,False,Unknown,man,True,1,Solo,Joven (16-34),2.006534770871748
845,0,3,male,17.0,0,0,8.6625,S,Third,man,True,,Southampton,no,True,False,17.0,False,S,Southampton,False,Unknown,man,True,1,Solo,Joven (16-34),2.2682524139135403
846,0,3,male,42.0,0,0,7.55,S,Third,man,True,,Southampton,no,True,False,42.0,False,S,Southampton,False,Unknown,man,True,1,Solo,Adulto (35-59),2.145931282948669
847,0,3,male,,8,2,69.55,S,Third,man,True,,Southampton,no,False,True,25.0,False,S,Southampton,False,Unknown,man,True,11,Grande (5+),Joven (16-34),4.256321678298823
848,0,3,male,35.0,0,0,7.8958,C,Third,man,True,,Cherbourg,no,True,False,35.0,False,C,Cherbourg,False,Unknown,man,True,1,Solo,Adulto (35-59),2.1855792552411137
849,0,2,male,28.0,0,1,33.0,S,Second,man,True,,Southampton,no,False,False,28.0,False,S,Southampton,False,Unknown,man,True,2,Pequeña (2-4),Joven (16-34),3.5263605246161616
850,1,1,female,,1,0,89.1042,C,First,woman,False,C,Cherbourg,yes,False,True,35.0,False,C,Cherbourg,True,C,woman,False,2,Pequeña (2-4),Adulto (35-59),4.500966778400217
851,0,3,male,4.0,4,2,31.275,S,Third,child,False,,Southampton,no,False,False,4.0,False,S,Southampton,False,Unknown,child,False,7,Grande (5+),Niño (<16),3.4742929367327062
852,0,3,male,74.0,0,0,7.775,S,Third,man,True,,Southampton,no,True,False,74.0,False,S,Southampton,False,Unknown,man,True,1,Solo,Mayor (60+),2.1719067693519296
853,0,3,female,9.0,1,1,15.2458,C,Third,child,False,,Cherbourg,no,False,False,9.0,False,C,Cherbourg,False,Unknown,child,False,3,Pequeña (2-4),Niño (<16),2.7878344138303452
854,1,1,female,16.0,0,1,39.4,S,First,woman,False,D,Southampton,yes,False,False,16.0,False,S,Southampton,True,D,woman,False,2,Pequeña (2-4),Joven (16-34),3.6988297849671046
855,0,2,female,44.0,1,0,26.0,S,Second,woman,False,,Southampton,no,False,False,44.0,False,S,Southampton,False,Unknown,woman,False,2,Pequeña (2-4),Adulto (35-59),3.295836866004329
856,1,3,female,18.0,0,1,9.35,S,Third,woman,False,,Southampton,yes,False,False,18.0,False,S,Southampton,False,Unknown,woman,False,2,Pequeña (2-4),Joven (16-34),2.336986519711378
857,1,1,female,45.0,1,1,164.8667,S,First,woman,False,,Southampton,yes,False,False,45.0,False,S,Southampton,False,Unknown,woman,False,3,Pequeña (2-4),Adulto (35-59),5.11118445372147
858,1,1,male,51.0,0,0,26.55,S,First,man,True,E,Southampton,yes,True,False,51.0,False,S,Southampton,True,E,man,True,1,Solo,Adulto (35-59),3.3160025355989236
859,1,3,female,24.0,0,3,19.2583,C,Third,woman,False,,Cherbourg,yes,False,False,24.0,False,C,Cherbourg,False,Unknown,woman,False,4,Pequeña (2-4),Joven (16-34),3.0085645861193133
860,0,3,male,,0,0,7.2292,C,Third,man,True,,Cherbourg,no,True,True,25.0,False,C,Cherbourg,False,Unknown,man,True,1,Solo,Joven (16-34),2.1076888046179385
861,0,3,male,41.0,2,0,14.1083,S,Third,man,True,,Southampton,no,False,False,41.0,False,S,Southampton,False,Unknown,man,True,3,Pequeña (2-4),Adulto (35-59),2.7152442616824506
862,0,2,male,21.0,1,0,11.5,S,Second,man,True,,Southampton,no,False,False,21.0,False,S,Southampton,False,Unknown,man,True,2,Pequeña (2-4),Joven (16-34),2.5257286443082556
863,1,1,female,48.0,0,0,25.9292,S,First,woman,False,D,Southampton,yes,True,False,48.0,False,S,Southampton,True,D,woman,False,1,Solo,Adulto (35-59),3.2932111997353943
864,0,3,female,,8,2,69.55,S,Third,woman,False,,Southampton,no,False,True,21.5,False,S,Southampton,False,Unknown,woman,False,11,Grande (5+),Joven (16-34),4.256321678298823
865,0,2,male,24.0,0,0,13.0,S,Second,man,True,,Southampton,no,True,False,24.0,False,S,Southampton,False,Unknown,man,True,1,Solo,Joven (16-34),2.6390573296152584
866,1,2,female,42.0,0,0,13.0,S,Second,woman,False,,Southampton,yes,True,False,42.0,False,S,Southampton,False,Unknown,woman,False,1,Solo,Adulto (35-59),2.6390573296152584
867,1,2,female,27.0,1,0,13.8583,C,Second,woman,False,,Cherbourg,yes,False,False,27.0,False,C,Cherbourg,False,Unknown,woman,False,2,Pequeña (2-4),Joven (16-34),2.698558631668595
868,0,1,male,31.0,0,0,50.4958,S,First,man,True,A,Southampton,no,True,False,31.0,False,S,Southampton,True,A,man,True,1,Solo,Joven (16-34),3.941500250945973
869,0,3,male,,0,0,9.5,S,Third,man,True,,Southampton,no,True,True,25.0,False,S,Southampton,False,Unknown,man,True,1,Solo,Joven (16-34),2.3513752571634776
870,1,3,male,4.0,1,1,11.1333,S,Third,child,False,,Southampton,yes,False,False,4.0,False,S,Southampton,False,Unknown,child,False,3,Pequeña (2-4),Niño (<16),2.495953738718064
871,0,3,male,26.0,0,0,7.8958,S,Third,man,True,,Southampton,no,True,False,26.0,False,S,Southampton,False,Unknown,man,True,1,Solo,Joven (16-34),2.1855792552411137
872,1,1,female,47.0,1,1,52.5542,S,First,woman,False,D,Southampton,yes,False,False,47.0,False,S,Southampton,True,D,woman,False,3,Pequeña (2-4),Adulto (35-59),3.9806942251907276
873,0,1,male,33.0,0,0,5.0,S,First,man,True,B,Southampton,no,True,False,33.0,False,S,Southampton,True,B,man,True,1,Solo,Joven (16-34),1.791759469228055
874,0,3,male,47.0,0,0,9.0,S,Third,man,True,,Southampton,no,True,False,47.0,False,S,Southampton,False,Unknown,man,True,1,Solo,Adulto (35-59),2.302585092994046
875,1,2,female,28.0,1,0,24.0,C,Second,woman,False,,Cherbourg,yes,False,False,28.0,False,C,Cherbourg,False,Unknown,woman,False,2,Pequeña (2-4),Joven (16-34),3.2188758248682006
876,1,3,female,15.0,0,0,7.225,C,Third,child,False,,Cherbourg,yes,True,False,15.0,False,C,Cherbourg,False,Unknown,child,False,1,Solo,Niño (<16),2.1071782966514356
877,0,3,male,20.0,0,0,9.8458,S,Third,man,True,,Southampton,no,True,False,20.0,False,S,Southampton,False,Unknown,man,True,1,Solo,Joven (16-34),2.3837779082709782
878,0,3,male,19.0,0,0,7.8958,S,Third,man,True,,Southampton,no,True,False,19.0,False,S,Southampton,False,Unknown,man,True,1,Solo,Joven (16-34),2.1855792552411137
879,0,3,male,,0,0,7.8958,S,Third,man,True,,Southampton,no,True,True,25.0,False,S,Southampton,False,Unknown,man,True,1,Solo,Joven (16-34),2.1855792552411137
880,1,1,female,56.0,0,1,83.1583,C,First,woman,False,C,Cherbourg,yes,False,False,56.0,False,C,Cherbourg,True,C,woman,False,2,Pequeña (2-4),Adulto (35-59),4.432699549165613
881,1,2,female,25.0,0,1,26.0,S,Second,woman,False,,Southampton,yes,False,False,25.0,False,S,Southampton,False,Unknown,woman,False,2,Pequeña (2-4),Joven (16-34),3.295836866004329
882,0,3,male,33.0,0,0,7.8958,S,Third,man,True,,Southampton,no,True,False,33.0,False,S,Southampton,False,Unknown,man,True,1,Solo,Joven (16-34),2.1855792552411137
883,0,3,female,22.0,0,0,10.5167,S,Third,woman,False,,Southampton,no,True,False,22.0,False,S,Southampton,False,Unknown,woman,False,1,Solo,Joven (16-34),2.4437981558973862
884,0,2,male,28.0,0,0,10.5,S,Second,man,True,,Southampton,no,True,False,28.0,False,S,Southampton,False,Unknown,man,True,1,Solo,Joven (16-34),2.4423470353692043
885,0,3,male,25.0,0,0,7.05,S,Third,man,True,,Southampton,no,True,False,25.0,False,S,Southampton,False,Unknown,man,True,1,Solo,Joven (16-34),2.0856720914304723
886,0,3,female,39.0,0,5,29.125,Q,Third,woman,False,,Queenstown,no,False,False,39.0,False,Q,Queenstown,False,Unknown,woman,False,6,Grande (5+),Adulto (35-59),3.405355391810819
887,0,2,male,27.0,0,0,13.0,S,Second,man,True,,Southampton,no,True,False,27.0,False,S,Southampton,False,Unknown,man,True,1,Solo,Joven (16-34),2.6390573296152584
888,1,1,female,19.0,0,0,30.0,S,First,woman,False,B,Southampton,yes,True,False,19.0,False,S,Southampton,True,B,woman,False,1,Solo,Joven (16-34),3.4339872044851463
889,0,3,female,,1,2,23.45,S,Third,woman,False,,Southampton,no,False,True,21.5,False,S,Southampton,False,Unknown,woman,False,4,Pequeña (2-4),Joven (16-34),3.196630215920881
890,1,1,male,26.0,0,0,30.0,C,First,man,True,C,Cherbourg,yes,True,False,26.0,False,C,Cherbourg,True,C,man,True,1,Solo,Joven (16-34),3.4339872044851463
891,0,3,male,32.0,0,0,7.75,Q,Third,man,True,,Queenstown,no,True,False,32.0,False,Q,Queenstown,False,Unknown,man,True,1,Solo,Joven (16-34),2.169053700369523
