row_id,survived,pclass,sex,age,sibsp,parch,fare,embarked,class,who,adult_male,deck,embark_town,alive,alone,age_imputed,age_clean,embarked_imputed,embarked_clean,embark_town_clean,deck_known,deck_clean,who_clean,adult_male_clean,family_size,family_group,age_group,fare_log1p,fare_log1p_f4,age_z,fare_log1p_z,is_minor,sex_pclass,family_size_sq,has_family
1,0,3,male,22.0,1,0,7.25,S,Third,man,True,,Southampton,no,False,False,22.0,False,S,Southampton,False,Unknown,man,True,2,Pequeña (2-4),Joven (16-34),2.110213200346589,2.1102132003465894,-0.534891162868889,-0.879740569393428,0,male_pclass_3,4.0,1
2,1,1,female,38.0,1,0,71.2833,C,First,woman,False,C,Cherbourg,yes,False,False,38.0,False,C,Cherbourg,True,C,woman,False,2,Pequeña (2-4),Adulto (35-59),4.2805931204649,4.2805931204649,0.6683917564561227,1.3612199269233836,0,female_pclass_1,4.0,1
3,1,3,female,26.0,0,0,7.925,S,Third,woman,False,,Southampton,yes,True,False,26.0,False,S,Southampton,False,Unknown,woman,False,1,Solo,Joven (16-34),2.188856327665703,2.188856327665703,-0.23407043303763608,-0.7985399740528022,0,female_pclass_3,1.0,0
4,1,1,female,35.0,1,0,53.1,S,First,woman,False,C,Southampton,yes,False,False,35.0,False,S,Southampton,True,C,woman,False,2,Pequeña (2-4),Adulto (35-59),3.990834185852436,3.9908341858524357,0.44277620908268306,1.0620380556287108,0,female_pclass_1,4.0,1
5,0,3,male,35.0,0,0,8.05,S,Third,man,True,,Southampton,no,True,False,35.0,False,S,Southampton,False,Unknown,man,True,1,Solo,Adulto (35-59),2.2027647577118348,2.2027647577118348,0.44277620908268306,-0.7841792430073969,0,male_pclass_3,1.0,0
6,0,3,male,,0,0,8.4583,Q,Third,man,True,,Queenstown,no,True,True,25.0,False,Q,Queenstown,False,Unknown,man,True,1,Solo,Joven (16-34),2.246892662898172,2.246892662898172,-0.3092756154954493,-0.7386163019798166,0,male_pclass_3,1.0,0
7,0,1,male,54.0,0,0,51.8625,S,First,man,True,E,Southampton,no,True,False,54.0,False,S,Southampton,True,E,man,True,1,Solo,Adulto (35-59),3.967694202798607,3.967694202798607,1.8716746757811344,1.0381455622323272,0,male_pclass_1,1.0,0
8,0,3,male,2.0,3,1,21.075,S,Third,child,False,,Southampton,no,False,False,2.0,False,S,Southampton,False,Unknown,child,False,5,Grande (5+),Niño (<16),3.0944457464900235,3.0944457464900235,-2.0389948120251535,0.13649913806595412,1,male_pclass_3,25.0,1
9,1,3,female,27.0,0,2,11.1333,S,Third,woman,False,,Southampton,yes,False,False,27.0,False,S,Southampton,False,Unknown,woman,False,3,Pequeña (2-4),Joven (16-34),2.495953738718064,2.495953738718064,-0.15886525057982284,-0.48145578049281346,0,female_pclass_3,9.0,1
10,1,2,female,14.0,1,0,30.0708,C,Second,child,False,,Cherbourg,yes,False,False,14.0,False,C,Cherbourg,False,Unknown,child,False,2,Pequeña (2-4),Niño (<16),3.436268471383741,3.436268471383741,-1.136532622531395,0.4894379098126232,1,female_pclass_2,4.0,1
11,1,3,female,4.0,1,1,16.7,S,Third,child,False,G,Southampton,yes,False,False,4.0,False,S,Southampton,True,G,child,False,3,Pequeña (2-4),Niño (<16),2.873564639579784,2.8735646395797834,-1.8885844471095272,-0.09156500424402263,1,female_pclass_3,9.0,1
12,1,1,female,58.0,0,0,26.55,S,First,woman,False,C,Southampton,yes,True,False,58.0,False,S,Southampton,True,C,woman,False,1,Solo,Adulto (35-59),3.316002535598924,3.3160025355989236,2.1724954056123873,0.3652609357040262,0,female_pclass_1,1.0,0
13,0,3,male,20.0,0,0,8.05,S,Third,man,True,,Southampton,no,True,False,20.0,False,S,Southampton,False,Unknown,man,True,1,Solo,Joven (16-34),2.2027647577118348,2.2027647577118348,-0.6853015277845155,-0.7841792430073969,0,male_pclass_3,1.0,0
14,0,3,male,39.0,1,5,31.275,S,Third,man,True,,Southampton,no,False,False,39.0,False,S,Southampton,False,Unknown,man,True,7,Grande (5+),Adulto (35-59),3.4742929367327062,3.4742929367327062,0.743596938913936,0.5286989276421438,0,male_pclass_3,49.0,1
15,0,3,female,14.0,0,0,7.8542,S,Third,child,False,,Southampton,no,True,False,14.0,False,S,Southampton,False,Unknown,child,False,1,Solo,Niño (<16),2.180891922715322,2.180891922715322,-1.136532622531395,-0.8067633807960332,1,female_pclass_3,1.0,0
16,1,2,female,55.0,0,0,16.0,S,Second,woman,False,,Southampton,yes,True,False,55.0,False,S,Southampton,False,Unknown,woman,False,1,Solo,Adulto (35-59),2.833213344056216,2.833213344056216,1.9468798582389477,-0.13322852057373058,0,female_pclass_2,1.0,0
17,0,3,male,2.0,4,1,29.125,Q,Third,child,False,,Queenstown,no,False,False,2.0,False,Q,Queenstown,False,Unknown,child,False,6,Grande (5+),Niño (<16),3.405355391810819,3.405355391810819,-2.0389948120251535,0.4575195394387211,1,male_pclass_3,36.0,1
18,1,2,male,,0,0,13.0,S,Second,man,True,,Southampton,yes,True,True,30.0,False,S,Southampton,False,Unknown,man,True,1,Solo,Joven (16-34),2.6390573296152584,2.6390573296152584,0.06675029679361687,-0.33369847260903374,0,male_pclass_2,1.0,0
19,0,3,female,31.0,1,0,18.0,S,Third,woman,False,,Southampton,no,False,False,31.0,False,S,Southampton,False,Unknown,woman,False,2,Pequeña (2-4),Joven (16-34),2.9444389791664403,2.9444389791664403,0.1419554792514301,-0.018385836972892044,0,female_pclass_3,4.0,1
20,1,3,female,,0,0,7.225,C,Third,woman,False,,Cherbourg,yes,True,True,21.5,False,C,Cherbourg,False,Unknown,woman,False,1,Solo,Joven (16-34),2.107178296651436,2.1071782966514356,-0.5724937540977957,-0.8828741679067219,0,female_pclass_3,1.0,0
21,0,2,male,35.0,0,0,26.0,S,Second,man,True,,Southampton,no,True,False,35.0,False,S,Southampton,False,Unknown,man,True,1,Solo,Adulto (35-59),3.295836866004329,3.295836866004329,0.44277620908268306,0.34443948019553633,0,male_pclass_2,1.0,0
22,1,2,male,34.0,0,0,13.0,S,Second,man,True,D,Southampton,yes,True,False,34.0,False,S,Southampton,True,D,man,True,1,Solo,Joven (16-34),2.6390573296152584,2.6390573296152584,0.3675710266248698,-0.33369847260903374,0,male_pclass_2,1.0,0
23,1,3,female,15.0,0,0,8.0292,Q,Third,child,False,,Queenstown,yes,True,False,15.0,False,Q,Queenstown,False,Unknown,child,False,1,Solo,Niño (<16),2.200463769927285,2.2004637699272855,-1.0613274400735817,-0.786555058725136,1,female_pclass_3,1.0,0
24,1,1,male,28.0,0,0,35.5,S,First,man,True,A,Southampton,yes,True,False,28.0,False,S,Southampton,True,A,man,True,1,Solo,Joven (16-34),3.597312260588446,3.597312260588446,-0.0836600681220096,0.6557188297748955,0,male_pclass_1,1.0,0
25,0,3,female,8.0,3,1,21.075,S,Third,child,False,,Southampton,no,False,False,8.0,False,S,Southampton,False,Unknown,child,False,5,Grande (5+),Niño (<16),3.0944457464900235,3.0944457464900235,-1.5877637172782744,0.13649913806595412,1,female_pclass_3,25.0,1
26,1,3,female,38.0,1,5,31.3875,S,Third,woman,False,,Southampton,yes,False,False,38.0,False,S,Southampton,False,Unknown,woman,False,7,Grande (5+),Adulto (35-59),3.4777725458882283,3.4777725458882283,0.6683917564561227,0.5322916934007407,0,female_pclass_3,49.0,1
27,0,3,male,,0,0,7.225,C,Third,man,True,,Cherbourg,no,True,True,25.0,False,C,Cherbourg,False,Unknown,man,True,1,Solo,Joven (16-34),2.107178296651436,2.1071782966514356,-0.3092756154954493,-0.8828741679067219,0,male_pclass_3,1.0,0
28,0,1,male,19.0,3,2,263.0,S,First,man,True,C,Southampton,no,False,False,19.0,False,S,Southampton,True,C,man,True,6,Grande (5+),Joven (16-34),5.575949103146316,5.575949103146316,-0.7605067102423287,2.698700779445489,0,male_pclass_1,36.0,1
29,1,3,female,,0,0,7.8792,Q,Third,woman,False,,Queenstown,yes,True,True,21.5,False,Q,Queenstown,False,Unknown,woman,False,1,Solo,Joven (16-34),2.1837114628556327,2.1837114628556327,-0.5724937540977957,-0.8038521494426434,0,female_pclass_3,1.0,0
30,0,3,male,,0,0,7.8958,S,Third,man,True,,Southampton,no,True,True,25.0,False,S,Southampton,False,Unknown,man,True,1,Solo,Joven (16-34),2.1855792552411137,2.1855792552411137,-0.3092756154954493,-0.801923616602662,0,male_pclass_3,1.0,0
31,0,1,male,40.0,0,0,27.7208,C,First,man,True,,Cherbourg,no,True,False,40.0,False,C,Cherbourg,False,Unknown,man,True,1,Solo,Adulto (35-59),3.357621598945279,3.357621598945279,0.8188021213717492,0.4082334475616763,0,male_pclass_1,1.0,0
32,1,1,female,,1,0,146.5208,C,First,woman,False,B,Cherbourg,yes,False,True,35.0,False,C,Cherbourg,True,B,woman,False,2,Pequeña (2-4),Adulto (35-59),4.993969182787072,4.993969182787072,0.44277620908268306,2.0977949200217725,0,female_pclass_1,4.0,1
33,1,3,female,,0,0,7.75,Q,Third,woman,False,,Queenstown,yes,True,True,21.5,False,Q,Queenstown,False,Unknown,woman,False,1,Solo,Joven (16-34),2.169053700369523,2.169053700369523,-0.5724937540977957,-0.8189865811572417,0,female_pclass_3,1.0,0
34,0,2,male,66.0,0,0,10.5,S,Second,man,True,,Southampton,no,True,False,66.0,False,S,Southampton,False,Unknown,man,True,1,Solo,Mayor (60+),2.4423470353692043,2.4423470353692043,2.7741368652748934,-0.5368057694182642,0,male_pclass_2,1.0,0
35,0,1,male,28.0,1,0,82.1708,C,First,man,True,,Cherbourg,no,False,False,28.0,False,C,Cherbourg,False,Unknown,man,True,2,Pequeña (2-4),Joven (16-34),4.420896324687287,4.420896324687287,-0.0836600681220096,1.506085779788397,0,male_pclass_1,4.0,1
36,0,1,male,42.0,1,0,52.0,S,First,man,True,,Southampton,no,False,False,42.0,False,S,Southampton,False,Unknown,man,True,2,Pequeña (2-4),Adulto (35-59),3.970291913552122,3.970291913552122,0.9692124862873757,1.0408277503255376,0,male_pclass_1,4.0,1
37,1,3,male,,0,0,7.2292,C,Third,man,True,,Cherbourg,yes,True,True,25.0,False,C,Cherbourg,False,Unknown,man,True,1,Solo,Joven (16-34),2.1076888046179385,2.1076888046179385,-0.3092756154954493,-0.8823470582632058,0,male_pclass_3,1.0,0
38,0,3,male,21.0,0,0,8.05,S,Third,man,True,,Southampton,no,True,False,21.0,False,S,Southampton,False,Unknown,man,True,1,Solo,Joven (16-34),2.2027647577118348,2.2027647577118348,-0.6100963453267022,-0.7841792430073969,0,male_pclass_3,1.0,0
39,0,3,female,18.0,2,0,18.0,S,Third,woman,False,,Southampton,no,False,False,18.0,False,S,Southampton,False,Unknown,woman,False,3,Pequeña (2-4),Joven (16-34),2.9444389791664403,2.9444389791664403,-0.8357118927001419,-0.018385836972892044,0,female_pclass_3,9.0,1
40,1,3,female,14.0,1,0,11.2417,C,Third,child,False,,Cherbourg,yes,False,False,14.0,False,C,Cherbourg,False,Unknown,child,False,2,Pequeña (2-4),Niño (<16),2.5048481563289,2.5048481563289,-1.136532622531395,-0.47227211715402745,1,female_pclass_3,4.0,1
41,0,3,female,40.0,1,0,9.475,S,Third,woman,False,,Southampton,no,False,False,40.0,False,S,Southampton,False,Unknown,woman,False,2,Pequeña (2-4),Adulto (35-59),2.348991465808201,2.348991465808201,0.8188021213717492,-0.6331972544104216,0,female_pclass_3,4.0,1
42,0,2,female,27.0,1,0,21.0,S,Second,woman,False,,Southampton,no,False,False,27.0,False,S,Southampton,False,Unknown,woman,False,2,Pequeña (2-4),Joven (16-34),3.091042453358316,3.091042453358316,-0.15886525057982284,0.13298517012197922,0,female_pclass_2,4.0,1
43,0,3,male,,0,0,7.8958,C,Third,man,True,,Cherbourg,no,True,True,25.0,False,C,Cherbourg,False,Unknown,man,True,1,Solo,Joven (16-34),2.1855792552411137,2.1855792552411137,-0.3092756154954493,-0.801923616602662,0,male_pclass_3,1.0,0
44,1,2,female,3.0,1,2,41.5792,C,Second,child,False,,Cherbourg,yes,False,False,3.0,False,C,Cherbourg,False,Unknown,child,False,4,Pequeña (2-4),Niño (<16),3.751365871125377,3.7513658711253766,-1.9637896295673405,0.8147822510349935,1,female_pclass_2,16.0,1
45,1,3,female,19.0,0,0,7.8792,Q,Third,woman,False,,Queenstown,yes,True,False,19.0,False,Q,Queenstown,False,Unknown,woman,False,1,Solo,Joven (16-34),2.1837114628556327,2.1837114628556327,-0.7605067102423287,-0.8038521494426434,0,female_pclass_3,1.0,0
46,0,3,male,,0,0,8.05,S,Third,man,True,,Southampton,no,True,True,25.0,False,S,Southampton,False,Unknown,man,True,1,Solo,Joven (16-34),2.2027647577118348,2.2027647577118348,-0.3092756154954493,-0.7841792430073969,0,male_pclass_3,1.0,0
47,0,3,male,,1,0,15.5,Q,Third,man,True,,Queenstown,no,False,True,25.0,False,Q,Queenstown,False,Unknown,man,True,2,Pequeña (2-4),Joven (16-34),2.803360380906535,2.803360380906535,-0.3092756154954493,-0.1640522996256445,0,male_pclass_3,4.0,1
48,1,3,female,,0,0,7.75,Q,Third,woman,False,,Queenstown,yes,True,True,21.5,False,Q,Queenstown,False,Unknown,woman,False,1,Solo,Joven (16-34),2.169053700369523,2.169053700369523,-0.5724937540977957,-0.8189865811572417,0,female_pclass_3,1.0,0
49,0,3,male,,2,0,21.6792,C,Third,man,True,,Cherbourg,no,False,True,25.0,False,C,Cherbourg,False,Unknown,man,True,3,Pequeña (2-4),Joven (16-34),3.121448204868825,3.1214482048688246,-0.3092756154954493,0.16437971416667368,0,male_pclass_3,9.0,1
50,0,3,female,18.0,1,0,17.8,S,Third,woman,False,,Southampton,no,False,False,18.0,False,S,Southampton,False,Unknown,woman,False,2,Pequeña (2-4),Joven (16-34),2.933856869835904,2.9338568698359038,-0.8357118927001419,-0.02931207562706515,0,female_pclass_3,4.0,1
51,0,3,male,7.0,4,1,39.6875,S,Third,child,False,,Southampton,no,False,False,7.0,False,S,Southampton,False,Unknown,child,False,6,Grande (5+),Niño (<16),3.705920919968788,3.705920919968788,-1.6629688997360874,0.7678594338107122,1,male_pclass_3,36.0,1
52,0,3,male,21.0,0,0,7.8,S,Third,man,True,,Southampton,no,True,False,21.0,False,S,Southampton,False,Unknown,man,True,1,Solo,Joven (16-34),2.174751721484161,2.174751721484161,-0.6100963453267022,-0.8131032608653794,0,male_pclass_3,1.0,0
53,1,1,female,49.0,1,0,76.7292,C,First,woman,False,D,Cherbourg,yes,False,False,49.0,False,C,Cherbourg,True,D,woman,False,2,Pequeña (2-4),Adulto (35-59),4.353230991152628,4.353230991152628,1.4956487634920683,1.4362199751817064,0,female_pclass_1,4.0,1
54,1,2,female,29.0,1,0,26.0,S,Second,woman,False,,Southampton,yes,False,False,29.0,False,S,Southampton,False,Unknown,woman,False,2,Pequeña (2-4),Joven (16-34),3.295836866004329,3.295836866004329,-0.00845488566419637,0.34443948019553633,0,female_pclass_2,4.0,1
55,0,1,male,65.0,0,1,61.9792,C,First,man,True,B,Cherbourg,no,False,False,65.0,False,C,Cherbourg,True,B,man,True,2,Pequeña (2-4),Mayor (60+),4.142804513146981,4.142804513146981,2.69893168281708,1.2189504454470095,0,male_pclass_1,4.0,1
56,1,1,male,,0,0,35.5,S,First,man,True,C,Southampton,yes,True,True,40.0,False,S,Southampton,True,C,man,True,1,Solo,Adulto (35-59),3.597312260588446,3.597312260588446,0.8188021213717492,0.6557188297748955,0,male_pclass_1,1.0,0
57,1,2,female,21.0,0,0,10.5,S,Second,woman,False,,Southampton,yes,True,False,21.0,False,S,Southampton,False,Unknown,woman,False,1,Solo,Joven (16-34),2.4423470353692043,2.4423470353692043,-0.6100963453267022,-0.5368057694182642,0,female_pclass_2,1.0,0
58,0,3,male,28.5,0,0,7.2292,C,Third,man,True,,Cherbourg,no,True,False,28.5,False,C,Cherbourg,False,Unknown,man,True,1,Solo,Joven (16-34),2.1076888046179385,2.1076888046179385,-0.04605747689310299,-0.8823470582632058,0,male_pclass_3,1.0,0
59,1,2,female,5.0,1,2,27.75,S,Second,child,False,,Southampton,yes,False,False,5.0,False,S,Southampton,False,Unknown,child,False,4,Pequeña (2-4),Niño (<16),3.3586377672433594,3.3586377672433594,-1.813379264651714,0.4092826615690945,1,female_pclass_2,16.0,1
60,0,3,male,11.0,5,2,46.9,S,Third,child,False,,Southampton,no,False,False,11.0,False,S,Southampton,False,Unknown,child,False,8,Grande (5+),Niño (<16),3.8691155044168695,3.8691155044168695,-1.3621481699048346,0.9363610927004852,1,male_pclass_3,64.0,1
61,0,3,male,22.0,0,0,7.2292,C,Third,man,True,,Cherbourg,no,True,False,22.0,False,C,Cherbourg,False,Unknown,man,True,1,Solo,Joven (16-34),2.1076888046179385,2.1076888046179385,-0.534891162868889,-0.8823470582632058,0,male_pclass_3,1.0,0
62,1,1,female,38.0,0,0,80.0,,First,woman,False,B,,yes,True,False,38.0,True,S,Southampton,True,B,woman,False,1,Solo,Adulto (35-59),4.394449154672439,4.394449154672439,0.6683917564561227,1.47877854998348,0,female_pclass_1,1.0,0
63,0,1,male,45.0,1,0,83.475,S,First,man,True,C,Southampton,no,False,False,45.0,False,S,Southampton,True,C,man,True,2,Pequeña (2-4),Adulto (35-59),4.436455632600354,4.436455632600354,1.1948280336608155,1.5221510751129652,0,male_pclass_1,4.0,1
64,0,3,male,4.0,3,2,27.9,S,Third,child,False,,Southampton,no,False,False,4.0,False,S,Southampton,False,Unknown,child,False,6,Grande (5+),Niño (<16),3.3638415951183864,3.3638415951183864,-1.8885844471095272,0.41465571749790725,1,male_pclass_3,36.0,1
65,0,1,male,,0,0,27.7208,C,First,man,True,,Cherbourg,no,True,True,40.0,False,C,Cherbourg,False,Unknown,man,True,1,Solo,Adulto (35-59),3.357621598945279,3.357621598945279,0.8188021213717492,0.4082334475616763,0,male_pclass_1,1.0,0
66,1,3,male,,1,1,15.2458,C,Third,man,True,,Cherbourg,yes,False,True,25.0,False,C,Cherbourg,False,Unknown,man,True,3,Pequeña (2-4),Joven (16-34),2.787834413830345,2.7878344138303452,-0.3092756154954493,-0.18008316987206646,0,male_pclass_3,9.0,1
67,1,2,female,29.0,0,0,10.5,S,Second,woman,False,F,Southampton,yes,True,False,29.0,False,S,Southampton,True,F,woman,False,1,Solo,Joven (16-34),2.4423470353692043,2.4423470353692043,-0.00845488566419637,-0.5368057694182642,0,female_pclass_2,1.0,0
68,0,3,male,19.0,0,0,8.1583,S,Third,man,True,,Southampton,no,True,False,19.0,False,S,Southampton,False,Unknown,man,True,1,Solo,Joven (16-34),2.2146605719425225,2.2146605719425225,-0.7605067102423287,-0.7718965778779474,0,male_pclass_3,1.0,0
69,1,3,female,17.0,4,2,7.925,S,Third,woman,False,,Southampton,yes,False,False,17.0,False,S,Southampton,False,Unknown,woman,False,7,Grande (5+),Joven (16-34),2.188856327665703,2.188856327665703,-0.9109170751579552,-0.7985399740528022,0,female_pclass_3,49.0,1
70,0,3,male,26.0,2,0,8.6625,S,Third,man,True,,Southampton,no,False,False,26.0,False,S,Southampton,False,Unknown,man,True,3,Pequeña (2-4),Joven (16-34),2.2682524139135403,2.2682524139135403,-0.23407043303763608,-0.7165619336211219,0,male_pclass_3,9.0,1
71,0,2,male,32.0,0,0,10.5,S,Second,man,True,,Southampton,no,True,False,32.0,False,S,Southampton,False,Unknown,man,True,1,Solo,Joven (16-34),2.4423470353692043,2.4423470353692043,0.21716066170924334,-0.5368057694182642,0,male_pclass_2,1.0,0
72,0,3,female,16.0,5,2,46.9,S,Third,woman,False,,Southampton,no,False,False,16.0,False,S,Southampton,False,Unknown,woman,False,8,Grande (5+),Joven (16-34),3.8691155044168695,3.8691155044168695,-0.9861222576157684,0.9363610927004852,0,female_pclass_3,64.0,1
73,0,2,male,21.0,0,0,73.5,S,Second,man,True,,Southampton,no,True,False,21.0,False,S,Southampton,False,Unknown,man,True,1,Solo,Joven (16-34),4.310799125385514,4.310799125385514,-0.6100963453267022,1.392408228635536,0,male_pclass_2,1.0,0
74,0,3,male,26.0,1,0,14.4542,C,Third,man,True,,Cherbourg,no,False,False,26.0,False,C,Cherbourg,False,Unknown,man,True,2,Pequeña (2-4),Joven (16-34),2.737880811060884,2.737880811060884,-0.23407043303763608,-0.23166125968823228,0,male_pclass_3,4.0,1
75,1,3,male,32.0,0,0,56.4958,S,Third,man,True,,Southampton,yes,True,False,32.0,False,S,Southampton,False,Unknown,man,True,1,Solo,Joven (16-34),4.05171190165724,4.05171190165724,0.21716066170924334,1.1248955097361606,0,male_pclass_3,1.0,0
76,0,3,male,25.0,0,0,7.65,S,Third,man,True,F,Southampton,no,True,False,25.0,False,S,Southampton,True,F,man,True,1,Solo,Joven (16-34),2.157559320943788,2.157559320943788,-0.3092756154954493,-0.8308547568549532,0,male_pclass_3,1.0,0
77,0,3,male,,0,0,7.8958,S,Third,man,True,,Southampton,no,True,True,25.0,False,S,Southampton,False,Unknown,man,True,1,Solo,Joven (16-34),2.1855792552411137,2.1855792552411137,-0.3092756154954493,-0.801923616602662,0,male_pclass_3,1.0,0
78,0,3,male,,0,0,8.05,S,Third,man,True,,Southampton,no,True,True,25.0,False,S,Southampton,False,Unknown,man,True,1,Solo,Joven (16-34),2.2027647577118348,2.2027647577118348,-0.3092756154954493,-0.7841792430073969,0,male_pclass_3,1.0,0
79,1,2,male,0.83,0,2,29.0,S,Second,child,False,,Southampton,yes,False,False,0.83,False,S,Southampton,False,Unknown,child,False,3,Pequeña (2-4),Niño (<16),3.4011973816621555,3.4011973816621555,-2.126984875500795,0.4532263111425749,1,male_pclass_2,9.0,1
80,1,3,female,30.0,0,0,12.475,S,Third,woman,False,,Southampton,yes,True,False,30.0,False,S,Southampton,False,Unknown,woman,False,1,Solo,Joven (16-34),2.600836116795061,2.600836116795061,0.06675029679361687,-0.3731626361213423,0,female_pclass_3,1.0,0
81,0,3,male,22.0,0,0,9.0,S,Third,man,True,,Southampton,no,True,False,22.0,False,S,Southampton,False,Unknown,man,True,1,Solo,Joven (16-34),2.302585092994046,2.302585092994046,-0.534891162868889,-0.6811127586453685,0,male_pclass_3,1.0,0
82,1,3,male,29.0,0,0,9.5,S,Third,man,True,,Southampton,yes,True,False,29.0,False,S,Southampton,False,Unknown,man,True,1,Solo,Joven (16-34),2.3513752571634776,2.3513752571634776,-0.00845488566419637,-0.630735942356657,0,male_pclass_3,1.0,0
83,1,3,female,,0,0,7.7875,Q,Third,woman,False,,Queenstown,yes,True,True,21.5,False,Q,Queenstown,False,Unknown,woman,False,1,Solo,Joven (16-34),2.1733302571367834,2.1733302571367834,-0.5724937540977957,-0.8145709511162283,0,female_pclass_3,1.0,0
84,0,1,male,28.0,0,0,47.1,S,First,man,True,,Southampton,no,True,False,28.0,False,S,Southampton,False,Unknown,man,True,1,Solo,Joven (16-34),3.873282177111716,3.8732821771117156,-0.0836600681220096,0.9406632652481022,0,male_pclass_1,1.0,0
85,1,2,female,17.0,0,0,10.5,S,Second,woman,False,,Southampton,yes,True,False,17.0,False,S,Southampton,False,Unknown,woman,False,1,Solo,Joven (16-34),2.4423470353692043,2.4423470353692043,-0.9109170751579552,-0.5368057694182642,0,female_pclass_2,1.0,0
86,1,3,female,33.0,3,0,15.85,S,Third,woman,False,,Southampton,yes,False,False,33.0,False,S,Southampton,False,Unknown,woman,False,4,Pequeña (2-4),Joven (16-34),2.8243506567983707,2.8243506567983707,0.2923658441670566,-0.14237942169106094,0,female_pclass_3,16.0,1
87,0,3,male,16.0,1,3,34.375,S,Third,man,True,,Southampton,no,False,False,16.0,False,S,Southampton,False,Unknown,man,True,5,Grande (5+),Joven (16-34),3.566005355963401,3.5660053559634015,-0.9861222576157684,0.6233938271906205,0,male_pclass_3,25.0,1
88,0,3,male,,0,0,8.05,S,Third,man,True,,Southampton,no,True,True,25.0,False,S,Southampton,False,Unknown,man,True,1,Solo,Joven (16-34),2.2027647577118348,2.2027647577118348,-0.3092756154954493,-0.7841792430073969,0,male_pclass_3,1.0,0
89,1,1,female,23.0,3,2,263.0,S,First,woman,False,C,Southampton,yes,False,False,23.0,False,S,Southampton,True,C,woman,False,6,Grande (5+),Joven (16-34),5.575949103146316,5.575949103146316,-0.4596859804110758,2.698700779445489,0,female_pclass_1,36.0,1
90,0,3,male,24.0,0,0,8.05,S,Third,man,True,,Southampton,no,True,False,24.0,False,S,Southampton,False,Unknown,man,True,1,Solo,Joven (16-34),2.2027647577118348,2.2027647577118348,-0.38448079795326257,-0.7841792430073969,0,male_pclass_3,1.0,0
91,0,3,male,29.0,0,0,8.05,S,Third,man,True,,Southampton,no,True,False,29.0,False,S,Southampton,False,Unknown,man,True,1,Solo,Joven (16-34),2.2027647577118348,2.2027647577118348,-0.00845488566419637,-0.7841792430073969,0,male_pclass_3,1.0,0
92,0,3,male,20.0,0,0,7.8542,S,Third,man,True,,Southampton,no,True,False,20.0,False,S,Southampton,False,Unknown,man,True,1,Solo,Joven (16-34),2.180891922715322,2.180891922715322,-0.6853015277845155,-0.8067633807960332,0,male_pclass_3,1.0,0
93,0,1,male,46.0,1,0,61.175,S,First,man,True,E,Southampton,no,False,False,46.0,False,S,Southampton,True,E,man,True,2,Pequeña (2-4),Adulto (35-59),4.1299529896894684,4.1299529896894684,1.2700332161186285,1.2056809915054139,0,male_pclass_1,4.0,1
94,0,3,male,26.0,1,2,20.575,S,Third,man,True,,Southampton,no,False,False,26.0,False,S,Southampton,False,Unknown,man,True,4,Pequeña (2-4),Joven (16-34),3.0715352369694915,3.0715352369694915,-0.23407043303763608,0.11284358066326508,0,male_pclass_3,16.0,1
95,0,3,male,59.0,0,0,7.25,S,Third,man,True,,Southampton,no,True,False,59.0,False,S,Southampton,False,Unknown,man,True,1,Solo,Adulto (35-59),2.110213200346589,2.1102132003465894,2.2477005880702006,-0.879740569393428,0,male_pclass_3,1.0,0
96,0,3,male,,0,0,8.05,S,Third,man,True,,Southampton,no,True,True,25.0,False,S,Southampton,False,Unknown,man,True,1,Solo,Joven (16-34),2.2027647577118348,2.2027647577118348,-0.3092756154954493,-0.7841792430073969,0,male_pclass_3,1.0,0
97,0,1,male,71.0,0,0,34.6542,C,First,man,True,A,Cherbourg,no,True,False,71.0,False,C,Cherbourg,True,A,man,True,1,Solo,Mayor (60+),3.57386695198272,3.57386695198272,3.1501627775639593,0.6315110816648205,0,male_pclass_1,1.0,0
98,1,1,male,23.0,0,1,63.3583,C,First,man,True,D,Cherbourg,yes,False,False,23.0,False,C,Cherbourg,True,D,man,True,2,Pequeña (2-4),Joven (16-34),4.164465907853638,4.164465907853638,-0.4596859804110758,1.2413162669249835,0,male_pclass_1,4.0,1
99,1,2,female,34.0,0,1,23.0,S,Second,woman,False,,Southampton,yes,False,False,34.0,False,S,Southampton,False,Unknown,woman,False,2,Pequeña (2-4),Joven (16-34),3.1780538303479458,3.1780538303479458,0.3675710266248698,0.22282614992299976,0,female_pclass_2,4.0,1
100,0,2,male,34.0,1,0,26.0,S,Second,man,True,,Southampton,no,False,False,34.0,False,S,Southampton,False,Unknown,man,True,2,Pequeña (2-4),Joven (16-34),3.295836866004329,3.295836866004329,0.3675710266248698,0.34443948019553633,0,male_pclass_2,4.0,1
101,0,3,female,28.0,0,0,7.8958,S,Third,woman,False,,Southampton,no,True,False,28.0,False,S,Southampton,False,Unknown,woman,False,1,Solo,Joven (16-34),2.1855792552411137,2.1855792552411137,-0.0836600681220096,-0.801923616602662,0,female_pclass_3,1.0,0
102,0,3,male,,0,0,7.8958,S,Third,man,True,,Southampton,no,True,True,25.0,False,S,Southampton,False,Unknown,man,True,1,Solo,Joven (16-34),2.1855792552411137,2.1855792552411137,-0.3092756154954493,-0.801923616602662,0,male_pclass_3,1.0,0
103,0,1,male,21.0,0,1,77.2875,S,First,man,True,D,Southampton,no,False,False,21.0,False,S,Southampton,True,D,man,True,2,Pequeña (2-4),Joven (16-34),4.360387947851531,4.360387947851531,-0.6100963453267022,1.4436096755228414,0,male_pclass_1,4.0,1
104,0,3,male,33.0,0,0,8.6542,S,Third,man,True,,Southampton,no,True,False,33.0,False,S,Southampton,False,Unknown,man,True,1,Solo,Joven (16-34),2.267393053825037,2.267393053825037,0.2923658441670566,-0.717449240028906,0,male_pclass_3,1.0,0
105,0,3,male,37.0,2,0,7.925,S,Third,man,True,,Southampton,no,False,False,37.0,False,S,Southampton,False,Unknown,man,True,3,Pequeña (2-4),Adulto (35-59),2.188856327665703,2.188856327665703,0.5931865739983095,-0.7985399740528022,0,male_pclass_3,9.0,1
106,0,3,male,28.0,0,0,7.8958,S,Third,man,True,,Southampton,no,True,False,28.0,False,S,Southampton,False,Unknown,man,True,1,Solo,Joven (16-34),2.1855792552411137,2.1855792552411137,-0.0836600681220096,-0.801923616602662,0,male_pclass_3,1.0,0
107,1,3,female,21.0,0,0,7.65,S,Third,woman,False,,Southampton,yes,True,False,21.0,False,S,Southampton,False,Unknown,woman,False,1,Solo,Joven (16-34),2.157559320943788,2.157559320943788,-0.6100963453267022,-0.8308547568549532,0,female_pclass_3,1.0,0
108,1,3,male,,0,0,7.775,S,Third,man,True,,Southampton,yes,True,True,25.0,False,S,Southampton,False,Unknown,man,True,1,Solo,Joven (16-34),2.1719067693519296,2.1719067693519296,-0.3092756154954493,-0.8160407306065735,0,male_pclass_3,1.0,0
109,0,3,male,38.0,0,0,7.8958,S,Third,man,True,,Southampton,no,True,False,38.0,False,S,Southampton,False,Unknown,man,True,1,Solo,Adulto (35-59),2.1855792552411137,2.1855792552411137,0.6683917564561227,-0.801923616602662,0,male_pclass_3,1.0,0
110,1,3,female,,1,0,24.15,Q,Third,woman,False,,Queenstown,yes,False,True,21.5,False,Q,Queenstown,False,Unknown,woman,False,2,Pequeña (2-4),Joven (16-34),3.224857896545748,3.224857896545748,-0.5724937540977957,0.27115228049766626,0,female_pclass_3,4.0,1
111,0,1,male,47.0,0,0,52.0,S,First,man,True,C,Southampton,no,True,False,47.0,False,S,Southampton,True,C,man,True,1,Solo,Adulto (35-59),3.970291913552122,3.970291913552122,1.3452383985764418,1.0408277503255376,0,male_pclass_1,1.0,0
112,0,3,female,14.5,1,0,14.4542,C,Third,child,False,,Cherbourg,no,False,False,14.5,False,C,Cherbourg,False,Unknown,child,False,2,Pequeña (2-4),Niño (<16),2.737880811060884,2.737880811060884,-1.0989300313024883,-0.23166125968823228,1,female_pclass_3,4.0,1
113,0,3,male,22.0,0,0,8.05,S,Third,man,True,,Southampton,no,True,False,22.0,False,S,Southampton,False,Unknown,man,True,1,Solo,Joven (16-34),2.2027647577118348,2.2027647577118348,-0.534891162868889,-0.7841792430073969,0,male_pclass_3,1.0,0
114,0,3,female,20.0,1,0,9.825,S,Third,woman,False,,Southampton,no,False,False,20.0,False,S,Southampton,False,Unknown,woman,False,2,Pequeña (2-4),Joven (16-34),2.381858273888553,2.3818582738885534,-0.6853015277845155,-0.5992616204389829,0,female_pclass_3,4.0,1
115,0,3,female,17.0,0,0,14.4583,C,Third,woman,False,,Cherbourg,no,True,False,17.0,False,C,Cherbourg,False,Unknown,woman,False,1,Solo,Joven (16-34),2.738146075922933,2.738146075922933,-0.9109170751579552,-0.23138736843472302,0,female_pclass_3,1.0,0
116,0,3,male,21.0,0,0,7.925,S,Third,man,True,,Southampton,no,True,False,21.0,False,S,Southampton,False,Unknown,man,True,1,Solo,Joven (16-34),2.188856327665703,2.188856327665703,-0.6100963453267022,-0.7985399740528022,0,male_pclass_3,1.0,0
117,0,3,male,70.5,0,0,7.75,Q,Third,man,True,,Queenstown,no,True,False,70.5,False,Q,Queenstown,False,Unknown,man,True,1,Solo,Mayor (60+),2.169053700369523,2.169053700369523,3.112560186335053,-0.8189865811572417,0,male_pclass_3,1.0,0
118,0,2,male,29.0,1,0,21.0,S,Second,man,True,,Southampton,no,False,False,29.0,False,S,Southampton,False,Unknown,man,True,2,Pequeña (2-4),Joven (16-34),3.091042453358316,3.091042453358316,-0.00845488566419637,0.13298517012197922,0,male_pclass_2,4.0,1
119,0,1,male,24.0,0,1,247.5208,C,First,man,True,B,Cherbourg,no,False,False,24.0,False,C,Cherbourg,True,B,man,True,2,Pequeña (2-4),Joven (16-34),5.515526544247129,5.515526544247129,-0.38448079795326257,2.6363132839087293,0,male_pclass_1,4.0,1
120,0,3,female,2.0,4,2,31.275,S,Third,child,False,,Southampton,no,False,False,2.0,False,S,Southampton,False,Unknown,child,False,7,Grande (5+),Niño (<16),3.4742929367327062,3.4742929367327062,-2.0389948120251535,0.5286989276421438,1,female_pclass_3,49.0,1
121,0,2,male,21.0,2,0,73.5,S,Second,man,True,,Southampton,no,False,False,21.0,False,S,Southampton,False,Unknown,man,True,3,Pequeña (2-4),Joven (16-34),4.310799125385514,4.310799125385514,-0.6100963453267022,1.392408228635536,0,male_pclass_2,9.0,1
122,0,3,male,,0,0,8.05,S,Third,man,True,,Southampton,no,True,True,25.0,False,S,Southampton,False,Unknown,man,True,1,Solo,Joven (16-34),2.2027647577118348,2.2027647577118348,-0.3092756154954493,-0.7841792430073969,0,male_pclass_3,1.0,0
123,0,2,male,32.5,1,0,30.0708,C,Second,man,True,,Cherbourg,no,False,False,32.5,False,C,Cherbourg,False,Unknown,man,True,2,Pequeña (2-4),Joven (16-34),3.436268471383741,3.436268471383741,0.25476325293814994,0.4894379098126232,0,male_pclass_2,4.0,1
124,1,2,female,32.5,0,0,13.0,S,Second,woman,False,E,Southampton,yes,True,False,32.5,False,S,Southampton,True,E,woman,False,1,Solo,Joven (16-34),2.6390573296152584,2.6390573296152584,0.25476325293814994,-0.33369847260903374,0,female_pclass_2,1.0,0
125,0,1,male,54.0,0,1,77.2875,S,First,man,True,D,Southampton,no,False,False,54.0,False,S,Southampton,True,D,man,True,2,Pequeña (2-4),Adulto (35-59),4.360387947851531,4.360387947851531,1.8716746757811344,1.4436096755228414,0,male_pclass_1,4.0,1
126,1,3,male,12.0,1,0,11.2417,C,Third,child,False,,Cherbourg,yes,False,False,12.0,False,C,Cherbourg,False,Unknown,child,False,2,Pequeña (2-4),Niño (<16),2.5048481563289,2.5048481563289,-1.2869429874470213,-0.47227211715402745,1,male_pclass_3,4.0,1
127,0,3,male,,0,0,7.75,Q,Third,man,True,,Queenstown,no,True,True,25.0,False,Q,Queenstown,False,Unknown,man,True,1,Solo,Joven (16-34),2.169053700369523,2.169053700369523,-0.3092756154954493,-0.8189865811572417,0,male_pclass_3,1.0,0
128,1,3,male,24.0,0,0,7.1417,S,Third,man,True,,Southampton,yes,True,False,24.0,False,S,Southampton,False,Unknown,man,True,1,Solo,Joven (16-34),2.0969990034181696,2.0969990034181696,-0.38448079795326257,-0.8933844909173267,0,male_pclass_3,1.0,0
129,1,3,female,,1,1,22.3583,C,Third,woman,False,F,Cherbourg,yes,False,True,21.5,False,C,Cherbourg,True,F,woman,False,3,Pequeña (2-4),Joven (16-34),3.1509523813392697,3.1509523813392697,-0.5724937540977957,0.19484336402527694,0,female_pclass_3,9.0,1
130,0,3,male,45.0,0,0,6.975,S,Third,man,True,,Southampton,no,True,False,45.0,False,S,Southampton,False,Unknown,man,True,1,Solo,Adulto (35-59),2.076311648670908,2.076311648670908,1.1948280336608155,-0.9147445967366701,0,male_pclass_3,1.0,0
131,0,3,male,33.0,0,0,7.8958,C,Third,man,True,,Cherbourg,no,True,False,33.0,False,C,Cherbourg,False,Unknown,man,True,1,Solo,Joven (16-34),2.1855792552411137,2.1855792552411137,0.2923658441670566,-0.801923616602662,0,male_pclass_3,1.0,0
132,0,3,male,20.0,0,0,7.05,S,Third,man,True,,Southampton,no,True,False,20.0,False,S,Southampton,False,Unknown,man,True,1,Solo,Joven (16-34),2.0856720914304723,2.0856720914304723,-0.6853015277845155,-0.905079753149712,0,male_pclass_3,1.0,0
133,0,3,female,47.0,1,0,14.5,S,Third,woman,False,,Southampton,no,False,False,47.0,False,S,Southampton,False,Unknown,woman,False,2,Pequeña (2-4),Adulto (35-59),2.740840023925201,2.740840023925201,1.3452383985764418,-0.22860581346535835,0,female_pclass_3,4.0,1
134,1,2,female,29.0,1,0,26.0,S,Second,woman,False,,Southampton,yes,False,False,29.0,False,S,Southampton,False,Unknown,woman,False,2,Pequeña (2-4),Joven (16-34),3.295836866004329,3.295836866004329,-0.00845488566419637,0.34443948019553633,0,female_pclass_2,4.0,1
135,0,2,male,25.0,0,0,13.0,S,Second,man,True,,Southampton,no,True,False,25.0,False,S,Southampton,False,Unknown,man,True,1,Solo,Joven (16-34),2.6390573296152584,2.6390573296152584,-0.3092756154954493,-0.33369847260903374,0,male_pclass_2,1.0,0
136,0,2,male,23.0,0,0,15.0458,C,Second,man,True,,Cherbourg,no,True,False,23.0,False,C,Cherbourg,False,Unknown,man,True,1,Solo,Joven (16-34),2.775447133088262,2.775447133088262,-0.4596859804110758,-0.1928732839633733,0,male_pclass_2,1.0,0
137,1,1,female,19.0,0,2,26.2833,S,First,woman,False,D,Southampton,yes,False,False,19.0,False,S,Southampton,True,D,woman,False,3,Pequeña (2-4),Joven (16-34),3.3062747934011893,3.3062747934011893,-0.7605067102423287,0.35521684813142823,0,female_pclass_1,9.0,1
138,0,1,male,37.0,1,0,53.1,S,First,man,True,C,Southampton,no,False,False,37.0,False,S,Southampton,True,C,man,True,2,Pequeña (2-4),Adulto (35-59),3.990834185852436,3.9908341858524357,0.5931865739983095,1.0620380556287108,0,male_pclass_1,4.0,1
139,0,3,male,16.0,0,0,9.2167,S,Third,man,True,,Southampton,no,True,False,16.0,False,S,Southampton,False,Unknown,man,True,1,Solo,Joven (16-34),2.3240236363515288,2.3240236363515288,-0.9861222576157684,-0.6589770356240849,0,male_pclass_3,1.0,0
140,0,1,male,24.0,0,0,79.2,C,First,man,True,B,Cherbourg,no,True,False,24.0,False,C,Cherbourg,True,B,man,True,1,Solo,Joven (16-34),4.384523514872469,4.384523514872469,-0.38448079795326257,1.4685301291949249,0,male_pclass_1,1.0,0
141,0,3,female,,0,2,15.2458,C,Third,woman,False,,Cherbourg,no,False,True,21.5,False,C,Cherbourg,False,Unknown,woman,False,3,Pequeña (2-4),Joven (16-34),2.787834413830345,2.7878344138303452,-0.5724937540977957,-0.18008316987206646,0,female_pclass_3,9.0,1
142,1,3,female,22.0,0,0,7.75,S,Third,woman,False,,Southampton,yes,True,False,22.0,False,S,Southampton,False,Unknown,woman,False,1,Solo,Joven (16-34),2.169053700369523,2.169053700369523,-0.534891162868889,-0.8189865811572417,0,female_pclass_3,1.0,0
143,1,3,female,24.0,1,0,15.85,S,Third,woman,False,,Southampton,yes,False,False,24.0,False,S,Southampton,False,Unknown,woman,False,2,Pequeña (2-4),Joven (16-34),2.8243506567983707,2.8243506567983707,-0.38448079795326257,-0.14237942169106094,0,female_pclass_3,4.0,1
144,0,3,male,19.0,0,0,6.75,Q,Third,man,True,,Queenstown,no,True,False,19.0,False,Q,Queenstown,False,Unknown,man,True,1,Solo,Joven (16-34),2.0476928433652555,2.0476928433652555,-0.7605067102423287,-0.9442940832331419,0,male_pclass_3,1.0,0
145,0,2,male,18.0,0,0,11.5,S,Second,man,True,,Southampton,no,True,False,18.0,False,S,Southampton,False,Unknown,man,True,1,Solo,Joven (16-34),2.525728644308256,2.5257286443082556,-0.8357118927001419,-0.45071259742579334,0,male_pclass_2,1.0,0
146,0,2,male,19.0,1,1,36.75,S,Second,man,True,,Southampton,no,False,False,19.0,False,S,Southampton,False,Unknown,man,True,3,Pequeña (2-4),Joven (16-34),3.6309854756950335,3.6309854756950335,-0.7605067102423287,0.690487095062628,0,male_pclass_2,9.0,1
147,1,3,male,27.0,0,0,7.7958,S,Third,man,True,,Southampton,yes,True,False,27.0,False,S,Southampton,False,Unknown,man,True,1,Solo,Joven (16-34),2.174274334826008,2.174274334826008,-0.15886525057982284,-0.8135961720983268,0,male_pclass_3,1.0,0
148,0,3,female,9.0,2,2,34.375,S,Third,child,False,,Southampton,no,False,False,9.0,False,S,Southampton,False,Unknown,child,False,5,Grande (5+),Niño (<16),3.566005355963401,3.5660053559634015,-1.512558534820461,0.6233938271906205,1,female_pclass_3,25.0,1
149,0,2,male,36.5,0,2,26.0,S,Second,man,True,F,Southampton,no,False,False,36.5,False,S,Southampton,True,F,man,True,3,Pequeña (2-4),Adulto (35-59),3.295836866004329,3.295836866004329,0.5555839827694029,0.34443948019553633,0,male_pclass_2,9.0,1
150,0,2,male,42.0,0,0,13.0,S,Second,man,True,,Southampton,no,True,False,42.0,False,S,Southampton,False,Unknown,man,True,1,Solo,Adulto (35-59),2.6390573296152584,2.6390573296152584,0.9692124862873757,-0.33369847260903374,0,male_pclass_2,1.0,0
151,0,2,male,51.0,0,0,12.525,S,Second,man,True,,Southampton,no,True,False,51.0,False,S,Southampton,False,Unknown,man,True,1,Solo,Adulto (35-59),2.6045398247325453,2.6045398247325453,1.6460591284076949,-0.36933848390685575,0,male_pclass_2,1.0,0
152,1,1,female,22.0,1,0,66.6,S,First,woman,False,C,Southampton,yes,False,False,22.0,False,S,Southampton,True,C,woman,False,2,Pequeña (2-4),Joven (16-34),4.213607983048918,4.213607983048918,-0.534891162868889,1.292056438357112,0,female_pclass_1,4.0,1
153,0,3,male,55.5,0,0,8.05,S,Third,man,True,,Southampton,no,True,False,55.5,False,S,Southampton,False,Unknown,man,True,1,Solo,Adulto (35-59),2.2027647577118348,2.2027647577118348,1.9844824494678543,-0.7841792430073969,0,male_pclass_3,1.0,0
154,0,3,male,40.5,0,2,14.5,S,Third,man,True,,Southampton,no,False,False,40.5,False,S,Southampton,False,Unknown,man,True,3,Pequeña (2-4),Adulto (35-59),2.740840023925201,2.740840023925201,0.8564047126006559,-0.22860581346535835,0,male_pclass_3,9.0,1
155,0,3,male,,0,0,7.3125,S,Third,man,True,,Southampton,no,True,True,25.0,False,S,Southampton,False,Unknown,man,True,1,Solo,Joven (16-34),2.117760405981973,2.1177604059819726,-0.3092756154954493,-0.8719479292525484,0,male_pclass_3,1.0,0
156,0,1,male,51.0,0,1,61.3792,C,First,man,True,,Cherbourg,no,False,False,51.0,False,C,Cherbourg,False,Unknown,man,True,2,Pequeña (2-4),Adulto (35-59),4.133231886474144,4.133231886474144,1.6460591284076949,1.2090665177434,0,male_pclass_1,4.0,1
157,1,3,female,16.0,0,0,7.7333,Q,Third,woman,False,,Queenstown,yes,True,False,16.0,False,Q,Queenstown,False,Unknown,woman,False,1,Solo,Joven (16-34),2.167143305297764,2.167143305297764,-0.9861222576157684,-0.820959102119349,0,female_pclass_3,1.0,0
158,0,3,male,30.0,0,0,8.05,S,Third,man,True,,Southampton,no,True,False,30.0,False,S,Southampton,False,Unknown,man,True,1,Solo,Joven (16-34),2.2027647577118348,2.2027647577118348,0.06675029679361687,-0.7841792430073969,0,male_pclass_3,1.0,0
159,0,3,male,,0,0,8.6625,S,Third,man,True,,Southampton,no,True,True,25.0,False,S,Southampton,False,Unknown,man,True,1,Solo,Joven (16-34),2.2682524139135403,2.2682524139135403,-0.3092756154954493,-0.7165619336211219,0,male_pclass_3,1.0,0
160,0,3,male,,8,2,69.55,S,Third,man,True,,Southampton,no,False,True,25.0,False,S,Southampton,False,Unknown,man,True,11,Grande (5+),Joven (16-34),4.256321678298823,4.256321678298823,-0.3092756154954493,1.336159179457635,0,male_pclass_3,121.0,1
161,0,3,male,44.0,0,1,16.1,S,Third,man,True,,Southampton,no,False,False,44.0,False,S,Southampton,False,Unknown,man,True,2,Pequeña (2-4),Adulto (35-59),2.8390784635086144,2.8390784635086144,1.1196228512030022,-0.12717266791993015,0,male_pclass_3,4.0,1
162,1,2,female,40.0,0,0,15.75,S,Second,woman,False,,Southampton,yes,True,False,40.0,False,S,Southampton,False,Unknown,woman,False,1,Solo,Adulto (35-59),2.818398258271076,2.8183982582710754,0.8188021213717492,-0.14852539172808382,0,female_pclass_2,1.0,0
163,0,3,male,26.0,0,0,7.775,S,Third,man,True,,Southampton,no,True,False,26.0,False,S,Southampton,False,Unknown,man,True,1,Solo,Joven (16-34),2.1719067693519296,2.1719067693519296,-0.23407043303763608,-0.8160407306065735,0,male_pclass_3,1.0,0
164,0,3,male,17.0,0,0,8.6625,S,Third,man,True,,Southampton,no,True,False,17.0,False,S,Southampton,False,Unknown,man,True,1,Solo,Joven (16-34),2.2682524139135403,2.2682524139135403,-0.9109170751579552,-0.7165619336211219,0,male_pclass_3,1.0,0
165,0,3,male,1.0,4,1,39.6875,S,Third,child,False,,Southampton,no,False,False,1.0,False,S,Southampton,False,Unknown,child,False,6,Grande (5+),Niño (<16),3.705920919968788,3.705920919968788,-2.114199994482967,0.7678594338107122,1,male_pclass_3,36.0,1
166,1,3,male,9.0,0,2,20.525,S,Third,child,False,,Southampton,yes,False,False,9.0,False,S,Southampton,False,Unknown,child,False,3,Pequeña (2-4),Niño (<16),3.0692150503137943,3.0692150503137943,-1.512558534820461,0.11044794172866997,1,male_pclass_3,9.0,1
167,1,1,female,,0,1,55.0,S,First,woman,False,E,Southampton,yes,False,True,35.0,False,S,Southampton,True,E,woman,False,2,Pequeña (2-4),Adulto (35-59),4.02535169073515,4.02535169073515,0.44277620908268306,1.0976780669265338,0,female_pclass_1,4.0,1
168,0,3,female,45.0,1,4,27.9,S,Third,woman,False,,Southampton,no,False,False,45.0,False,S,Southampton,False,Unknown,woman,False,6,Grande (5+),Adulto (35-59),3.3638415951183864,3.3638415951183864,1.1948280336608155,0.41465571749790725,0,female_pclass_3,36.0,1
169,0,1,male,,0,0,25.925,S,First,man,True,,Southampton,no,True,True,40.0,False,S,Southampton,False,Unknown,man,True,1,Solo,Adulto (35-59),3.2930552230424524,3.2930552230424524,0.8188021213717492,0.3415673784337011,0,male_pclass_1,1.0,0
170,0,3,male,28.0,0,0,56.4958,S,Third,man,True,,Southampton,no,True,False,28.0,False,S,Southampton,False,Unknown,man,True,1,Solo,Joven (16-34),4.05171190165724,4.05171190165724,-0.0836600681220096,1.1248955097361606,0,male_pclass_3,1.0,0
171,0,1,male,61.0,0,0,33.5,S,First,man,True,B,Southampton,no,True,False,61.0,False,S,Southampton,True,B,man,True,1,Solo,Mayor (60+),3.5409593240373143,3.5409593240373143,2.398110952985827,0.5975333003696797,0,male_pclass_1,1.0,0
172,0,3,male,4.0,4,1,29.125,Q,Third,child,False,,Queenstown,no,False,False,4.0,False,Q,Queenstown,False,Unknown,child,False,6,Grande (5+),Niño (<16),3.405355391810819,3.405355391810819,-1.8885844471095272,0.4575195394387211,1,male_pclass_3,36.0,1
173,1,3,female,1.0,1,1,11.1333,S,Third,child,False,,Southampton,yes,False,False,1.0,False,S,Southampton,False,Unknown,child,False,3,Pequeña (2-4),Niño (<16),2.495953738718064,2.495953738718064,-2.114199994482967,-0.48145578049281346,1,female_pclass_3,9.0,1
174,0,3,male,21.0,0,0,7.925,S,Third,man,True,,Southampton,no,True,False,21.0,False,S,Southampton,False,Unknown,man,True,1,Solo,Joven (16-34),2.188856327665703,2.188856327665703,-0.6100963453267022,-0.7985399740528022,0,male_pclass_3,1.0,0
175,0,1,male,56.0,0,0,30.6958,C,First,man,True,A,Cherbourg,no,True,False,56.0,False,C,Cherbourg,True,A,man,True,1,Solo,Adulto (35-59),3.4561841799918147,3.4561841799918147,2.0220850406967608,0.5100012756239034,0,male_pclass_1,1.0,0
176,0,3,male,18.0,1,1,7.8542,S,Third,man,True,,Southampton,no,False,False,18.0,False,S,Southampton,False,Unknown,man,True,3,Pequeña (2-4),Joven (16-34),2.180891922715322,2.180891922715322,-0.8357118927001419,-0.8067633807960332,0,male_pclass_3,9.0,1
177,0,3,male,,3,1,25.4667,S,Third,man,True,,Southampton,no,False,True,25.0,False,S,Southampton,False,Unknown,man,True,5,Grande (5+),Joven (16-34),3.275887339030031,3.275887339030031,-0.3092756154954493,0.32384119624754837,0,male_pclass_3,25.0,1
178,0,1,female,50.0,0,0,28.7125,C,First,woman,False,C,Cherbourg,no,True,False,50.0,False,C,Cherbourg,True,C,woman,False,1,Solo,Adulto (35-59),3.391567832686312,3.391567832686312,1.5708539459498816,0.44328361002735417,0,female_pclass_1,1.0,0
179,0,2,male,30.0,0,0,13.0,S,Second,man,True,,Southampton,no,True,False,30.0,False,S,Southampton,False,Unknown,man,True,1,Solo,Joven (16-34),2.6390573296152584,2.6390573296152584,0.06675029679361687,-0.33369847260903374,0,male_pclass_2,1.0,0
180,0,3,male,36.0,0,0,0.0,S,Third,man,True,,Southampton,no,True,False,36.0,False,S,Southampton,False,Unknown,man,True,1,Solo,Adulto (35-59),0.0,0.0,0.5179813915404963,-3.0585777291682943,0,male_pclass_3,1.0,0
181,0,3,female,,8,2,69.55,S,Third,woman,False,,Southampton,no,False,True,21.5,False,S,Southampton,False,Unknown,woman,False,11,Grande (5+),Joven (16-34),4.256321678298823,4.256321678298823,-0.5724937540977957,1.336159179457635,0,female_pclass_3,121.0,1
182,0,2,male,,0,0,15.05,C,Second,man,True,,Cherbourg,no,True,True,30.0,False,C,Cherbourg,False,Unknown,man,True,1,Solo,Joven (16-34),2.775708849576025,2.775708849576025,0.06675029679361687,-0.19260305647698944,0,male_pclass_2,1.0,0
183,0,3,male,9.0,4,2,31.3875,S,Third,child,False,,Southampton,no,False,False,9.0,False,S,Southampton,False,Unknown,child,False,7,Grande (5+),Niño (<16),3.4777725458882283,3.4777725458882283,-1.512558534820461,0.5322916934007407,1,male_pclass_3,49.0,1
184,1,2,male,1.0,2,1,39.0,S,Second,child,False,F,Southampton,yes,False,False,1.0,False,S,Southampton,True,F,child,False,4,Pequeña (2-4),Niño (<16),3.688879454113936,3.6888794541139363,-2.114199994482967,0.7502637808901982,1,male_pclass_2,16.0,1
185,1,3,female,4.0,0,2,22.025,S,Third,child,False,,Southampton,yes,False,False,4.0,False,S,Southampton,False,Unknown,child,False,3,Pequeña (2-4),Niño (<16),3.1365805821413706,3.1365805821413706,-1.8885844471095272,0.18000419510146293,1,female_pclass_3,9.0,1
186,0,1,male,,0,0,50.0,S,First,man,True,A,Southampton,no,True,True,40.0,False,S,Southampton,True,A,man,True,1,Solo,Adulto (35-59),3.9318256327243257,3.9318256327243257,0.8188021213717492,1.0011105492142127,0,male_pclass_1,1.0,0
187,1,3,female,,1,0,15.5,Q,Third,woman,False,,Queenstown,yes,False,True,21.5,False,Q,Queenstown,False,Unknown,woman,False,2,Pequeña (2-4),Joven (16-34),2.803360380906535,2.803360380906535,-0.5724937540977957,-0.1640522996256445,0,female_pclass_3,4.0,1
188,1,1,male,45.0,0,0,26.55,S,First,man,True,,Southampton,yes,True,False,45.0,False,S,Southampton,False,Unknown,man,True,1,Solo,Adulto (35-59),3.316002535598924,3.3160025355989236,1.1948280336608155,0.3652609357040262,0,male_pclass_1,1.0,0
189,0,3,male,40.0,1,1,15.5,Q,Third,man,True,,Queenstown,no,False,False,40.0,False,Q,Queenstown,False,Unknown,man,True,3,Pequeña (2-4),Adulto (35-59),2.803360380906535,2.803360380906535,0.8188021213717492,-0.1640522996256445,0,male_pclass_3,9.0,1
190,0,3,male,36.0,0,0,7.8958,S,Third,man,True,,Southampton,no,True,False,36.0,False,S,Southampton,False,Unknown,man,True,1,Solo,Adulto (35-59),2.1855792552411137,2.1855792552411137,0.5179813915404963,-0.801923616602662,0,male_pclass_3,1.0,0
191,1,2,female,32.0,0,0,13.0,S,Second,woman,False,,Southampton,yes,True,False,32.0,False,S,Southampton,False,Unknown,woman,False,1,Solo,Joven (16-34),2.6390573296152584,2.6390573296152584,0.21716066170924334,-0.33369847260903374,0,female_pclass_2,1.0,0
192,0,2,male,19.0,0,0,13.0,S,Second,man,True,,Southampton,no,True,False,19.0,False,S,Southampton,False,Unknown,man,True,1,Solo,Joven (16-34),2.6390573296152584,2.6390573296152584,-0.7605067102423287,-0.33369847260903374,0,male_pclass_2,1.0,0
193,1,3,female,19.0,1,0,7.8542,S,Third,woman,False,,Southampton,yes,False,False,19.0,False,S,Southampton,False,Unknown,woman,False,2,Pequeña (2-4),Joven (16-34),2.180891922715322,2.180891922715322,-0.7605067102423287,-0.8067633807960332,0,female_pclass_3,4.0,1
194,1,2,male,3.0,1,1,26.0,S,Second,child,False,F,Southampton,yes,False,False,3.0,False,S,Southampton,True,F,child,False,3,Pequeña (2-4),Niño (<16),3.295836866004329,3.295836866004329,-1.9637896295673405,0.34443948019553633,1,male_pclass_2,9.0,1
195,1,1,female,44.0,0,0,27.7208,C,First,woman,False,B,Cherbourg,yes,True,False,44.0,False,C,Cherbourg,True,B,woman,False,1,Solo,Adulto (35-59),3.357621598945279,3.357621598945279,1.1196228512030022,0.4082334475616763,0,female_pclass_1,1.0,0
196,1,1,female,58.0,0,0,146.5208,C,First,woman,False,B,Cherbourg,yes,True,False,58.0,False,C,Cherbourg,True,B,woman,False,1,Solo,Adulto (35-59),4.993969182787072,4.993969182787072,2.1724954056123873,2.0977949200217725,0,female_pclass_1,1.0,0
197,0,3,male,,0,0,7.75,Q,Third,man,True,,Queenstown,no,True,True,25.0,False,Q,Queenstown,False,Unknown,man,True,1,Solo,Joven (16-34),2.169053700369523,2.169053700369523,-0.3092756154954493,-0.8189865811572417,0,male_pclass_3,1.0,0
198,0,3,male,42.0,0,1,8.4042,S,Third,man,True,,Southampton,no,False,False,42.0,False,S,Southampton,False,Unknown,man,True,2,Pequeña (2-4),Adulto (35-59),2.2411563979973974,2.2411563979973974,0.9692124862873757,-0.74453910974259,0,male_pclass_3,4.0,1
199,1,3,female,,0,0,7.75,Q,Third,woman,False,,Queenstown,yes,True,True,21.5,False,Q,Queenstown,False,Unknown,woman,False,1,Solo,Joven (16-34),2.169053700369523,2.169053700369523,-0.5724937540977957,-0.8189865811572417,0,female_pclass_3,1.0,0
200,0,2,female,24.0,0,0,13.0,S,Second,woman,False,,Southampton,no,True,False,24.0,False,S,Southampton,False,Unknown,woman,False,1,Solo,Joven (16-34),2.6390573296152584,2.6390573296152584,-0.38448079795326257,-0.33369847260903374,0,female_pclass_2,1.0,0
201,0,3,male,28.0,0,0,9.5,S,Third,man,True,,Southampton,no,True,False,28.0,False,S,Southampton,False,Unknown,man,True,1,Solo,Joven (16-34),2.3513752571634776,2.3513752571634776,-0.0836600681220096,-0.630735942356657,0,male_pclass_3,1.0,0
202,0,3,male,,8,2,69.55,S,Third,man,True,,Southampton,no,False,True,25.0,False,S,Southampton,False,Unknown,man,True,11,Grande (5+),Joven (16-34),4.256321678298823,4.256321678298823,-0.3092756154954493,1.336159179457635,0,male_pclass_3,121.0,1
203,0,3,male,34.0,0,0,6.4958,S,Third,man,True,,Southampton,no,True,False,34.0,False,S,Southampton,False,Unknown,man,True,1,Solo,Joven (16-34),2.014342863683701,2.0143428636837015,0.3675710266248698,-0.978728601506448,0,male_pclass_3,1.0,0
204,0,3,male,45.5,0,0,7.225,C,Third,man,True,,Cherbourg,no,True,False,45.5,False,C,Cherbourg,False,Unknown,man,True,1,Solo,Adulto (35-59),2.107178296651436,2.1071782966514356,1.232430624889722,-0.8828741679067219,0,male_pclass_3,1.0,0
205,1,3,male,18.0,0,0,8.05,S,Third,man,True,,Southampton,yes,True,False,18.0,False,S,Southampton,False,Unknown,man,True,1,Solo,Joven (16-34),2.2027647577118348,2.2027647577118348,-0.8357118927001419,-0.7841792430073969,0,male_pclass_3,1.0,0
206,0,3,female,2.0,0,1,10.4625,S,Third,child,False,G,Southampton,no,False,False,2.0,False,S,Southampton,True,G,child,False,2,Pequeña (2-4),Niño (<16),2.4390808375825834,2.4390808375825834,-2.0389948120251535,-0.5401781836878248,1,female_pclass_3,4.0,1
207,0,3,male,32.0,1,0,15.85,S,Third,man,True,,Southampton,no,False,False,32.0,False,S,Southampton,False,Unknown,man,True,2,Pequeña (2-4),Joven (16-34),2.8243506567983707,2.8243506567983707,0.21716066170924334,-0.14237942169106094,0,male_pclass_3,4.0,1
208,1,3,male,26.0,0,0,18.7875,C,Third,man,True,,Cherbourg,yes,True,False,26.0,False,C,Cherbourg,False,Unknown,man,True,1,Solo,Joven (16-34),2.9850504252071306,2.9850504252071306,-0.23407043303763608,0.02354628994732376,0,male_pclass_3,1.0,0
209,1,3,female,16.0,0,0,7.75,Q,Third,woman,False,,Queenstown,yes,True,False,16.0,False,Q,Queenstown,False,Unknown,woman,False,1,Solo,Joven (16-34),2.169053700369523,2.169053700369523,-0.9861222576157684,-0.8189865811572417,0,female_pclass_3,1.0,0
210,1,1,male,40.0,0,0,31.0,C,First,man,True,A,Cherbourg,yes,True,False,40.0,False,C,Cherbourg,True,A,man,True,1,Solo,Adulto (35-59),3.4657359027997265,3.4657359027997265,0.8188021213717492,0.519863619670623,0,male_pclass_1,1.0,0
211,0,3,male,24.0,0,0,7.05,S,Third,man,True,,Southampton,no,True,False,24.0,False,S,Southampton,False,Unknown,man,True,1,Solo,Joven (16-34),2.0856720914304723,2.0856720914304723,-0.38448079795326257,-0.905079753149712,0,male_pclass_3,1.0,0
212,1,2,female,35.0,0,0,21.0,S,Second,woman,False,,Southampton,yes,True,False,35.0,False,S,Southampton,False,Unknown,woman,False,1,Solo,Adulto (35-59),3.091042453358316,3.091042453358316,0.44277620908268306,0.13298517012197922,0,female_pclass_2,1.0,0
213,0,3,male,22.0,0,0,7.25,S,Third,man,True,,Southampton,no,True,False,22.0,False,S,Southampton,False,Unknown,man,True,1,Solo,Joven (16-34),2.110213200346589,2.1102132003465894,-0.534891162868889,-0.879740569393428,0,male_pclass_3,1.0,0
214,0,2,male,30.0,0,0,13.0,S,Second,man,True,,Southampton,no,True,False,30.0,False,S,Southampton,False,Unknown,man,True,1,Solo,Joven (16-34),2.6390573296152584,2.6390573296152584,0.06675029679361687,-0.33369847260903374,0,male_pclass_2,1.0,0
215,0,3,male,,1,0,7.75,Q,Third,man,True,,Queenstown,no,False,True,25.0,False,Q,Queenstown,False,Unknown,man,True,2,Pequeña (2-4),Joven (16-34),2.169053700369523,2.169053700369523,-0.3092756154954493,-0.8189865811572417,0,male_pclass_3,4.0,1
216,1,1,female,31.0,1,0,113.275,C,First,woman,False,D,Cherbourg,yes,False,False,31.0,False,C,Cherbourg,True,D,woman,False,2,Pequeña (2-4),Joven (16-34),4.738607824217808,4.738607824217808,0.1419554792514301,1.8341292311094284,0,female_pclass_1,4.0,1
217,1,3,female,27.0,0,0,7.925,S,Third,woman,False,,Southampton,yes,True,False,27.0,False,S,Southampton,False,Unknown,woman,False,1,Solo,Joven (16-34),2.188856327665703,2.188856327665703,-0.15886525057982284,-0.7985399740528022,0,female_pclass_3,1.0,0
218,0,2,male,42.0,1,0,27.0,S,Second,man,True,,Southampton,no,False,False,42.0,False,S,Southampton,False,Unknown,man,True,2,Pequeña (2-4),Adulto (35-59),3.332204510175204,3.332204510175204,0.9692124862873757,0.3819897971587498,0,male_pclass_2,4.0,1
219,1,1,female,32.0,0,0,76.2917,C,First,woman,False,D,Cherbourg,yes,True,False,32.0,False,C,Cherbourg,True,D,woman,False,1,Solo,Joven (16-34),4.347586575960343,4.347586575960343,0.21716066170924334,1.4303920040723754,0,female_pclass_1,1.0,0
220,0,2,male,30.0,0,0,10.5,S,Second,man,True,,Southampton,no,True,False,30.0,False,S,Southampton,False,Unknown,man,True,1,Solo,Joven (16-34),2.4423470353692043,2.4423470353692043,0.06675029679361687,-0.5368057694182642,0,male_pclass_2,1.0,0
221,1,3,male,16.0,0,0,8.05,S,Third,man,True,,Southampton,yes,True,False,16.0,False,S,Southampton,False,Unknown,man,True,1,Solo,Joven (16-34),2.2027647577118348,2.2027647577118348,-0.9861222576157684,-0.7841792430073969,0,male_pclass_3,1.0,0
222,0,2,male,27.0,0,0,13.0,S,Second,man,True,,Southampton,no,True,False,27.0,False,S,Southampton,False,Unknown,man,True,1,Solo,Joven (16-34),2.6390573296152584,2.6390573296152584,-0.15886525057982284,-0.33369847260903374,0,male_pclass_2,1.0,0
223,0,3,male,51.0,0,0,8.05,S,Third,man,True,,Southampton,no,True,False,51.0,False,S,Southampton,False,Unknown,man,True,1,Solo,Adulto (35-59),2.2027647577118348,2.2027647577118348,1.6460591284076949,-0.7841792430073969,0,male_pclass_3,1.0,0
224,0,3,male,,0,0,7.8958,S,Third,man,True,,Southampton,no,True,True,25.0,False,S,Southampton,False,Unknown,man,True,1,Solo,Joven (16-34),2.1855792552411137,2.1855792552411137,-0.3092756154954493,-0.801923616602662,0,male_pclass_3,1.0,0
225,1,1,male,38.0,1,0,90.0,S,First,man,True,C,Southampton,yes,False,False,38.0,False,S,Southampton,True,C,man,True,2,Pequeña (2-4),Adulto (35-59),4.51085950651685,4.51085950651685,0.6683917564561227,1.5989745568795652,0,male_pclass_1,4.0,1
226,0,3,male,22.0,0,0,9.35,S,Third,man,True,,Southampton,no,True,False,22.0,False,S,Southampton,False,Unknown,man,True,1,Solo,Joven (16-34),2.336986519711378,2.336986519711378,-0.534891162868889,-0.6455926003653027,0,male_pclass_3,1.0,0
227,1,2,male,19.0,0,0,10.5,S,Second,man,True,,Southampton,yes,True,False,19.0,False,S,Southampton,False,Unknown,man,True,1,Solo,Joven (16-34),2.4423470353692043,2.4423470353692043,-0.7605067102423287,-0.5368057694182642,0,male_pclass_2,1.0,0
228,0,3,male,20.5,0,0,7.25,S,Third,man,True,,Southampton,no,True,False,20.5,False,S,Southampton,False,Unknown,man,True,1,Solo,Joven (16-34),2.110213200346589,2.1102132003465894,-0.6476989365556088,-0.879740569393428,0,male_pclass_3,1.0,0
229,0,2,male,18.0,0,0,13.0,S,Second,man,True,,Southampton,no,True,False,18.0,False,S,Southampton,False,Unknown,man,True,1,Solo,Joven (16-34),2.6390573296152584,2.6390573296152584,-0.8357118927001419,-0.33369847260903374,0,male_pclass_2,1.0,0
230,0,3,female,,3,1,25.4667,S,Third,woman,False,,Southampton,no,False,True,21.5,False,S,Southampton,False,Unknown,woman,False,5,Grande (5+),Joven (16-34),3.275887339030031,3.275887339030031,-0.5724937540977957,0.32384119624754837,0,female_pclass_3,25.0,1
231,1,1,female,35.0,1,0,83.475,S,First,woman,False,C,Southampton,yes,False,False,35.0,False,S,Southampton,True,C,woman,False,2,Pequeña (2-4),Adulto (35-59),4.436455632600354,4.436455632600354,0.44277620908268306,1.5221510751129652,0,female_pclass_1,4.0,1
232,0,3,male,29.0,0,0,7.775,S,Third,man,True,,Southampton,no,True,False,29.0,False,S,Southampton,False,Unknown,man,True,1,Solo,Joven (16-34),2.1719067693519296,2.1719067693519296,-0.00845488566419637,-0.8160407306065735,0,male_pclass_3,1.0,0
233,0,2,male,59.0,0,0,13.5,S,Second,man,True,,Southampton,no,True,False,59.0,False,S,Southampton,False,Unknown,man,True,1,Solo,Adulto (35-59),2.6741486494265287,2.6741486494265287,2.2477005880702006,-0.2974659859684507,0,male_pclass_2,1.0,0
234,1,3,female,5.0,4,2,31.3875,S,Third,child,False,,Southampton,yes,False,False,5.0,False,S,Southampton,False,Unknown,child,False,7,Grande (5+),Niño (<16),3.4777725458882283,3.4777725458882283,-1.813379264651714,0.5322916934007407,1,female_pclass_3,49.0,1
235,0,2,male,24.0,0,0,10.5,S,Second,man,True,,Southampton,no,True,False,24.0,False,S,Southampton,False,Unknown,man,True,1,Solo,Joven (16-34),2.4423470353692043,2.4423470353692043,-0.38448079795326257,-0.5368057694182642,0,male_pclass_2,1.0,0
236,0,3,female,,0,0,7.55,S,Third,woman,False,,Southampton,no,True,True,21.5,False,S,Southampton,False,Unknown,woman,False,1,Solo,Joven (16-34),2.145931282948669,2.145931282948669,-0.5724937540977957,-0.8428609376877136,0,female_pclass_3,1.0,0
237,0,2,male,44.0,1,0,26.0,S,Second,man,True,,Southampton,no,False,False,44.0,False,S,Southampton,False,Unknown,man,True,2,Pequeña (2-4),Adulto (35-59),3.295836866004329,3.295836866004329,1.1196228512030022,0.34443948019553633,0,male_pclass_2,4.0,1
238,1,2,female,8.0,0,2,26.25,S,Second,child,False,,Southampton,yes,False,False,8.0,False,S,Southampton,False,Unknown,child,False,3,Pequeña (2-4),Niño (<16),3.305053521109253,3.305053521109253,-1.5877637172782744,0.35395586016517105,1,female_pclass_2,9.0,1
239,0,2,male,19.0,0,0,10.5,S,Second,man,True,,Southampton,no,True,False,19.0,False,S,Southampton,False,Unknown,man,True,1,Solo,Joven (16-34),2.4423470353692043,2.4423470353692043,-0.7605067102423287,-0.5368057694182642,0,male_pclass_2,1.0,0
240,0,2,male,33.0,0,0,12.275,S,Second,man,True,,Southampton,no,True,False,33.0,False,S,Southampton,False,Unknown,man,True,1,Solo,Joven (16-34),2.5858825671280026,2.5858825671280026,0.2923658441670566,-0.3886024739916459,0,male_pclass_2,1.0,0
241,0,3,female,,1,0,14.4542,C,Third,woman,False,,Cherbourg,no,False,True,21.5,False,C,Cherbourg,False,Unknown,woman,False,2,Pequeña (2-4),Joven (16-34),2.737880811060884,2.737880811060884,-0.5724937540977957,-0.23166125968823228,0,female_pclass_3,4.0,1
242,1,3,female,,1,0,15.5,Q,Third,woman,False,,Queenstown,yes,False,True,21.5,False,Q,Queenstown,False,Unknown,woman,False,2,Pequeña (2-4),Joven (16-34),2.803360380906535,2.803360380906535,-0.5724937540977957,-0.1640522996256445,0,female_pclass_3,4.0,1
243,0,2,male,29.0,0,0,10.5,S,Second,man,True,,Southampton,no,True,False,29.0,False,S,Southampton,False,Unknown,man,True,1,Solo,Joven (16-34),2.4423470353692043,2.4423470353692043,-0.00845488566419637,-0.5368057694182642,0,male_pclass_2,1.0,0
244,0,3,male,22.0,0,0,7.125,S,Third,man,True,,Southampton,no,True,False,22.0,False,S,Southampton,False,Unknown,man,True,1,Solo,Joven (16-34),2.094945728215801,2.094945728215801,-0.534891162868889,-0.8955045384601201,0,male_pclass_3,1.0,0
245,0,3,male,30.0,0,0,7.225,C,Third,man,True,,Cherbourg,no,True,False,30.0,False,C,Cherbourg,False,Unknown,man,True,1,Solo,Joven (16-34),2.107178296651436,2.1071782966514356,0.06675029679361687,-0.8828741679067219,0,male_pclass_3,1.0,0
246,0,1,male,44.0,2,0,90.0,Q,First,man,True,C,Queenstown,no,False,False,44.0,False,Q,Queenstown,True,C,man,True,3,Pequeña (2-4),Adulto (35-59),4.51085950651685,4.51085950651685,1.1196228512030022,1.5989745568795652,0,male_pclass_1,9.0,1
247,0,3,female,25.0,0,0,7.775,S,Third,woman,False,,Southampton,no,True,False,25.0,False,S,Southampton,False,Unknown,woman,False,1,Solo,Joven (16-34),2.1719067693519296,2.1719067693519296,-0.3092756154954493,-0.8160407306065735,0,female_pclass_3,1.0,0
248,1,2,female,24.0,0,2,14.5,S,Second,woman,False,,Southampton,yes,False,False,24.0,False,S,Southampton,False,Unknown,woman,False,3,Pequeña (2-4),Joven (16-34),2.740840023925201,2.740840023925201,-0.38448079795326257,-0.22860581346535835,0,female_pclass_2,9.0,1
249,1,1,male,37.0,1,1,52.5542,S,First,man,True,D,Southampton,yes,False,False,37.0,False,S,Southampton,True,D,man,True,3,Pequeña (2-4),Adulto (35-59),3.980694225190728,3.9806942251907276,0.5931865739983095,1.0515683442816506,0,male_pclass_1,9.0,1
250,0,2,male,54.0,1,0,26.0,S,Second,man,True,,Southampton,no,False,False,54.0,False,S,Southampton,False,Unknown,man,True,2,Pequeña (2-4),Adulto (35-59),3.295836866004329,3.295836866004329,1.8716746757811344,0.34443948019553633,0,male_pclass_2,4.0,1
251,0,3,male,,0,0,7.25,S,Third,man,True,,Southampton,no,True,True,25.0,False,S,Southampton,False,Unknown,man,True,1,Solo,Joven (16-34),2.110213200346589,2.1102132003465894,-0.3092756154954493,-0.879740569393428,0,male_pclass_3,1.0,0
252,0,3,female,29.0,1,1,10.4625,S,Third,woman,False,G,Southampton,no,False,False,29.0,False,S,Southampton,True,G,woman,False,3,Pequeña (2-4),Joven (16-34),2.4390808375825834,2.4390808375825834,-0.00845488566419637,-0.5401781836878248,0,female_pclass_3,9.0,1
253,0,1,male,62.0,0,0,26.55,S,First,man,True,C,Southampton,no,True,False,62.0,False,S,Southampton,True,C,man,True,1,Solo,Mayor (60+),3.316002535598924,3.3160025355989236,2.4733161354436404,0.3652609357040262,0,male_pclass_1,1.0,0
254,0,3,male,30.0,1,0,16.1,S,Third,man,True,,Southampton,no,False,False,30.0,False,S,Southampton,False,Unknown,man,True,2,Pequeña (2-4),Joven (16-34),2.8390784635086144,2.8390784635086144,0.06675029679361687,-0.12717266791993015,0,male_pclass_3,4.0,1
255,0,3,female,41.0,0,2,20.2125,S,Third,woman,False,,Southampton,no,False,False,41.0,False,S,Southampton,False,Unknown,woman,False,3,Pequeña (2-4),Adulto (35-59),3.0545906305603445,3.0545906305603445,0.8940073038295624,0.09534793704965061,0,female_pclass_3,9.0,1
256,1,3,female,29.0,0,2,15.2458,C,Third,woman,False,,Cherbourg,yes,False,False,29.0,False,C,Cherbourg,False,Unknown,woman,False,3,Pequeña (2-4),Joven (16-34),2.787834413830345,2.7878344138303452,-0.00845488566419637,-0.18008316987206646,0,female_pclass_3,9.0,1
257,1,1,female,,0,0,79.2,C,First,woman,False,,Cherbourg,yes,True,True,35.0,False,C,Cherbourg,False,Unknown,woman,False,1,Solo,Adulto (35-59),4.384523514872469,4.384523514872469,0.44277620908268306,1.4685301291949249,0,female_pclass_1,1.0,0
258,1,1,female,30.0,0,0,86.5,S,First,woman,False,B,Southampton,yes,True,False,30.0,False,S,Southampton,True,B,woman,False,1,Solo,Joven (16-34),4.471638793363569,4.471638793363569,0.06675029679361687,1.558478389365684,0,female_pclass_1,1.0,0
259,1,1,female,35.0,0,0,512.3292,C,First,woman,False,,Cherbourg,yes,True,False,35.0,False,C,Cherbourg,False,Unknown,woman,False,1,Solo,Adulto (35-59),6.240917354759096,6.240917354759096,0.44277620908268306,3.385293743818228,0,female_pclass_1,1.0,0
260,1,2,female,50.0,0,1,26.0,S,Second,woman,False,,Southampton,yes,False,False,50.0,False,S,Southampton,False,Unknown,woman,False,2,Pequeña (2-4),Adulto (35-59),3.295836866004329,3.295836866004329,1.5708539459498816,0.34443948019553633,0,female_pclass_2,4.0,1
261,0,3,male,,0,0,7.75,Q,Third,man,True,,Queenstown,no,True,True,25.0,False,Q,Queenstown,False,Unknown,man,True,1,Solo,Joven (16-34),2.169053700369523,2.169053700369523,-0.3092756154954493,-0.8189865811572417,0,male_pclass_3,1.0,0
262,1,3,male,3.0,4,2,31.3875,S,Third,child,False,,Southampton,yes,False,False,3.0,False,S,Southampton,False,Unknown,child,False,7,Grande (5+),Niño (<16),3.4777725458882283,3.4777725458882283,-1.9637896295673405,0.5322916934007407,1,male_pclass_3,49.0,1
263,0,1,male,52.0,1,1,79.65,S,First,man,True,E,Southampton,no,False,False,52.0,False,S,Southampton,True,E,man,True,3,Pequeña (2-4),Adulto (35-59),4.390118804571218,4.390118804571218,1.721264310865508,1.474307377253717,0,male_pclass_1,9.0,1
264,0,1,male,40.0,0,0,0.0,S,First,man,True,B,Southampton,no,True,False,40.0,False,S,Southampton,True,B,man,True,1,Solo,Adulto (35-59),0.0,0.0,0.8188021213717492,-3.0585777291682943,0,male_pclass_1,1.0,0
265,0,3,female,,0,0,7.75,Q,Third,woman,False,,Queenstown,no,True,True,21.5,False,Q,Queenstown,False,Unknown,woman,False,1,Solo,Joven (16-34),2.169053700369523,2.169053700369523,-0.5724937540977957,-0.8189865811572417,0,female_pclass_3,1.0,0
266,0,2,male,36.0,0,0,10.5,S,Second,man,True,,Southampton,no,True,False,36.0,False,S,Southampton,False,Unknown,man,True,1,Solo,Adulto (35-59),2.4423470353692043,2.4423470353692043,0.5179813915404963,-0.5368057694182642,0,male_pclass_2,1.0,0
267,0,3,male,16.0,4,1,39.6875,S,Third,man,True,,Southampton,no,False,False,16.0,False,S,Southampton,False,Unknown,man,True,6,Grande (5+),Joven (16-34),3.705920919968788,3.705920919968788,-0.9861222576157684,0.7678594338107122,0,male_pclass_3,36.0,1
268,1,3,male,25.0,1,0,7.775,S,Third,man,True,,Southampton,yes,False,False,25.0,False,S,Southampton,False,Unknown,man,True,2,Pequeña (2-4),Joven (16-34),2.1719067693519296,2.1719067693519296,-0.3092756154954493,-0.8160407306065735,0,male_pclass_3,4.0,1
269,1,1,female,58.0,0,1,153.4625,S,First,woman,False,C,Southampton,yes,False,False,58.0,False,S,Southampton,True,C,woman,False,2,Pequeña (2-4),Adulto (35-59),5.039951348430309,5.039951348430309,2.1724954056123873,2.1452724219035506,0,female_pclass_1,4.0,1
270,1,1,female,35.0,0,0,135.6333,S,First,woman,False,C,Southampton,yes,True,False,35.0,False,S,Southampton,True,C,woman,False,1,Solo,Adulto (35-59),4.91730069488021,4.91730069488021,0.44277620908268306,2.018633179204407,0,female_pclass_1,1.0,0
271,0,1,male,,0,0,31.0,S,First,man,True,,Southampton,no,True,True,40.0,False,S,Southampton,False,Unknown,man,True,1,Solo,Adulto (35-59),3.4657359027997265,3.4657359027997265,0.8188021213717492,0.519863619670623,0,male_pclass_1,1.0,0
272,1,3,male,25.0,0,0,0.0,S,Third,man,True,,Southampton,yes,True,False,25.0,False,S,Southampton,False,Unknown,man,True,1,Solo,Joven (16-34),0.0,0.0,-0.3092756154954493,-3.0585777291682943,0,male_pclass_3,1.0,0
273,1,2,female,41.0,0,1,19.5,S,Second,woman,False,,Southampton,yes,False,False,41.0,False,S,Southampton,False,Unknown,woman,False,2,Pequeña (2-4),Adulto (35-59),3.0204248861443626,3.0204248861443626,0.8940073038295624,0.06007112543995848,0,female_pclass_2,4.0,1
274,0,1,male,37.0,0,1,29.7,C,First,man,True,C,Cherbourg,no,False,False,37.0,False,C,Cherbourg,True,C,man,True,2,Pequeña (2-4),Adulto (35-59),3.4242626545931514,3.4242626545931514,0.5931865739983095,0.4770416648490862,0,male_pclass_1,4.0,1
275,1,3,female,,0,0,7.75,Q,Third,woman,False,,Queenstown,yes,True,True,21.5,False,Q,Queenstown,False,Unknown,woman,False,1,Solo,Joven (16-34),2.169053700369523,2.169053700369523,-0.5724937540977957,-0.8189865811572417,0,female_pclass_3,1.0,0
276,1,1,female,63.0,1,0,77.9583,S,First,woman,False,D,Southampton,yes,False,False,63.0,False,S,Southampton,True,D,woman,False,2,Pequeña (2-4),Mayor (60+),4.368919865004903,4.368919865004903,2.5485213179014536,1.4524190499191512,0,female_pclass_1,4.0,1
277,0,3,female,45.0,0,0,7.75,S,Third,woman,False,,Southampton,no,True,False,45.0,False,S,Southampton,False,Unknown,woman,False,1,Solo,Adulto (35-59),2.169053700369523,2.169053700369523,1.1948280336608155,-0.8189865811572417,0,female_pclass_3,1.0,0
278,0,2,male,,0,0,0.0,S,Second,man,True,,Southampton,no,True,True,30.0,False,S,Southampton,False,Unknown,man,True,1,Solo,Joven (16-34),0.0,0.0,0.06675029679361687,-3.0585777291682943,0,male_pclass_2,1.0,0
279,0,3,male,7.0,4,1,29.125,Q,Third,child,False,,Queenstown,no,False,False,7.0,False,Q,Queenstown,False,Unknown,child,False,6,Grande (5+),Niño (<16),3.405355391810819,3.405355391810819,-1.6629688997360874,0.4575195394387211,1,male_pclass_3,36.0,1
280,1,3,female,35.0,1,1,20.25,S,Third,woman,False,,Southampton,yes,False,False,35.0,False,S,Southampton,False,Unknown,woman,False,3,Pequeña (2-4),Adulto (35-59),3.056356895370426,3.056356895370426,0.44277620908268306,0.09717164064584452,0,female_pclass_3,9.0,1
281,0,3,male,65.0,0,0,7.75,Q,Third,man,True,,Queenstown,no,True,False,65.0,False,Q,Queenstown,False,Unknown,man,True,1,Solo,Mayor (60+),2.169053700369523,2.169053700369523,2.69893168281708,-0.8189865811572417,0,male_pclass_3,1.0,0
282,0,3,male,28.0,0,0,7.8542,S,Third,man,True,,Southampton,no,True,False,28.0,False,S,Southampton,False,Unknown,man,True,1,Solo,Joven (16-34),2.180891922715322,2.180891922715322,-0.0836600681220096,-0.8067633807960332,0,male_pclass_3,1.0,0
283,0,3,male,16.0,0,0,9.5,S,Third,man,True,,Southampton,no,True,False,16.0,False,S,Southampton,False,Unknown,man,True,1,Solo,Joven (16-34),2.3513752571634776,2.3513752571634776,-0.9861222576157684,-0.630735942356657,0,male_pclass_3,1.0,0
284,1,3,male,19.0,0,0,8.05,S,Third,man,True,,Southampton,yes,True,False,19.0,False,S,Southampton,False,Unknown,man,True,1,Solo,Joven (16-34),2.2027647577118348,2.2027647577118348,-0.7605067102423287,-0.7841792430073969,0,male_pclass_3,1.0,0
285,0,1,male,,0,0,26.0,S,First,man,True,A,Southampton,no,True,True,40.0,False,S,Southampton,True,A,man,True,1,Solo,Adulto (35-59),3.295836866004329,3.295836866004329,0.8188021213717492,0.34443948019553633,0,male_pclass_1,1.0,0
286,0,3,male,33.0,0,0,8.6625,C,Third,man,True,,Cherbourg,no,True,False,33.0,False,C,Cherbourg,False,Unknown,man,True,1,Solo,Joven (16-34),2.2682524139135403,2.2682524139135403,0.2923658441670566,-0.7165619336211219,0,male_pclass_3,1.0,0
287,1,3,male,30.0,0,0,9.5,S,Third,man,True,,Southampton,yes,True,False,30.0,False,S,Southampton,False,Unknown,man,True,1,Solo,Joven (16-34),2.3513752571634776,2.3513752571634776,0.06675029679361687,-0.630735942356657,0,male_pclass_3,1.0,0
288,0,3,male,22.0,0,0,7.8958,S,Third,man,True,,Southampton,no,True,False,22.0,False,S,Southampton,False,Unknown,man,True,1,Solo,Joven (16-34),2.1855792552411137,2.1855792552411137,-0.534891162868889,-0.801923616602662,0,male_pclass_3,1.0,0
289,1,2,male,42.0,0,0,13.0,S,Second,man,True,,Southampton,yes,True,False,42.0,False,S,Southampton,False,Unknown,man,True,1,Solo,Adulto (35-59),2.6390573296152584,2.6390573296152584,0.9692124862873757,-0.33369847260903374,0,male_pclass_2,1.0,0
290,1,3,female,22.0,0,0,7.75,Q,Third,woman,False,,Queenstown,yes,True,False,22.0,False,Q,Queenstown,False,Unknown,woman,False,1,Solo,Joven (16-34),2.169053700369523,2.169053700369523,-0.534891162868889,-0.8189865811572417,0,female_pclass_3,1.0,0
291,1,1,female,26.0,0,0,78.85,S,First,woman,False,,Southampton,yes,True,False,26.0,False,S,Southampton,False,Unknown,woman,False,1,Solo,Joven (16-34),4.380149874661021,4.380149874661021,-0.23407043303763608,1.4640142585641174,0,female_pclass_1,1.0,0
292,1,1,female,19.0,1,0,91.0792,C,First,woman,False,B,Cherbourg,yes,False,False,19.0,False,C,Cherbourg,True,B,woman,False,2,Pequeña (2-4),Joven (16-34),4.5226490762785785,4.5226490762785785,-0.7605067102423287,1.611147522478678,0,female_pclass_1,4.0,1
293,0,2,male,36.0,0,0,12.875,C,Second,man,True,D,Cherbourg,no,True,False,36.0,False,C,Cherbourg,True,D,man,True,1,Solo,Adulto (35-59),2.630088659632498,2.630088659632498,0.5179813915404963,-0.34295880300076187,0,male_pclass_2,1.0,0
294,0,3,female,24.0,0,0,8.85,S,Third,woman,False,,Southampton,no,True,False,24.0,False,S,Southampton,False,Unknown,woman,False,1,Solo,Joven (16-34),2.2874714551839976,2.2874714551839976,-0.38448079795326257,-0.6967178907118834,0,female_pclass_3,1.0,0
295,0,3,male,24.0,0,0,7.8958,S,Third,man,True,,Southampton,no,True,False,24.0,False,S,Southampton,False,Unknown,man,True,1,Solo,Joven (16-34),2.1855792552411137,2.1855792552411137,-0.38448079795326257,-0.801923616602662,0,male_pclass_3,1.0,0
296,0,1,male,,0,0,27.7208,C,First,man,True,,Cherbourg,no,True,True,40.0,False,C,Cherbourg,False,Unknown,man,True,1,Solo,Adulto (35-59),3.357621598945279,3.357621598945279,0.8188021213717492,0.4082334475616763,0,male_pclass_1,1.0,0
297,0,3,male,23.5,0,0,7.2292,C,Third,man,True,,Cherbourg,no,True,False,23.5,False,C,Cherbourg,False,Unknown,man,True,1,Solo,Joven (16-34),2.1076888046179385,2.1076888046179385,-0.42208338918216914,-0.8823470582632058,0,male_pclass_3,1.0,0
298,0,1,female,2.0,1,2,151.55,S,First,child,False,C,Southampton,no,False,False,2.0,False,S,Southampton,True,C,child,False,4,Pequeña (2-4),Niño (<16),5.027492411162679,5.027492411162679,-2.0389948120251535,2.1324083210223894,1,female_pclass_1,16.0,1
299,1,1,male,,0,0,30.5,S,First,man,True,C,Southampton,yes,True,True,40.0,False,S,Southampton,True,C,man,True,1,Solo,Adulto (35-59),3.449987545831587,3.449987545831587,0.8188021213717492,0.5036031274312863,0,male_pclass_1,1.0,0
300,1,1,female,50.0,0,1,247.5208,C,First,woman,False,B,Cherbourg,yes,False,False,50.0,False,C,Cherbourg,True,B,woman,False,2,Pequeña (2-4),Adulto (35-59),5.515526544247129,5.515526544247129,1.5708539459498816,2.6363132839087293,0,female_pclass_1,4.0,1
301,1,3,female,,0,0,7.75,Q,Third,woman,False,,Queenstown,yes,True,True,21.5,False,Q,Queenstown,False,Unknown,woman,False,1,Solo,Joven (16-34),2.169053700369523,2.169053700369523,-0.5724937540977957,-0.8189865811572417,0,female_pclass_3,1.0,0
302,1,3,male,,2,0,23.25,Q,Third,man,True,,Queenstown,yes,False,True,25.0,False,Q,Queenstown,False,Unknown,man,True,3,Pequeña (2-4),Joven (16-34),3.188416617383492,3.188416617383492,-0.3092756154954493,0.23352593393921814,0,male_pclass_3,9.0,1
303,0,3,male,19.0,0,0,0.0,S,Third,man,True,,Southampton,no,True,False,19.0,False,S,Southampton,False,Unknown,man,True,1,Solo,Joven (16-34),0.0,0.0,-0.7605067102423287,-3.0585777291682943,0,male_pclass_3,1.0,0
304,1,2,female,,0,0,12.35,Q,Second,woman,False,E,Queenstown,yes,True,True,28.0,False,Q,Queenstown,True,E,woman,False,1,Solo,Joven (16-34),2.5915163848462583,2.5915163848462583,-0.0836600681220096,-0.38278544498532674,0,female_pclass_2,1.0,0
305,0,3,male,,0,0,8.05,S,Third,man,True,,Southampton,no,True,True,25.0,False,S,Southampton,False,Unknown,man,True,1,Solo,Joven (16-34),2.2027647577118348,2.2027647577118348,-0.3092756154954493,-0.7841792430073969,0,male_pclass_3,1.0,0
306,1,1,male,0.92,1,2,151.55,S,First,child,False,C,Southampton,yes,False,False,0.92,False,S,Southampton,True,C,child,False,4,Pequeña (2-4),Niño (<16),5.027492411162679,5.027492411162679,-2.120216409079592,2.1324083210223894,1,male_pclass_1,16.0,1
307,1,1,female,,0,0,110.8833,C,First,woman,False,,Cherbourg,yes,True,True,35.0,False,C,Cherbourg,False,Unknown,woman,False,1,Solo,Adulto (35-59),4.717456363787216,4.717456363787216,0.44277620908268306,1.8122899269281674,0,female_pclass_1,1.0,0
308,1,1,female,17.0,1,0,108.9,C,First,woman,False,C,Cherbourg,yes,False,False,17.0,False,C,Cherbourg,True,C,woman,False,2,Pequeña (2-4),Joven (16-34),4.699570861409576,4.699570861409576,-0.9109170751579552,1.7938227894866792,0,female_pclass_1,4.0,1
309,0,2,male,30.0,1,0,24.0,C,Second,man,True,,Cherbourg,no,False,False,30.0,False,C,Cherbourg,False,Unknown,man,True,2,Pequeña (2-4),Joven (16-34),3.218875824868201,3.2188758248682006,0.06675029679361687,0.2649756723419897,0,male_pclass_2,4.0,1
310,1,1,female,30.0,0,0,56.9292,C,First,woman,False,E,Cherbourg,yes,True,False,30.0,False,C,Cherbourg,True,E,woman,False,1,Solo,Joven (16-34),4.0592215752427645,4.0592215752427645,0.06675029679361687,1.1326493972880127,0,female_pclass_1,1.0,0
311,1,1,female,24.0,0,0,83.1583,C,First,woman,False,C,Cherbourg,yes,True,False,24.0,False,C,Cherbourg,True,C,woman,False,1,Solo,Joven (16-34),4.432699549165613,4.432699549165613,-0.38448079795326257,1.518272844154366,0,female_pclass_1,1.0,0
312,1,1,female,18.0,2,2,262.375,C,First,woman,False,B,Cherbourg,yes,False,False,18.0,False,C,Cherbourg,True,B,woman,False,5,Grande (5+),Joven (16-34),5.5735788721243535,5.5735788721243535,-0.8357118927001419,2.6962534687059607,0,female_pclass_1,25.0,1
313,0,2,female,26.0,1,1,26.0,S,Second,woman,False,,Southampton,no,False,False,26.0,False,S,Southampton,False,Unknown,woman,False,3,Pequeña (2-4),Joven (16-34),3.295836866004329,3.295836866004329,-0.23407043303763608,0.34443948019553633,0,female_pclass_2,9.0,1
314,0,3,male,28.0,0,0,7.8958,S,Third,man,True,,Southampton,no,True,False,28.0,False,S,Southampton,False,Unknown,man,True,1,Solo,Joven (16-34),2.1855792552411137,2.1855792552411137,-0.0836600681220096,-0.801923616602662,0,male_pclass_3,1.0,0
315,0,2,male,43.0,1,1,26.25,S,Second,man,True,,Southampton,no,False,False,43.0,False,S,Southampton,False,Unknown,man,True,3,Pequeña (2-4),Adulto (35-59),3.305053521109253,3.305053521109253,1.044417668745189,0.35395586016517105,0,male_pclass_2,9.0,1
316,1,3,female,26.0,0,0,7.8542,S,Third,woman,False,,Southampton,yes,True,False,26.0,False,S,Southampton,False,Unknown,woman,False,1,Solo,Joven (16-34),2.180891922715322,2.180891922715322,-0.23407043303763608,-0.8067633807960332,0,female_pclass_3,1.0,0
317,1,2,female,24.0,1,0,26.0,S,Second,woman,False,,Southampton,yes,False,False,24.0,False,S,Southampton,False,Unknown,woman,False,2,Pequeña (2-4),Joven (16-34),3.295836866004329,3.295836866004329,-0.38448079795326257,0.34443948019553633,0,female_pclass_2,4.0,1
318,0,2,male,54.0,0,0,14.0,S,Second,man,True,,Southampton,no,True,False,54.0,False,S,Southampton,False,Unknown,man,True,1,Solo,Adulto (35-59),2.70805020110221,2.70805020110221,1.8716746757811344,-0.26246195862520866,0,male_pclass_2,1.0,0
319,1,1,female,31.0,0,2,164.8667,S,First,woman,False,C,Southampton,yes,False,False,31.0,False,S,Southampton,True,C,woman,False,3,Pequeña (2-4),Joven (16-34),5.11118445372147,5.11118445372147,0.1419554792514301,2.2188220219103396,0,female_pclass_1,9.0,1
320,1,1,female,40.0,1,1,134.5,C,First,woman,False,E,Cherbourg,yes,False,False,40.0,False,C,Cherbourg,True,E,woman,False,3,Pequeña (2-4),Adulto (35-59),4.908971640319756,4.908971640319756,0.8188021213717492,2.0100332644758243,0,female_pclass_1,9.0,1
321,0,3,male,22.0,0,0,7.25,S,Third,man,True,,Southampton,no,True,False,22.0,False,S,Southampton,False,Unknown,man,True,1,Solo,Joven (16-34),2.110213200346589,2.1102132003465894,-0.534891162868889,-0.879740569393428,0,male_pclass_3,1.0,0
322,0,3,male,27.0,0,0,7.8958,S,Third,man,True,,Southampton,no,True,False,27.0,False,S,Southampton,False,Unknown,man,True,1,Solo,Joven (16-34),2.1855792552411137,2.1855792552411137,-0.15886525057982284,-0.801923616602662,0,male_pclass_3,1.0,0
323,1,2,female,30.0,0,0,12.35,Q,Second,woman,False,,Queenstown,yes,True,False,30.0,False,Q,Queenstown,False,Unknown,woman,False,1,Solo,Joven (16-34),2.5915163848462583,2.5915163848462583,0.06675029679361687,-0.38278544498532674,0,female_pclass_2,1.0,0
324,1,2,female,22.0,1,1,29.0,S,Second,woman,False,,Southampton,yes,False,False,22.0,False,S,Southampton,False,Unknown,woman,False,3,Pequeña (2-4),Joven (16-34),3.4011973816621555,3.4011973816621555,-0.534891162868889,0.4532263111425749,0,female_pclass_2,9.0,1
325,0,3,male,,8,2,69.55,S,Third,man,True,,Southampton,no,False,True,25.0,False,S,Southampton,False,Unknown,man,True,11,Grande (5+),Joven (16-34),4.256321678298823,4.256321678298823,-0.3092756154954493,1.336159179457635,0,male_pclass_3,121.0,1
326,1,1,female,36.0,0,0,135.6333,C,First,woman,False,C,Cherbourg,yes,True,False,36.0,False,C,Cherbourg,True,C,woman,False,1,Solo,Adulto (35-59),4.91730069488021,4.91730069488021,0.5179813915404963,2.018633179204407,0,female_pclass_1,1.0,0
327,0,3,male,61.0,0,0,6.2375,S,Third,man,True,,Southampton,no,True,False,61.0,False,S,Southampton,False,Unknown,man,True,1,Solo,Mayor (60+),1.9792758428991133,1.9792758428991135,2.398110952985827,-1.014935998918003,0,male_pclass_3,1.0,0
328,1,2,female,36.0,0,0,13.0,S,Second,woman,False,D,Southampton,yes,True,False,36.0,False,S,Southampton,True,D,woman,False,1,Solo,Adulto (35-59),2.6390573296152584,2.6390573296152584,0.5179813915404963,-0.33369847260903374,0,female_pclass_2,1.0,0
329,1,3,female,31.0,1,1,20.525,S,Third,woman,False,,Southampton,yes,False,False,31.0,False,S,Southampton,False,Unknown,woman,False,3,Pequeña (2-4),Joven (16-34),3.0692150503137943,3.0692150503137943,0.1419554792514301,0.11044794172866997,0,female_pclass_3,9.0,1
330,1,1,female,16.0,0,1,57.9792,C,First,woman,False,B,Cherbourg,yes,False,False,16.0,False,C,Cherbourg,True,B,woman,False,2,Pequeña (2-4),Joven (16-34),4.077184839375167,4.077184839375167,-0.9861222576157684,1.151196825290122,0,female_pclass_1,4.0,1
331,1,3,female,,2,0,23.25,Q,Third,woman,False,,Queenstown,yes,False,True,21.5,False,Q,Queenstown,False,Unknown,woman,False,3,Pequeña (2-4),Joven (16-34),3.188416617383492,3.188416617383492,-0.5724937540977957,0.23352593393921814,0,female_pclass_3,9.0,1
332,0,1,male,45.5,0,0,28.5,S,First,man,True,C,Southampton,no,True,False,45.5,False,S,Southampton,True,C,man,True,1,Solo,Adulto (35-59),3.3843902633457743,3.3843902633457743,1.232430624889722,0.4358726267231762,0,male_pclass_1,1.0,0
333,0,1,male,38.0,0,1,153.4625,S,First,man,True,C,Southampton,no,False,False,38.0,False,S,Southampton,True,C,man,True,2,Pequeña (2-4),Adulto (35-59),5.039951348430309,5.039951348430309,0.6683917564561227,2.1452724219035506,0,male_pclass_1,4.0,1
334,0,3,male,16.0,2,0,18.0,S,Third,man,True,,Southampton,no,False,False,16.0,False,S,Southampton,False,Unknown,man,True,3,Pequeña (2-4),Joven (16-34),2.9444389791664403,2.9444389791664403,-0.9861222576157684,-0.018385836972892044,0,male_pclass_3,9.0,1
335,1,1,female,,1,0,133.65,S,First,woman,False,,Southampton,yes,False,True,35.0,False,S,Southampton,False,Unknown,woman,False,2,Pequeña (2-4),Adulto (35-59),4.902678819257608,4.902678819257608,0.44277620908268306,2.0035358013911613,0,female_pclass_1,4.0,1
336,0,3,male,,0,0,7.8958,S,Third,man,True,,Southampton,no,True,True,25.0,False,S,Southampton,False,Unknown,man,True,1,Solo,Joven (16-34),2.1855792552411137,2.1855792552411137,-0.3092756154954493,-0.801923616602662,0,male_pclass_3,1.0,0
337,0,1,male,29.0,1,0,66.6,S,First,man,True,C,Southampton,no,False,False,29.0,False,S,Southampton,True,C,man,True,2,Pequeña (2-4),Joven (16-34),4.213607983048918,4.213607983048918,-0.00845488566419637,1.292056438357112,0,male_pclass_1,4.0,1
338,1,1,female,41.0,0,0,134.5,C,First,woman,False,E,Cherbourg,yes,True,False,41.0,False,C,Cherbourg,True,E,woman,False,1,Solo,Adulto (35-59),4.908971640319756,4.908971640319756,0.8940073038295624,2.0100332644758243,0,female_pclass_1,1.0,0
339,1,3,male,45.0,0,0,8.05,S,Third,man,True,,Southampton,yes,True,False,45.0,False,S,Southampton,False,Unknown,man,True,1,Solo,Adulto (35-59),2.2027647577118348,2.2027647577118348,1.1948280336608155,-0.7841792430073969,0,male_pclass_3,1.0,0
340,0,1,male,45.0,0,0,35.5,S,First,man,True,,Southampton,no,True,False,45.0,False,S,Southampton,False,Unknown,man,True,1,Solo,Adulto (35-59),3.597312260588446,3.597312260588446,1.1948280336608155,0.6557188297748955,0,male_pclass_1,1.0,0
341,1,2,male,2.0,1,1,26.0,S,Second,child,False,F,Southampton,yes,False,False,2.0,False,S,Southampton,True,F,child,False,3,Pequeña (2-4),Niño (<16),3.295836866004329,3.295836866004329,-2.0389948120251535,0.34443948019553633,1,male_pclass_2,9.0,1
342,1,1,female,24.0,3,2,263.0,S,First,woman,False,C,Southampton,yes,False,False,24.0,False,S,Southampton,True,C,woman,False,6,Grande (5+),Joven (16-34),5.575949103146316,5.575949103146316,-0.38448079795326257,2.698700779445489,0,female_pclass_1,36.0,1
343,0,2,male,28.0,0,0,13.0,S,Second,man,True,,Southampton,no,True,False,28.0,False,S,Southampton,False,Unknown,man,True,1,Solo,Joven (16-34),2.6390573296152584,2.6390573296152584,-0.0836600681220096,-0.33369847260903374,0,male_pclass_2,1.0,0
344,0,2,male,25.0,0,0,13.0,S,Second,man,True,,Southampton,no,True,False,25.0,False,S,Southampton,False,Unknown,man,True,1,Solo,Joven (16-34),2.6390573296152584,2.6390573296152584,-0.3092756154954493,-0.33369847260903374,0,male_pclass_2,1.0,0
345,0,2,male,36.0,0,0,13.0,S,Second,man,True,,Southampton,no,True,False,36.0,False,S,Southampton,False,Unknown,man,True,1,Solo,Adulto (35-59),2.6390573296152584,2.6390573296152584,0.5179813915404963,-0.33369847260903374,0,male_pclass_2,1.0,0
346,1,2,female,24.0,0,0,13.0,S,Second,woman,False,F,Southampton,yes,True,False,24.0,False,S,Southampton,True,F,woman,False,1,Solo,Joven (16-34),2.6390573296152584,2.6390573296152584,-0.38448079795326257,-0.33369847260903374,0,female_pclass_2,1.0,0
347,1,2,female,40.0,0,0,13.0,S,Second,woman,False,,Southampton,yes,True,False,40.0,False,S,Southampton,False,Unknown,woman,False,1,Solo,Adulto (35-59),2.6390573296152584,2.6390573296152584,0.8188021213717492,-0.33369847260903374,0,female_pclass_2,1.0,0
348,1,3,female,,1,0,16.1,S,Third,woman,False,,Southampton,yes,False,True,21.5,False,S,Southampton,False,Unknown,woman,False,2,Pequeña (2-4),Joven (16-34),2.8390784635086144,2.8390784635086144,-0.5724937540977957,-0.12717266791993015,0,female_pclass_3,4.0,1
349,1,3,male,3.0,1,1,15.9,S,Third,child,False,,Southampton,yes,False,False,3.0,False,S,Southampton,False,Unknown,child,False,3,Pequeña (2-4),Niño (<16),2.827313621929028,2.8273136219290276,-1.9637896295673405,-0.13932010117845492,1,male_pclass_3,9.0,1
350,0,3,male,42.0,0,0,8.6625,S,Third,man,True,,Southampton,no,True,False,42.0,False,S,Southampton,False,Unknown,man,True,1,Solo,Adulto (35-59),2.2682524139135403,2.2682524139135403,0.9692124862873757,-0.7165619336211219,0,male_pclass_3,1.0,0
351,0,3,male,23.0,0,0,9.225,S,Third,man,True,,Southampton,no,True,False,23.0,False,S,Southampton,False,Unknown,man,True,1,Solo,Joven (16-34),2.324835701928865,2.3248357019288655,-0.4596859804110758,-0.6581385617410742,0,male_pclass_3,1.0,0
352,0,1,male,,0,0,35.0,S,First,man,True,C,Southampton,no,True,True,40.0,False,S,Southampton,True,C,man,True,1,Solo,Adulto (35-59),3.58351893845611,3.58351893845611,0.8188021213717492,0.6414769499431596,0,male_pclass_1,1.0,0
353,0,3,male,15.0,1,1,7.2292,C,Third,child,False,,Cherbourg,no,False,False,15.0,False,C,Cherbourg,False,Unknown,child,False,3,Pequeña (2-4),Niño (<16),2.1076888046179385,2.1076888046179385,-1.0613274400735817,-0.8823470582632058,1,male_pclass_3,9.0,1
354,0,3,male,25.0,1,0,17.8,S,Third,man,True,,Southampton,no,False,False,25.0,False,S,Southampton,False,Unknown,man,True,2,Pequeña (2-4),Joven (16-34),2.933856869835904,2.9338568698359038,-0.3092756154954493,-0.02931207562706515,0,male_pclass_3,4.0,1
355,0,3,male,,0,0,7.225,C,Third,man,True,,Cherbourg,no,True,True,25.0,False,C,Cherbourg,False,Unknown,man,True,1,Solo,Joven (16-34),2.107178296651436,2.1071782966514356,-0.3092756154954493,-0.8828741679067219,0,male_pclass_3,1.0,0
356,0,3,male,28.0,0,0,9.5,S,Third,man,True,,Southampton,no,True,False,28.0,False,S,Southampton,False,Unknown,man,True,1,Solo,Joven (16-34),2.3513752571634776,2.3513752571634776,-0.0836600681220096,-0.630735942356657,0,male_pclass_3,1.0,0
357,1,1,female,22.0,0,1,55.0,S,First,woman,False,E,Southampton,yes,False,False,22.0,False,S,Southampton,True,E,woman,False,2,Pequeña (2-4),Joven (16-34),4.02535169073515,4.02535169073515,-0.534891162868889,1.0976780669265338,0,female_pclass_1,4.0,1
358,0,2,female,38.0,0,0,13.0,S,Second,woman,False,,Southampton,no,True,False,38.0,False,S,Southampton,False,Unknown,woman,False,1,Solo,Adulto (35-59),2.6390573296152584,2.6390573296152584,0.6683917564561227,-0.33369847260903374,0,female_pclass_2,1.0,0
359,1,3,female,,0,0,7.8792,Q,Third,woman,False,,Queenstown,yes,True,True,21.5,False,Q,Queenstown,False,Unknown,woman,False,1,Solo,Joven (16-34),2.1837114628556327,2.1837114628556327,-0.5724937540977957,-0.8038521494426434,0,female_pclass_3,1.0,0
360,1,3,female,,0,0,7.8792,Q,Third,woman,False,,Queenstown,yes,True,True,21.5,False,Q,Queenstown,False,Unknown,woman,False,1,Solo,Joven (16-34),2.1837114628556327,2.1837114628556327,-0.5724937540977957,-0.8038521494426434,0,female_pclass_3,1.0,0
361,0,3,male,40.0,1,4,27.9,S,Third,man,True,,Southampton,no,False,False,40.0,False,S,Southampton,False,Unknown,man,True,6,Grande (5+),Adulto (35-59),3.3638415951183864,3.3638415951183864,0.8188021213717492,0.41465571749790725,0,male_pclass_3,36.0,1
362,0,2,male,29.0,1,0,27.7208,C,Second,man,True,,Cherbourg,no,False,False,29.0,False,C,Cherbourg,False,Unknown,man,True,2,Pequeña (2-4),Joven (16-34),3.357621598945279,3.357621598945279,-0.00845488566419637,0.4082334475616763,0,male_pclass_2,4.0,1
363,0,3,female,45.0,0,1,14.4542,C,Third,woman,False,,Cherbourg,no,False,False,45.0,False,C,Cherbourg,False,Unknown,woman,False,2,Pequeña (2-4),Adulto (35-59),2.737880811060884,2.737880811060884,1.1948280336608155,-0.23166125968823228,0,female_pclass_3,4.0,1
364,0,3,male,35.0,0,0,7.05,S,Third,man,True,,Southampton,no,True,False,35.0,False,S,Southampton,False,Unknown,man,True,1,Solo,Adulto (35-59),2.0856720914304723,2.0856720914304723,0.44277620908268306,-0.905079753149712,0,male_pclass_3,1.0,0
365,0,3,male,,1,0,15.5,Q,Third,man,True,,Queenstown,no,False,True,25.0,False,Q,Queenstown,False,Unknown,man,True,2,Pequeña (2-4),Joven (16-34),2.803360380906535,2.803360380906535,-0.3092756154954493,-0.1640522996256445,0,male_pclass_3,4.0,1
366,0,3,male,30.0,0,0,7.25,S,Third,man,True,,Southampton,no,True,False,30.0,False,S,Southampton,False,Unknown,man,True,1,Solo,Joven (16-34),2.110213200346589,2.1102132003465894,0.06675029679361687,-0.879740569393428,0,male_pclass_3,1.0,0
367,1,1,female,60.0,1,0,75.25,C,First,woman,False,D,Cherbourg,yes,False,False,60.0,False,C,Cherbourg,True,D,woman,False,2,Pequeña (2-4),Mayor (60+),4.334017415487521,4.334017415487521,2.322905770528014,1.4163815756188538,0,female_pclass_1,4.0,1
368,1,3,female,,0,0,7.2292,C,Third,woman,False,,Cherbourg,yes,True,True,21.5,False,C,Cherbourg,False,Unknown,woman,False,1,Solo,Joven (16-34),2.1076888046179385,2.1076888046179385,-0.5724937540977957,-0.8823470582632058,0,female_pclass_3,1.0,0
369,1,3,female,,0,0,7.75,Q,Third,woman,False,,Queenstown,yes,True,True,21.5,False,Q,Queenstown,False,Unknown,woman,False,1,Solo,Joven (16-34),2.169053700369523,2.169053700369523,-0.5724937540977957,-0.8189865811572417,0,female_pclass_3,1.0,0
370,1,1,female,24.0,0,0,69.3,C,First,woman,False,B,Cherbourg,yes,True,False,24.0,False,C,Cherbourg,True,B,woman,False,1,Solo,Joven (16-34),4.252771798816619,4.252771798816619,-0.38448079795326257,1.3324938581871217,0,female_pclass_1,1.0,0
371,1,1,male,25.0,1,0,55.4417,C,First,man,True,E,Cherbourg,yes,False,False,25.0,False,C,Cherbourg,True,E,man,True,2,Pequeña (2-4),Joven (16-34),4.0332082470129285,4.0332082470129285,-0.3092756154954493,1.1057901177672145,0,male_pclass_1,4.0,1
372,0,3,male,18.0,1,0,6.4958,S,Third,man,True,,Southampton,no,False,False,18.0,False,S,Southampton,False,Unknown,man,True,2,Pequeña (2-4),Joven (16-34),2.014342863683701,2.0143428636837015,-0.8357118927001419,-0.978728601506448,0,male_pclass_3,4.0,1
373,0,3,male,19.0,0,0,8.05,S,Third,man,True,,Southampton,no,True,False,19.0,False,S,Southampton,False,Unknown,man,True,1,Solo,Joven (16-34),2.2027647577118348,2.2027647577118348,-0.7605067102423287,-0.7841792430073969,0,male_pclass_3,1.0,0
374,0,1,male,22.0,0,0,135.6333,C,First,man,True,,Cherbourg,no,True,False,22.0,False,C,Cherbourg,False,Unknown,man,True,1,Solo,Joven (16-34),4.91730069488021,4.91730069488021,-0.534891162868889,2.018633179204407,0,male_pclass_1,1.0,0
375,0,3,female,3.0,3,1,21.075,S,Third,child,False,,Southampton,no,False,False,3.0,False,S,Southampton,False,Unknown,child,False,5,Grande (5+),Niño (<16),3.0944457464900235,3.0944457464900235,-1.9637896295673405,0.13649913806595412,1,female_pclass_3,25.0,1
376,1,1,female,,1,0,82.1708,C,First,woman,False,,Cherbourg,yes,False,True,35.0,False,C,Cherbourg,False,Unknown,woman,False,2,Pequeña (2-4),Adulto (35-59),4.420896324687287,4.420896324687287,0.44277620908268306,1.506085779788397,0,female_pclass_1,4.0,1
377,1,3,female,22.0,0,0,7.25,S,Third,woman,False,,Southampton,yes,True,False,22.0,False,S,Southampton,False,Unknown,woman,False,1,Solo,Joven (16-34),2.110213200346589,2.1102132003465894,-0.534891162868889,-0.879740569393428,0,female_pclass_3,1.0,0
378,0,1,male,27.0,0,2,211.5,C,First,man,True,C,Cherbourg,no,False,False,27.0,False,C,Cherbourg,True,C,man,True,3,Pequeña (2-4),Joven (16-34),5.358941988364472,5.358941988364472,-0.15886525057982284,2.47463661116877,0,male_pclass_1,9.0,1
379,0,3,male,20.0,0,0,4.0125,C,Third,man,True,,Cherbourg,no,True,False,20.0,False,C,Cherbourg,False,Unknown,man,True,1,Solo,Joven (16-34),1.6119347926326877,1.6119347926326877,-0.6853015277845155,-1.3942229498762089,0,male_pclass_3,1.0,0
380,0,3,male,19.0,0,0,7.775,S,Third,man,True,,Southampton,no,True,False,19.0,False,S,Southampton,False,Unknown,man,True,1,Solo,Joven (16-34),2.1719067693519296,2.1719067693519296,-0.7605067102423287,-0.8160407306065735,0,male_pclass_3,1.0,0
381,1,1,female,42.0,0,0,227.525,C,First,woman,False,,Cherbourg,yes,True,False,42.0,False,C,Cherbourg,False,Unknown,woman,False,1,Solo,Adulto (35-59),5.4316456135398825,5.4316456135398825,0.9692124862873757,2.5497045522452977,0,female_pclass_1,1.0,0
382,1,3,female,1.0,0,2,15.7417,C,Third,child,False,,Cherbourg,yes,False,False,1.0,False,C,Cherbourg,False,Unknown,child,False,3,Pequeña (2-4),Niño (<16),2.817902613071225,2.817902613071225,-2.114199994482967,-0.14903715526900027,1,female_pclass_3,9.0,1
383,0,3,male,32.0,0,0,7.925,S,Third,man,True,,Southampton,no,True,False,32.0,False,S,Southampton,False,Unknown,man,True,1,Solo,Joven (16-34),2.188856327665703,2.188856327665703,0.21716066170924334,-0.7985399740528022,0,male_pclass_3,1.0,0
384,1,1,female,35.0,1,0,52.0,S,First,woman,False,,Southampton,yes,False,False,35.0,False,S,Southampton,False,Unknown,woman,False,2,Pequeña (2-4),Adulto (35-59),3.970291913552122,3.970291913552122,0.44277620908268306,1.0408277503255376,0,female_pclass_1,4.0,1
385,0,3,male,,0,0,7.8958,S,Third,man,True,,Southampton,no,True,True,25.0,False,S,Southampton,False,Unknown,man,True,1,Solo,Joven (16-34),2.1855792552411137,2.1855792552411137,-0.3092756154954493,-0.801923616602662,0,male_pclass_3,1.0,0
386,0,2,male,18.0,0,0,73.5,S,Second,man,True,,Southampton,no,True,False,18.0,False,S,Southampton,False,Unknown,man,True,1,Solo,Joven (16-34),4.310799125385514,4.310799125385514,-0.8357118927001419,1.392408228635536,0,male_pclass_2,1.0,0
387,0,3,male,1.0,5,2,46.9,S,Third,child,False,,Southampton,no,False,False,1.0,False,S,Southampton,False,Unknown,child,False,8,Grande (5+),Niño (<16),3.8691155044168695,3.8691155044168695,-2.114199994482967,0.9363610927004852,1,male_pclass_3,64.0,1
388,1,2,female,36.0,0,0,13.0,S,Second,woman,False,,Southampton,yes,True,False,36.0,False,S,Southampton,False,Unknown,woman,False,1,Solo,Adulto (35-59),2.6390573296152584,2.6390573296152584,0.5179813915404963,-0.33369847260903374,0,female_pclass_2,1.0,0
389,0,3,male,,0,0,7.7292,Q,Third,man,True,,Queenstown,no,True,True,25.0,False,Q,Queenstown,False,Unknown,man,True,1,Solo,Joven (16-34),2.166673727622708,2.1666737276227077,-0.3092756154954493,-0.8214439504217128,0,male_pclass_3,1.0,0
390,1,2,female,17.0,0,0,12.0,C,Second,woman,False,,Cherbourg,yes,True,False,17.0,False,C,Cherbourg,False,Unknown,woman,False,1,Solo,Joven (16-34),2.5649493574615367,2.5649493574615367,-0.9109170751579552,-0.4102164299119117,0,female_pclass_2,1.0,0
391,1,1,male,36.0,1,2,120.0,S,First,man,True,B,Southampton,yes,False,False,36.0,False,S,Southampton,True,B,man,True,4,Pequeña (2-4),Adulto (35-59),4.795790545596741,4.795790545596741,0.5179813915404963,1.8931715298766856,0,male_pclass_1,16.0,1
392,1,3,male,21.0,0,0,7.7958,S,Third,man,True,,Southampton,yes,True,False,21.0,False,S,Southampton,False,Unknown,man,True,1,Solo,Joven (16-34),2.174274334826008,2.174274334826008,-0.6100963453267022,-0.8135961720983268,0,male_pclass_3,1.0,0
393,0,3,male,28.0,2,0,7.925,S,Third,man,True,,Southampton,no,False,False,28.0,False,S,Southampton,False,Unknown,man,True,3,Pequeña (2-4),Joven (16-34),2.188856327665703,2.188856327665703,-0.0836600681220096,-0.7985399740528022,0,male_pclass_3,9.0,1
394,1,1,female,23.0,1,0,113.275,C,First,woman,False,D,Cherbourg,yes,False,False,23.0,False,C,Cherbourg,True,D,woman,False,2,Pequeña (2-4),Joven (16-34),4.738607824217808,4.738607824217808,-0.4596859804110758,1.8341292311094284,0,female_pclass_1,4.0,1
395,1,3,female,24.0,0,2,16.7,S,Third,woman,False,G,Southampton,yes,False,False,24.0,False,S,Southampton,True,G,woman,False,3,Pequeña (2-4),Joven (16-34),2.873564639579784,2.8735646395797834,-0.38448079795326257,-0.09156500424402263,0,female_pclass_3,9.0,1
396,0,3,male,22.0,0,0,7.7958,S,Third,man,True,,Southampton,no,True,False,22.0,False,S,Southampton,False,Unknown,man,True,1,Solo,Joven (16-34),2.174274334826008,2.174274334826008,-0.534891162868889,-0.8135961720983268,0,male_pclass_3,1.0,0
397,0,3,female,31.0,0,0,7.8542,S,Third,woman,False,,Southampton,no,True,False,31.0,False,S,Southampton,False,Unknown,woman,False,1,Solo,Joven (16-34),2.180891922715322,2.180891922715322,0.1419554792514301,-0.8067633807960332,0,female_pclass_3,1.0,0
398,0,2,male,46.0,0,0,26.0,S,Second,man,True,,Southampton,no,True,False,46.0,False,S,Southampton,False,Unknown,man,True,1,Solo,Adulto (35-59),3.295836866004329,3.295836866004329,1.2700332161186285,0.34443948019553633,0,male_pclass_2,1.0,0
399,0,2,male,23.0,0,0,10.5,S,Second,man,True,,Southampton,no,True,False,23.0,False,S,Southampton,False,Unknown,man,True,1,Solo,Joven (16-34),2.4423470353692043,2.4423470353692043,-0.4596859804110758,-0.5368057694182642,0,male_pclass_2,1.0,0
400,1,2,female,28.0,0,0,12.65,S,Second,woman,False,,Southampton,yes,True,False,28.0,False,S,Southampton,False,Unknown,woman,False,1,Solo,Joven (16-34),2.613739521630969,2.613739521630969,-0.0836600681220096,-0.35983961362319977,0,female_pclass_2,1.0,0
401,1,3,male,39.0,0,0,7.925,S,Third,man,True,,Southampton,yes,True,False,39.0,False,S,Southampton,False,Unknown,man,True,1,Solo,Adulto (35-59),2.188856327665703,2.188856327665703,0.743596938913936,-0.7985399740528022,0,male_pclass_3,1.0,0
402,0,3,male,26.0,0,0,8.05,S,Third,man,True,,Southampton,no,True,False,26.0,False,S,Southampton,False,Unknown,man,True,1,Solo,Joven (16-34),2.2027647577118348,2.2027647577118348,-0.23407043303763608,-0.7841792430073969,0,male_pclass_3,1.0,0
403,0,3,female,21.0,1,0,9.825,S,Third,woman,False,,Southampton,no,False,False,21.0,False,S,Southampton,False,Unknown,woman,False,2,Pequeña (2-4),Joven (16-34),2.381858273888553,2.3818582738885534,-0.6100963453267022,-0.5992616204389829,0,female_pclass_3,4.0,1
404,0,3,male,28.0,1,0,15.85,S,Third,man,True,,Southampton,no,False,False,28.0,False,S,Southampton,False,Unknown,man,True,2,Pequeña (2-4),Joven (16-34),2.8243506567983707,2.8243506567983707,-0.0836600681220096,-0.14237942169106094,0,male_pclass_3,4.0,1
405,0,3,female,20.0,0,0,8.6625,S,Third,woman,False,,Southampton,no,True,False,20.0,False,S,Southampton,False,Unknown,woman,False,1,Solo,Joven (16-34),2.2682524139135403,2.2682524139135403,-0.6853015277845155,-0.7165619336211219,0,female_pclass_3,1.0,0
406,0,2,male,34.0,1,0,21.0,S,Second,man,True,,Southampton,no,False,False,34.0,False,S,Southampton,False,Unknown,man,True,2,Pequeña (2-4),Joven (16-34),3.091042453358316,3.091042453358316,0.3675710266248698,0.13298517012197922,0,male_pclass_2,4.0,1
407,0,3,male,51.0,0,0,7.75,S,Third,man,True,,Southampton,no,True,False,51.0,False,S,Southampton,False,Unknown,man,True,1,Solo,Adulto (35-59),2.169053700369523,2.169053700369523,1.6460591284076949,-0.8189865811572417,0,male_pclass_3,1.0,0
408,1,2,male,3.0,1,1,18.75,S,Second,child,False,,Southampton,yes,False,False,3.0,False,S,Southampton,False,Unknown,child,False,3,Pequeña (2-4),Niño (<16),2.9831534913471307,2.9831534913471307,-1.9637896295673405,0.02158766795447294,1,male_pclass_2,9.0,1
409,0,3,male,21.0,0,0,7.775,S,Third,man,True,,Southampton,no,True,False,21.0,False,S,Southampton,False,Unknown,man,True,1,Solo,Joven (16-34),2.1719067693519296,2.1719067693519296,-0.6100963453267022,-0.8160407306065735,0,male_pclass_3,1.0,0
410,0,3,female,,3,1,25.4667,S,Third,woman,False,,Southampton,no,False,True,21.5,False,S,Southampton,False,Unknown,woman,False,5,Grande (5+),Joven (16-34),3.275887339030031,3.275887339030031,-0.5724937540977957,0.32384119624754837,0,female_pclass_3,25.0,1
411,0,3,male,,0,0,7.8958,S,Third,man,True,,Southampton,no,True,True,25.0,False,S,Southampton,False,Unknown,man,True,1,Solo,Joven (16-34),2.1855792552411137,2.1855792552411137,-0.3092756154954493,-0.801923616602662,0,male_pclass_3,1.0,0
412,0,3,male,,0,0,6.8583,Q,Third,man,True,,Queenstown,no,True,True,25.0,False,Q,Queenstown,False,Unknown,man,True,1,Solo,Joven (16-34),2.061570298060867,2.061570298060867,-0.3092756154954493,-0.9299653348541042,0,male_pclass_3,1.0,0
413,1,1,female,33.0,1,0,90.0,Q,First,woman,False,C,Queenstown,yes,False,False,33.0,False,Q,Queenstown,True,C,woman,False,2,Pequeña (2-4),Joven (16-34),4.51085950651685,4.51085950651685,0.2923658441670566,1.5989745568795652,0,female_pclass_1,4.0,1
414,0,2,male,,0,0,0.0,S,Second,man,True,,Southampton,no,True,True,30.0,False,S,Southampton,False,Unknown,man,True,1,Solo,Joven (16-34),0.0,0.0,0.06675029679361687,-3.0585777291682943,0,male_pclass_2,1.0,0
415,1,3,male,44.0,0,0,7.925,S,Third,man,True,,Southampton,yes,True,False,44.0,False,S,Southampton,False,Unknown,man,True,1,Solo,Adulto (35-59),2.188856327665703,2.188856327665703,1.1196228512030022,-0.7985399740528022,0,male_pclass_3,1.0,0
416,0,3,female,,0,0,8.05,S,Third,woman,False,,Southampton,no,True,True,21.5,False,S,Southampton,False,Unknown,woman,False,1,Solo,Joven (16-34),2.2027647577118348,2.2027647577118348,-0.5724937540977957,-0.7841792430073969,0,female_pclass_3,1.0,0
417,1,2,female,34.0,1,1,32.5,S,Second,woman,False,,Southampton,yes,False,False,34.0,False,S,Southampton,False,Unknown,woman,False,3,Pequeña (2-4),Joven (16-34),3.5115454388310208,3.5115454388310208,0.3675710266248698,0.5671628780396997,0,female_pclass_2,9.0,1
418,1,2,female,18.0,0,2,13.0,S,Second,woman,False,,Southampton,yes,False,False,18.0,False,S,Southampton,False,Unknown,woman,False,3,Pequeña (2-4),Joven (16-34),2.6390573296152584,2.6390573296152584,-0.8357118927001419,-0.33369847260903374,0,female_pclass_2,9.0,1
419,0,2,male,30.0,0,0,13.0,S,Second,man,True,,Southampton,no,True,False,30.0,False,S,Southampton,False,Unknown,man,True,1,Solo,Joven (16-34),2.6390573296152584,2.6390573296152584,0.06675029679361687,-0.33369847260903374,0,male_pclass_2,1.0,0
420,0,3,female,10.0,0,2,24.15,S,Third,child,False,,Southampton,no,False,False,10.0,False,S,Southampton,False,Unknown,child,False,3,Pequeña (2-4),Niño (<16),3.224857896545748,3.224857896545748,-1.4373533523626478,0.27115228049766626,1,female_pclass_3,9.0,1
421,0,3,male,,0,0,7.8958,C,Third,man,True,,Cherbourg,no,True,True,25.0,False,C,Cherbourg,False,Unknown,man,True,1,Solo,Joven (16-34),2.1855792552411137,2.1855792552411137,-0.3092756154954493,-0.801923616602662,0,male_pclass_3,1.0,0
422,0,3,male,21.0,0,0,7.7333,Q,Third,man,True,,Queenstown,no,True,False,21.0,False,Q,Queenstown,False,Unknown,man,True,1,Solo,Joven (16-34),2.167143305297764,2.167143305297764,-0.6100963453267022,-0.820959102119349,0,male_pclass_3,1.0,0
423,0,3,male,29.0,0,0,7.875,S,Third,man,True,,Southampton,no,True,False,29.0,False,S,Southampton,False,Unknown,man,True,1,Solo,Joven (16-34),2.18323833536148,2.1832383353614797,-0.00845488566419637,-0.8043406630039283,0,male_pclass_3,1.0,0
424,0,3,female,28.0,1,1,14.4,S,Third,woman,False,,Southampton,no,False,False,28.0,False,S,Southampton,False,Unknown,woman,False,3,Pequeña (2-4),Joven (16-34),2.734367509419584,2.7343675094195836,-0.0836600681220096,-0.23528881360946913,0,female_pclass_3,9.0,1
425,0,3,male,18.0,1,1,20.2125,S,Third,man,True,,Southampton,no,False,False,18.0,False,S,Southampton,False,Unknown,man,True,3,Pequeña (2-4),Joven (16-34),3.0545906305603445,3.0545906305603445,-0.8357118927001419,0.09534793704965061,0,male_pclass_3,9.0,1
426,0,3,male,,0,0,7.25,S,Third,man,True,,Southampton,no,True,True,25.0,False,S,Southampton,False,Unknown,man,True,1,Solo,Joven (16-34),2.110213200346589,2.1102132003465894,-0.3092756154954493,-0.879740569393428,0,male_pclass_3,1.0,0
427,1,2,female,28.0,1,0,26.0,S,Second,woman,False,,Southampton,yes,False,False,28.0,False,S,Southampton,False,Unknown,woman,False,2,Pequeña (2-4),Joven (16-34),3.295836866004329,3.295836866004329,-0.0836600681220096,0.34443948019553633,0,female_pclass_2,4.0,1
428,1,2,female,19.0,0,0,26.0,S,Second,woman,False,,Southampton,yes,True,False,19.0,False,S,Southampton,False,Unknown,woman,False,1,Solo,Joven (16-34),3.295836866004329,3.295836866004329,-0.7605067102423287,0.34443948019553633,0,female_pclass_2,1.0,0
429,0,3,male,,0,0,7.75,Q,Third,man,True,,Queenstown,no,True,True,25.0,False,Q,Queenstown,False,Unknown,man,True,1,Solo,Joven (16-34),2.169053700369523,2.169053700369523,-0.3092756154954493,-0.8189865811572417,0,male_pclass_3,1.0,0
430,1,3,male,32.0,0,0,8.05,S,Third,man,True,E,Southampton,yes,True,False,32.0,False,S,Southampton,True,E,man,True,1,Solo,Joven (16-34),2.2027647577118348,2.2027647577118348,0.21716066170924334,-0.7841792430073969,0,male_pclass_3,1.0,0
431,1,1,male,28.0,0,0,26.55,S,First,man,True,C,Southampton,yes,True,False,28.0,False,S,Southampton,True,C,man,True,1,Solo,Joven (16-34),3.316002535598924,3.3160025355989236,-0.0836600681220096,0.3652609357040262,0,male_pclass_1,1.0,0
432,1,3,female,,1,0,16.1,S,Third,woman,False,,Southampton,yes,False,True,21.5,False,S,Southampton,False,Unknown,woman,False,2,Pequeña (2-4),Joven (16-34),2.8390784635086144,2.8390784635086144,-0.5724937540977957,-0.12717266791993015,0,female_pclass_3,4.0,1
433,1,2,female,42.0,1,0,26.0,S,Second,woman,False,,Southampton,yes,False,False,42.0,False,S,Southampton,False,Unknown,woman,False,2,Pequeña (2-4),Adulto (35-59),3.295836866004329,3.295836866004329,0.9692124862873757,0.34443948019553633,0,female_pclass_2,4.0,1
434,0,3,male,17.0,0,0,7.125,S,Third,man,True,,Southampton,no,True,False,17.0,False,S,Southampton,False,Unknown,man,True,1,Solo,Joven (16-34),2.094945728215801,2.094945728215801,-0.9109170751579552,-0.8955045384601201,0,male_pclass_3,1.0,0
435,0,1,male,50.0,1,0,55.9,S,First,man,True,E,Southampton,no,False,False,50.0,False,S,Southampton,True,E,man,True,2,Pequeña (2-4),Adulto (35-59),4.041295341132285,4.041295341132285,1.5708539459498816,1.1141402035210883,0,male_pclass_1,4.0,1
436,1,1,female,14.0,1,2,120.0,S,First,child,False,B,Southampton,yes,False,False,14.0,False,S,Southampton,True,B,child,False,4,Pequeña (2-4),Niño (<16),4.795790545596741,4.795790545596741,-1.136532622531395,1.8931715298766856,1,female_pclass_1,16.0,1
437,0,3,female,21.0,2,2,34.375,S,Third,woman,False,,Southampton,no,False,False,21.0,False,S,Southampton,False,Unknown,woman,False,5,Grande (5+),Joven (16-34),3.566005355963401,3.5660053559634015,-0.6100963453267022,0.6233938271906205,0,female_pclass_3,25.0,1
438,1,2,female,24.0,2,3,18.75,S,Second,woman,False,,Southampton,yes,False,False,24.0,False,S,Southampton,False,Unknown,woman,False,6,Grande (5+),Joven (16-34),2.9831534913471307,2.9831534913471307,-0.38448079795326257,0.02158766795447294,0,female_pclass_2,36.0,1
439,0,1,male,64.0,1,4,263.0,S,First,man,True,C,Southampton,no,False,False,64.0,False,S,Southampton,True,C,man,True,6,Grande (5+),Mayor (60+),5.575949103146316,5.575949103146316,2.623726500359267,2.698700779445489,0,male_pclass_1,36.0,1
440,0,2,male,31.0,0,0,10.5,S,Second,man,True,,Southampton,no,True,False,31.0,False,S,Southampton,False,Unknown,man,True,1,Solo,Joven (16-34),2.4423470353692043,2.4423470353692043,0.1419554792514301,-0.5368057694182642,0,male_pclass_2,1.0,0
441,1,2,female,45.0,1,1,26.25,S,Second,woman,False,,Southampton,yes,False,False,45.0,False,S,Southampton,False,Unknown,woman,False,3,Pequeña (2-4),Adulto (35-59),3.305053521109253,3.305053521109253,1.1948280336608155,0.35395586016517105,0,female_pclass_2,9.0,1
442,0,3,male,20.0,0,0,9.5,S,Third,man,True,,Southampton,no,True,False,20.0,False,S,Southampton,False,Unknown,man,True,1,Solo,Joven (16-34),2.3513752571634776,2.3513752571634776,-0.6853015277845155,-0.630735942356657,0,male_pclass_3,1.0,0
443,0,3,male,25.0,1,0,7.775,S,Third,man,True,,Southampton,no,False,False,25.0,False,S,Southampton,False,Unknown,man,True,2,Pequeña (2-4),Joven (16-34),2.1719067693519296,2.1719067693519296,-0.3092756154954493,-0.8160407306065735,0,male_pclass_3,4.0,1
444,1,2,female,28.0,0,0,13.0,S,Second,woman,False,,Southampton,yes,True,False,28.0,False,S,Southampton,False,Unknown,woman,False,1,Solo,Joven (16-34),2.6390573296152584,2.6390573296152584,-0.0836600681220096,-0.33369847260903374,0,female_pclass_2,1.0,0
445,1,3,male,,0,0,8.1125,S,Third,man,True,,Southampton,yes,True,True,25.0,False,S,Southampton,False,Unknown,man,True,1,Solo,Joven (16-34),2.2096470973347766,2.2096470973347766,-0.3092756154954493,-0.7770730902669091,0,male_pclass_3,1.0,0
446,1,1,male,4.0,0,2,81.8583,S,First,child,False,A,Southampton,yes,False,False,4.0,False,S,Southampton,True,A,child,False,3,Pequeña (2-4),Niño (<16),4.417131919904876,4.417131919904876,-1.8885844471095272,1.5021989568725878,1,male_pclass_1,9.0,1
447,1,2,female,13.0,0,1,19.5,S,Second,child,False,,Southampton,yes,False,False,13.0,False,S,Southampton,False,Unknown,child,False,2,Pequeña (2-4),Niño (<16),3.0204248861443626,3.0204248861443626,-1.211737804989208,0.06007112543995848,1,female_pclass_2,4.0,1
448,1,1,male,34.0,0,0,26.55,S,First,man,True,,Southampton,yes,True,False,34.0,False,S,Southampton,False,Unknown,man,True,1,Solo,Joven (16-34),3.316002535598924,3.3160025355989236,0.3675710266248698,0.3652609357040262,0,male_pclass_1,1.0,0
449,1,3,female,5.0,2,1,19.2583,C,Third,child,False,,Cherbourg,yes,False,False,5.0,False,C,Cherbourg,False,Unknown,child,False,4,Pequeña (2-4),Niño (<16),3.0085645861193133,3.0085645861193133,-1.813379264651714,0.04782512943518906,1,female_pclass_3,16.0,1
450,1,1,male,52.0,0,0,30.5,S,First,man,True,C,Southampton,yes,True,False,52.0,False,S,Southampton,True,C,man,True,1,Solo,Adulto (35-59),3.449987545831587,3.449987545831587,1.721264310865508,0.5036031274312863,0,male_pclass_1,1.0,0
451,0,2,male,36.0,1,2,27.75,S,Second,man,True,,Southampton,no,False,False,36.0,False,S,Southampton,False,Unknown,man,True,4,Pequeña (2-4),Adulto (35-59),3.3586377672433594,3.3586377672433594,0.5179813915404963,0.4092826615690945,0,male_pclass_2,16.0,1
452,0,3,male,,1,0,19.9667,S,Third,man,True,,Southampton,no,False,True,25.0,False,S,Southampton,False,Unknown,man,True,2,Pequeña (2-4),Joven (16-34),3.0429354648621407,3.0429354648621407,-0.3092756154954493,0.08331374632313593,0,male_pclass_3,4.0,1
453,0,1,male,30.0,0,0,27.75,C,First,man,True,C,Cherbourg,no,True,False,30.0,False,C,Cherbourg,True,C,man,True,1,Solo,Joven (16-34),3.3586377672433594,3.3586377672433594,0.06675029679361687,0.4092826615690945,0,male_pclass_1,1.0,0
454,1,1,male,49.0,1,0,89.1042,C,First,man,True,C,Cherbourg,yes,False,False,49.0,False,C,Cherbourg,True,C,man,True,2,Pequeña (2-4),Adulto (35-59),4.500966778400217,4.500966778400217,1.4956487634920683,1.5887601180595785,0,male_pclass_1,4.0,1
455,0,3,male,,0,0,8.05,S,Third,man,True,,Southampton,no,True,True,25.0,False,S,Southampton,False,Unknown,man,True,1,Solo,Joven (16-34),2.2027647577118348,2.2027647577118348,-0.3092756154954493,-0.7841792430073969,0,male_pclass_3,1.0,0
456,1,3,male,29.0,0,0,7.8958,C,Third,man,True,,Cherbourg,yes,True,False,29.0,False,C,Cherbourg,False,Unknown,man,True,1,Solo,Joven (16-34),2.1855792552411137,2.1855792552411137,-0.00845488566419637,-0.801923616602662,0,male_pclass_3,1.0,0
457,0,1,male,65.0,0,0,26.55,S,First,man,True,E,Southampton,no,True,False,65.0,False,S,Southampton,True,E,man,True,1,Solo,Mayor (60+),3.316002535598924,3.3160025355989236,2.69893168281708,0.3652609357040262,0,male_pclass_1,1.0,0
458,1,1,female,,1,0,51.8625,S,First,woman,False,D,Southampton,yes,False,True,35.0,False,S,Southampton,True,D,woman,False,2,Pequeña (2-4),Adulto (35-59),3.967694202798607,3.967694202798607,0.44277620908268306,1.0381455622323272,0,female_pclass_1,4.0,1
459,1,2,female,50.0,0,0,10.5,S,Second,woman,False,,Southampton,yes,True,False,50.0,False,S,Southampton,False,Unknown,woman,False,1,Solo,Adulto (35-59),2.4423470353692043,2.4423470353692043,1.5708539459498816,-0.5368057694182642,0,female_pclass_2,1.0,0
460,0,3,male,,0,0,7.75,Q,Third,man,True,,Queenstown,no,True,True,25.0,False,Q,Queenstown,False,Unknown,man,True,1,Solo,Joven (16-34),2.169053700369523,2.169053700369523,-0.3092756154954493,-0.8189865811572417,0,male_pclass_3,1.0,0
461,1,1,male,48.0,0,0,26.55,S,First,man,True,E,Southampton,yes,True,False,48.0,False,S,Southampton,True,E,man,True,1,Solo,Adulto (35-59),3.316002535598924,3.3160025355989236,1.420443581034255,0.3652609357040262,0,male_pclass_1,1.0,0
462,0,3,male,34.0,0,0,8.05,S,Third,man,True,,Southampton,no,True,False,34.0,False,S,Southampton,False,Unknown,man,True,1,Solo,Joven (16-34),2.2027647577118348,2.2027647577118348,0.3675710266248698,-0.7841792430073969,0,male_pclass_3,1.0,0
463,0,1,male,47.0,0,0,38.5,S,First,man,True,E,Southampton,no,True,False,47.0,False,S,Southampton,True,E,man,True,1,Solo,Adulto (35-59),3.676300671907076,3.676300671907076,1.3452383985764418,0.7372759377222564,0,male_pclass_1,1.0,0
464,0,2,male,48.0,0,0,13.0,S,Second,man,True,,Southampton,no,True,False,48.0,False,S,Southampton,False,Unknown,man,True,1,Solo,Adulto (35-59),2.6390573296152584,2.6390573296152584,1.420443581034255,-0.33369847260903374,0,male_pclass_2,1.0,0
465,0,3,male,,0,0,8.05,S,Third,man,True,,Southampton,no,True,True,25.0,False,S,Southampton,False,Unknown,man,True,1,Solo,Joven (16-34),2.2027647577118348,2.2027647577118348,-0.3092756154954493,-0.7841792430073969,0,male_pclass_3,1.0,0
466,0,3,male,38.0,0,0,7.05,S,Third,man,True,,Southampton,no,True,False,38.0,False,S,Southampton,False,Unknown,man,True,1,Solo,Adulto (35-59),2.0856720914304723,2.0856720914304723,0.6683917564561227,-0.905079753149712,0,male_pclass_3,1.0,0
467,0,2,male,,0,0,0.0,S,Second,man,True,,Southampton,no,True,True,30.0,False,S,Southampton,False,Unknown,man,True,1,Solo,Joven (16-34),0.0,0.0,0.06675029679361687,-3.0585777291682943,0,male_pclass_2,1.0,0
468,0,1,male,56.0,0,0,26.55,S,First,man,True,,Southampton,no,True,False,56.0,False,S,Southampton,False,Unknown,man,True,1,Solo,Adulto (35-59),3.316002535598924,3.3160025355989236,2.0220850406967608,0.3652609357040262,0,male_pclass_1,1.0,0
469,0,3,male,,0,0,7.725,Q,Third,man,True,,Queenstown,no,True,True,25.0,False,Q,Queenstown,False,Unknown,man,True,1,Solo,Joven (16-34),2.1661924680884908,2.1661924680884908,-0.3092756154954493,-0.8219408604763346,0,male_pclass_3,1.0,0
470,1,3,female,0.75,2,1,19.2583,C,Third,child,False,,Cherbourg,yes,False,False,0.75,False,C,Cherbourg,False,Unknown,child,False,4,Pequeña (2-4),Niño (<16),3.0085645861193133,3.0085645861193133,-2.1330012900974205,0.04782512943518906,1,female_pclass_3,16.0,1
471,0,3,male,,0,0,7.25,S,Third,man,True,,Southampton,no,True,True,25.0,False,S,Southampton,False,Unknown,man,True,1,Solo,Joven (16-34),2.110213200346589,2.1102132003465894,-0.3092756154954493,-0.879740569393428,0,male_pclass_3,1.0,0
472,0,3,male,38.0,0,0,8.6625,S,Third,man,True,,Southampton,no,True,False,38.0,False,S,Southampton,False,Unknown,man,True,1,Solo,Adulto (35-59),2.2682524139135403,2.2682524139135403,0.6683917564561227,-0.7165619336211219,0,male_pclass_3,1.0,0
473,1,2,female,33.0,1,2,27.75,S,Second,woman,False,,Southampton,yes,False,False,33.0,False,S,Southampton,False,Unknown,woman,False,4,Pequeña (2-4),Joven (16-34),3.3586377672433594,3.3586377672433594,0.2923658441670566,0.4092826615690945,0,female_pclass_2,16.0,1
474,1,2,female,23.0,0,0,13.7917,C,Second,woman,False,D,Cherbourg,yes,True,False,23.0,False,C,Cherbourg,True,D,woman,False,1,Solo,Joven (16-34),2.694066212646058,2.694066212646058,-0.4596859804110758,-0.2769007052339033,0,female_pclass_2,1.0,0
475,0,3,female,22.0,0,0,9.8375,S,Third,woman,False,,Southampton,no,True,False,22.0,False,S,Southampton,False,Unknown,woman,False,1,Solo,Joven (16-34),2.38301234210666,2.3830123421066602,-0.534891162868889,-0.5980700220174995,0,female_pclass_3,1.0,0
476,0,1,male,,0,0,52.0,S,First,man,True,A,Southampton,no,True,True,40.0,False,S,Southampton,True,A,man,True,1,Solo,Adulto (35-59),3.970291913552122,3.970291913552122,0.8188021213717492,1.0408277503255376,0,male_pclass_1,1.0,0
477,0,2,male,34.0,1,0,21.0,S,Second,man,True,,Southampton,no,False,False,34.0,False,S,Southampton,False,Unknown,man,True,2,Pequeña (2-4),Joven (16-34),3.091042453358316,3.091042453358316,0.3675710266248698,0.13298517012197922,0,male_pclass_2,4.0,1
478,0,3,male,29.0,1,0,7.0458,S,Third,man,True,,Southampton,no,False,False,29.0,False,S,Southampton,False,Unknown,man,True,2,Pequeña (2-4),Joven (16-34),2.0851502161468174,2.0851502161468174,-0.00845488566419637,-0.9056185997745974,0,male_pclass_3,4.0,1
479,0,3,male,22.0,0,0,7.5208,S,Third,man,True,,Southampton,no,True,False,22.0,False,S,Southampton,False,Unknown,man,True,1,Solo,Joven (16-34),2.142510233146819,2.142510233146819,-0.534891162868889,-0.8463932397472815,0,male_pclass_3,1.0,0
480,1,3,female,2.0,0,1,12.2875,S,Third,child,False,,Southampton,yes,False,False,2.0,False,S,Southampton,False,Unknown,child,False,2,Pequeña (2-4),Niño (<16),2.586823743668066,2.586823743668066,-2.0389948120251535,-0.387630690468037,1,female_pclass_3,4.0,1
481,0,3,male,9.0,5,2,46.9,S,Third,child,False,,Southampton,no,False,False,9.0,False,S,Southampton,False,Unknown,child,False,8,Grande (5+),Niño (<16),3.8691155044168695,3.8691155044168695,-1.512558534820461,0.9363610927004852,1,male_pclass_3,64.0,1
482,0,2,male,,0,0,0.0,S,Second,man,True,,Southampton,no,True,True,30.0,False,S,Southampton,False,Unknown,man,True,1,Solo,Joven (16-34),0.0,0.0,0.06675029679361687,-3.0585777291682943,0,male_pclass_2,1.0,0
483,0,3,male,50.0,0,0,8.05,S,Third,man,True,,Southampton,no,True,False,50.0,False,S,Southampton,False,Unknown,man,True,1,Solo,Adulto (35-59),2.2027647577118348,2.2027647577118348,1.5708539459498816,-0.7841792430073969,0,male_pclass_3,1.0,0
484,1,3,female,63.0,0,0,9.5875,S,Third,woman,False,,Southampton,yes,True,False,63.0,False,S,Southampton,False,Unknown,woman,False,1,Solo,Mayor (60+),2.3596740599781727,2.3596740599781727,2.5485213179014536,-0.6221672631581134,0,female_pclass_3,1.0,0
485,1,1,male,25.0,1,0,91.0792,C,First,man,True,B,Cherbourg,yes,False,False,25.0,False,C,Cherbourg,True,B,man,True,2,Pequeña (2-4),Joven (16-34),4.5226490762785785,4.5226490762785785,-0.3092756154954493,1.611147522478678,0,male_pclass_1,4.0,1
486,0,3,female,,3,1,25.4667,S,Third,woman,False,,Southampton,no,False,True,21.5,False,S,Southampton,False,Unknown,woman,False,5,Grande (5+),Joven (16-34),3.275887339030031,3.275887339030031,-0.5724937540977957,0.32384119624754837,0,female_pclass_3,25.0,1
487,1,1,female,35.0,1,0,90.0,S,First,woman,False,C,Southampton,yes,False,False,35.0,False,S,Southampton,True,C,woman,False,2,Pequeña (2-4),Adulto (35-59),4.51085950651685,4.51085950651685,0.44277620908268306,1.5989745568795652,0,female_pclass_1,4.0,1
488,0,1,male,58.0,0,0,29.7,C,First,man,True,B,Cherbourg,no,True,False,58.0,False,C,Cherbourg,True,B,man,True,1,Solo,Adulto (35-59),3.4242626545931514,3.4242626545931514,2.1724954056123873,0.4770416648490862,0,male_pclass_1,1.0,0
489,0,3,male,30.0,0,0,8.05,S,Third,man,True,,Southampton,no,True,False,30.0,False,S,Southampton,False,Unknown,man,True,1,Solo,Joven (16-34),2.2027647577118348,2.2027647577118348,0.06675029679361687,-0.7841792430073969,0,male_pclass_3,1.0,0
490,1,3,male,9.0,1,1,15.9,S,Third,child,False,,Southampton,yes,False,False,9.0,False,S,Southampton,False,Unknown,child,False,3,Pequeña (2-4),Niño (<16),2.827313621929028,2.8273136219290276,-1.512558534820461,-0.13932010117845492,1,male_pclass_3,9.0,1
491,0,3,male,,1,0,19.9667,S,Third,man,True,,Southampton,no,False,True,25.0,False,S,Southampton,False,Unknown,man,True,2,Pequeña (2-4),Joven (16-34),3.0429354648621407,3.0429354648621407,-0.3092756154954493,0.08331374632313593,0,male_pclass_3,4.0,1
492,0,3,male,21.0,0,0,7.25,S,Third,man,True,,Southampton,no,True,False,21.0,False,S,Southampton,False,Unknown,man,True,1,Solo,Joven (16-34),2.110213200346589,2.1102132003465894,-0.6100963453267022,-0.879740569393428,0,male_pclass_3,1.0,0
493,0,1,male,55.0,0,0,30.5,S,First,man,True,C,Southampton,no,True,False,55.0,False,S,Southampton,True,C,man,True,1,Solo,Adulto (35-59),3.449987545831587,3.449987545831587,1.9468798582389477,0.5036031274312863,0,male_pclass_1,1.0,0
494,0,1,male,71.0,0,0,49.5042,C,First,man,True,,Cherbourg,no,True,False,71.0,False,C,Cherbourg,False,Unknown,man,True,1,Solo,Mayor (60+),3.922056501139853,3.922056501139853,3.1501627775639593,0.9910237262754296,0,male_pclass_1,1.0,0
495,0,3,male,21.0,0,0,8.05,S,Third,man,True,,Southampton,no,True,False,21.0,False,S,Southampton,False,Unknown,man,True,1,Solo,Joven (16-34),2.2027647577118348,2.2027647577118348,-0.6100963453267022,-0.7841792430073969,0,male_pclass_3,1.0,0
496,0,3,male,,0,0,14.4583,C,Third,man,True,,Cherbourg,no,True,True,25.0,False,C,Cherbourg,False,Unknown,man,True,1,Solo,Joven (16-34),2.738146075922933,2.738146075922933,-0.3092756154954493,-0.23138736843472302,0,male_pclass_3,1.0,0
497,1,1,female,54.0,1,0,78.2667,C,First,woman,False,D,Cherbourg,yes,False,False,54.0,False,C,Cherbourg,True,D,woman,False,2,Pequeña (2-4),Adulto (35-59),4.37281811610993,4.37281811610993,1.8716746757811344,1.4564440718289615,0,female_pclass_1,4.0,1
498,0,3,male,,0,0,15.1,S,Third,man,True,,Southampton,no,True,True,25.0,False,S,Southampton,False,Unknown,man,True,1,Solo,Joven (16-34),2.778819271990417,2.7788192719904172,-0.3092756154954493,-0.18939148338192896,0,male_pclass_3,1.0,0
499,0,1,female,25.0,1,2,151.55,S,First,woman,False,C,Southampton,no,False,False,25.0,False,S,Southampton,True,C,woman,False,4,Pequeña (2-4),Joven (16-34),5.027492411162679,5.027492411162679,-0.3092756154954493,2.1324083210223894,0,female_pclass_1,16.0,1
500,0,3,male,24.0,0,0,7.7958,S,Third,man,True,,Southampton,no,True,False,24.0,False,S,Southampton,False,Unknown,man,True,1,Solo,Joven (16-34),2.174274334826008,2.174274334826008,-0.38448079795326257,-0.8135961720983268,0,male_pclass_3,1.0,0
501,0,3,male,17.0,0,0,8.6625,S,Third,man,True,,Southampton,no,True,False,17.0,False,S,Southampton,False,Unknown,man,True,1,Solo,Joven (16-34),2.2682524139135403,2.2682524139135403,-0.9109170751579552,-0.7165619336211219,0,male_pclass_3,1.0,0
502,0,3,female,21.0,0,0,7.75,Q,Third,woman,False,,Queenstown,no,True,False,21.0,False,Q,Queenstown,False,Unknown,woman,False,1,Solo,Joven (16-34),2.169053700369523,2.169053700369523,-0.6100963453267022,-0.8189865811572417,0,female_pclass_3,1.0,0
503,0,3,female,,0,0,7.6292,Q,Third,woman,False,,Queenstown,no,True,True,21.5,False,Q,Queenstown,False,Unknown,woman,False,1,Solo,Joven (16-34),2.155151800914312,2.155151800914312,-0.5724937540977957,-0.8333405692374477,0,female_pclass_3,1.0,0
504,0,3,female,37.0,0,0,9.5875,S,Third,woman,False,,Southampton,no,True,False,37.0,False,S,Southampton,False,Unknown,woman,False,1,Solo,Adulto (35-59),2.3596740599781727,2.3596740599781727,0.5931865739983095,-0.6221672631581134,0,female_pclass_3,1.0,0
505,1,1,female,16.0,0,0,86.5,S,First,woman,False,B,Southampton,yes,True,False,16.0,False,S,Southampton,True,B,woman,False,1,Solo,Joven (16-34),4.471638793363569,4.471638793363569,-0.9861222576157684,1.558478389365684,0,female_pclass_1,1.0,0
506,0,1,male,18.0,1,0,108.9,C,First,man,True,C,Cherbourg,no,False,False,18.0,False,C,Cherbourg,True,C,man,True,2,Pequeña (2-4),Joven (16-34),4.699570861409576,4.699570861409576,-0.8357118927001419,1.7938227894866792,0,male_pclass_1,4.0,1
507,1,2,female,33.0,0,2,26.0,S,Second,woman,False,,Southampton,yes,False,False,33.0,False,S,Southampton,False,Unknown,woman,False,3,Pequeña (2-4),Joven (16-34),3.295836866004329,3.295836866004329,0.2923658441670566,0.34443948019553633,0,female_pclass_2,9.0,1
508,1,1,male,,0,0,26.55,S,First,man,True,,Southampton,yes,True,True,40.0,False,S,Southampton,False,Unknown,man,True,1,Solo,Adulto (35-59),3.316002535598924,3.3160025355989236,0.8188021213717492,0.3652609357040262,0,male_pclass_1,1.0,0
509,0,3,male,28.0,0,0,22.525,S,Third,man,True,,Southampton,no,True,False,28.0,False,S,Southampton,False,Unknown,man,True,1,Solo,Joven (16-34),3.1580636854714434,3.1580636854714434,-0.0836600681220096,0.20218592718197403,0,male_pclass_3,1.0,0
510,1,3,male,26.0,0,0,56.4958,S,Third,man,True,,Southampton,yes,True,False,26.0,False,S,Southampton,False,Unknown,man,True,1,Solo,Joven (16-34),4.05171190165724,4.05171190165724,-0.23407043303763608,1.1248955097361606,0,male_pclass_3,1.0,0
511,1,3,male,29.0,0,0,7.75,Q,Third,man,True,,Queenstown,yes,True,False,29.0,False,Q,Queenstown,False,Unknown,man,True,1,Solo,Joven (16-34),2.169053700369523,2.169053700369523,-0.00845488566419637,-0.8189865811572417,0,male_pclass_3,1.0,0
512,0,3,male,,0,0,8.05,S,Third,man,True,,Southampton,no,True,True,25.0,False,S,Southampton,False,Unknown,man,True,1,Solo,Joven (16-34),2.2027647577118348,2.2027647577118348,-0.3092756154954493,-0.7841792430073969,0,male_pclass_3,1.0,0
513,1,1,male,36.0,0,0,26.2875,S,First,man,True,E,Southampton,yes,True,False,36.0,False,S,Southampton,True,E,man,True,1,Solo,Adulto (35-59),3.3064287218760624,3.3064287218760624,0.5179813915404963,0.35537578234762296,0,male_pclass_1,1.0,0
514,1,1,female,54.0,1,0,59.4,C,First,woman,False,,Cherbourg,yes,False,False,54.0,False,C,Cherbourg,False,Unknown,woman,False,2,Pequeña (2-4),Adulto (35-59),4.100989104940769,4.100989104940769,1.8716746757811344,1.1757752036108364,0,female_pclass_1,4.0,1
515,0,3,male,24.0,0,0,7.4958,S,Third,man,True,,Southampton,no,True,False,24.0,False,S,Southampton,False,Unknown,man,True,1,Solo,Joven (16-34),2.139571923732859,2.139571923732859,-0.38448079795326257,-0.8494271027413146,0,male_pclass_3,1.0,0
516,0,1,male,47.0,0,0,34.0208,S,First,man,True,D,Southampton,no,True,False,47.0,False,S,Southampton,True,D,man,True,1,Solo,Adulto (35-59),3.555942170685876,3.5559421706858756,1.3452383985764418,0.6130033879569111,0,male_pclass_1,1.0,0
517,1,2,female,34.0,0,0,10.5,S,Second,woman,False,F,Southampton,yes,True,False,34.0,False,S,Southampton,True,F,woman,False,1,Solo,Joven (16-34),2.4423470353692043,2.4423470353692043,0.3675710266248698,-0.5368057694182642,0,female_pclass_2,1.0,0
518,0,3,male,,0,0,24.15,Q,Third,man,True,,Queenstown,no,True,True,25.0,False,Q,Queenstown,False,Unknown,man,True,1,Solo,Joven (16-34),3.224857896545748,3.224857896545748,-0.3092756154954493,0.27115228049766626,0,male_pclass_3,1.0,0
519,1,2,female,36.0,1,0,26.0,S,Second,woman,False,,Southampton,yes,False,False,36.0,False,S,Southampton,False,Unknown,woman,False,2,Pequeña (2-4),Adulto (35-59),3.295836866004329,3.295836866004329,0.5179813915404963,0.34443948019553633,0,female_pclass_2,4.0,1
520,0,3,male,32.0,0,0,7.8958,S,Third,man,True,,Southampton,no,True,False,32.0,False,S,Southampton,False,Unknown,man,True,1,Solo,Joven (16-34),2.1855792552411137,2.1855792552411137,0.21716066170924334,-0.801923616602662,0,male_pclass_3,1.0,0
521,1,1,female,30.0,0,0,93.5,S,First,woman,False,B,Southampton,yes,True,False,30.0,False,S,Southampton,True,B,woman,False,1,Solo,Joven (16-34),4.548599834499697,4.548599834499697,0.06675029679361687,1.63794219721923,0,female_pclass_1,1.0,0
522,0,3,male,22.0,0,0,7.8958,S,Third,man,True,,Southampton,no,True,False,22.0,False,S,Southampton,False,Unknown,man,True,1,Solo,Joven (16-34),2.1855792552411137,2.1855792552411137,-0.534891162868889,-0.801923616602662,0,male_pclass_3,1.0,0
523,0,3,male,,0,0,7.225,C,Third,man,True,,Cherbourg,no,True,True,25.0,False,C,Cherbourg,False,Unknown,man,True,1,Solo,Joven (16-34),2.107178296651436,2.1071782966514356,-0.3092756154954493,-0.8828741679067219,0,male_pclass_3,1.0,0
524,1,1,female,44.0,0,1,57.9792,C,First,woman,False,B,Cherbourg,yes,False,False,44.0,False,C,Cherbourg,True,B,woman,False,2,Pequeña (2-4),Adulto (35-59),4.077184839375167,4.077184839375167,1.1196228512030022,1.151196825290122,0,female_pclass_1,4.0,1
525,0,3,male,,0,0,7.2292,C,Third,man,True,,Cherbourg,no,True,True,25.0,False,C,Cherbourg,False,Unknown,man,True,1,Solo,Joven (16-34),2.1076888046179385,2.1076888046179385,-0.3092756154954493,-0.8823470582632058,0,male_pclass_3,1.0,0
526,0,3,male,40.5,0,0,7.75,Q,Third,man,True,,Queenstown,no,True,False,40.5,False,Q,Queenstown,False,Unknown,man,True,1,Solo,Adulto (35-59),2.169053700369523,2.169053700369523,0.8564047126006559,-0.8189865811572417,0,male_pclass_3,1.0,0
527,1,2,female,50.0,0,0,10.5,S,Second,woman,False,,Southampton,yes,True,False,50.0,False,S,Southampton,False,Unknown,woman,False,1,Solo,Adulto (35-59),2.4423470353692043,2.4423470353692043,1.5708539459498816,-0.5368057694182642,0,female_pclass_2,1.0,0
528,0,1,male,,0,0,221.7792,S,First,man,True,C,Southampton,no,True,True,40.0,False,S,Southampton,True,C,man,True,1,Solo,Adulto (35-59),5.406181146423973,5.406181146423973,0.8188021213717492,2.5234119827566333,0,male_pclass_1,1.0,0
529,0,3,male,39.0,0,0,7.925,S,Third,man,True,,Southampton,no,True,False,39.0,False,S,Southampton,False,Unknown,man,True,1,Solo,Adulto (35-59),2.188856327665703,2.188856327665703,0.743596938913936,-0.7985399740528022,0,male_pclass_3,1.0,0
530,0,2,male,23.0,2,1,11.5,S,Second,man,True,,Southampton,no,False,False,23.0,False,S,Southampton,False,Unknown,man,True,4,Pequeña (2-4),Joven (16-34),2.525728644308256,2.5257286443082556,-0.4596859804110758,-0.45071259742579334,0,male_pclass_2,16.0,1
531,1,2,female,2.0,1,1,26.0,S,Second,child,False,,Southampton,yes,False,False,2.0,False,S,Southampton,False,Unknown,child,False,3,Pequeña (2-4),Niño (<16),3.295836866004329,3.295836866004329,-2.0389948120251535,0.34443948019553633,1,female_pclass_2,9.0,1
532,0,3,male,,0,0,7.2292,C,Third,man,True,,Cherbourg,no,True,True,25.0,False,C,Cherbourg,False,Unknown,man,True,1,Solo,Joven (16-34),2.1076888046179385,2.1076888046179385,-0.3092756154954493,-0.8823470582632058,0,male_pclass_3,1.0,0
533,0,3,male,17.0,1,1,7.2292,C,Third,man,True,,Cherbourg,no,False,False,17.0,False,C,Cherbourg,False,Unknown,man,True,3,Pequeña (2-4),Joven (16-34),2.1076888046179385,2.1076888046179385,-0.9109170751579552,-0.8823470582632058,0,male_pclass_3,9.0,1
534,1,3,female,,0,2,22.3583,C,Third,woman,False,,Cherbourg,yes,False,True,21.5,False,C,Cherbourg,False,Unknown,woman,False,3,Pequeña (2-4),Joven (16-34),3.1509523813392697,3.1509523813392697,-0.5724937540977957,0.19484336402527694,0,female_pclass_3,9.0,1
535,0,3,female,30.0,0,0,8.6625,S,Third,woman,False,,Southampton,no,True,False,30.0,False,S,Southampton,False,Unknown,woman,False,1,Solo,Joven (16-34),2.2682524139135403,2.2682524139135403,0.06675029679361687,-0.7165619336211219,0,female_pclass_3,1.0,0
536,1,2,female,7.0,0,2,26.25,S,Second,child,False,,Southampton,yes,False,False,7.0,False,S,Southampton,False,Unknown,child,False,3,Pequeña (2-4),Niño (<16),3.305053521109253,3.305053521109253,-1.6629688997360874,0.35395586016517105,1,female_pclass_2,9.0,1
537,0,1,male,45.0,0,0,26.55,S,First,man,True,B,Southampton,no,True,False,45.0,False,S,Southampton,True,B,man,True,1,Solo,Adulto (35-59),3.316002535598924,3.3160025355989236,1.1948280336608155,0.3652609357040262,0,male_pclass_1,1.0,0
538,1,1,female,30.0,0,0,106.425,C,First,woman,False,,Cherbourg,yes,True,False,30.0,False,C,Cherbourg,False,Unknown,woman,False,1,Solo,Joven (16-34),4.676792929661059,4.676792929661059,0.06675029679361687,1.7703041212742288,0,female_pclass_1,1.0,0
539,0,3,male,,0,0,14.5,S,Third,man,True,,Southampton,no,True,True,25.0,False,S,Southampton,False,Unknown,man,True,1,Solo,Joven (16-34),2.740840023925201,2.740840023925201,-0.3092756154954493,-0.22860581346535835,0,male_pclass_3,1.0,0
540,1,1,female,22.0,0,2,49.5,C,First,woman,False,B,Cherbourg,yes,False,False,22.0,False,C,Cherbourg,True,B,woman,False,3,Pequeña (2-4),Joven (16-34),3.9219733362813134,3.9219733362813143,-0.534891162868889,0.9909378569025423,0,female_pclass_1,9.0,1
541,1,1,female,36.0,0,2,71.0,S,First,woman,False,B,Southampton,yes,False,False,36.0,False,S,Southampton,True,B,woman,False,3,Pequeña (2-4),Adulto (35-59),4.276666119016055,4.276666119016055,0.5179813915404963,1.3571652197109432,0,female_pclass_1,9.0,1
542,0,3,female,9.0,4,2,31.275,S,Third,child,False,,Southampton,no,False,False,9.0,False,S,Southampton,False,Unknown,child,False,7,Grande (5+),Niño (<16),3.4742929367327062,3.4742929367327062,-1.512558534820461,0.5286989276421438,1,female_pclass_3,49.0,1
543,0,3,female,11.0,4,2,31.275,S,Third,child,False,,Southampton,no,False,False,11.0,False,S,Southampton,False,Unknown,child,False,7,Grande (5+),Niño (<16),3.4742929367327062,3.4742929367327062,-1.3621481699048346,0.5286989276421438,1,female_pclass_3,49.0,1
544,1,2,male,32.0,1,0,26.0,S,Second,man,True,,Southampton,yes,False,False,32.0,False,S,Southampton,False,Unknown,man,True,2,Pequeña (2-4),Joven (16-34),3.295836866004329,3.295836866004329,0.21716066170924334,0.34443948019553633,0,male_pclass_2,4.0,1
545,0,1,male,50.0,1,0,106.425,C,First,man,True,C,Cherbourg,no,False,False,50.0,False,C,Cherbourg,True,C,man,True,2,Pequeña (2-4),Adulto (35-59),4.676792929661059,4.676792929661059,1.5708539459498816,1.7703041212742288,0,male_pclass_1,4.0,1
546,0,1,male,64.0,0,0,26.0,S,First,man,True,,Southampton,no,True,False,64.0,False,S,Southampton,False,Unknown,man,True,1,Solo,Mayor (60+),3.295836866004329,3.295836866004329,2.623726500359267,0.34443948019553633,0,male_pclass_1,1.0,0
547,1,2,female,19.0,1,0,26.0,S,Second,woman,False,,Southampton,yes,False,False,19.0,False,S,Southampton,False,Unknown,woman,False,2,Pequeña (2-4),Joven (16-34),3.295836866004329,3.295836866004329,-0.7605067102423287,0.34443948019553633,0,female_pclass_2,4.0,1
548,1,2,male,,0,0,13.8625,C,Second,man,True,,Cherbourg,yes,True,True,30.0,False,C,Cherbourg,False,Unknown,man,True,1,Solo,Joven (16-34),2.6988412620169004,2.6988412620169004,0.06675029679361687,-0.2719703716509068,0,male_pclass_2,1.0,0
549,0,3,male,33.0,1,1,20.525,S,Third,man,True,,Southampton,no,False,False,33.0,False,S,Southampton,False,Unknown,man,True,3,Pequeña (2-4),Joven (16-34),3.0692150503137943,3.0692150503137943,0.2923658441670566,0.11044794172866997,0,male_pclass_3,9.0,1
550,1,2,male,8.0,1,1,36.75,S,Second,child,False,,Southampton,yes,False,False,8.0,False,S,Southampton,False,Unknown,child,False,3,Pequeña (2-4),Niño (<16),3.6309854756950335,3.6309854756950335,-1.5877637172782744,0.690487095062628,1,male_pclass_2,9.0,1
551,1,1,male,17.0,0,2,110.8833,C,First,man,True,C,Cherbourg,yes,False,False,17.0,False,C,Cherbourg,True,C,man,True,3,Pequeña (2-4),Joven (16-34),4.717456363787216,4.717456363787216,-0.9109170751579552,1.8122899269281674,0,male_pclass_1,9.0,1
552,0,2,male,27.0,0,0,26.0,S,Second,man,True,,Southampton,no,True,False,27.0,False,S,Southampton,False,Unknown,man,True,1,Solo,Joven (16-34),3.295836866004329,3.295836866004329,-0.15886525057982284,0.34443948019553633,0,male_pclass_2,1.0,0
553,0,3,male,,0,0,7.8292,Q,Third,man,True,,Queenstown,no,True,True,25.0,False,Q,Queenstown,False,Unknown,man,True,1,Solo,Joven (16-34),2.17806441028492,2.17806441028492,-0.3092756154954493,-0.8096828436977311,0,male_pclass_3,1.0,0
554,1,3,male,22.0,0,0,7.225,C,Third,man,True,,Cherbourg,yes,True,False,22.0,False,C,Cherbourg,False,Unknown,man,True,1,Solo,Joven (16-34),2.107178296651436,2.1071782966514356,-0.534891162868889,-0.8828741679067219,0,male_pclass_3,1.0,0
555,1,3,female,22.0,0,0,7.775,S,Third,woman,False,,Southampton,yes,True,False,22.0,False,S,Southampton,False,Unknown,woman,False,1,Solo,Joven (16-34),2.1719067693519296,2.1719067693519296,-0.534891162868889,-0.8160407306065735,0,female_pclass_3,1.0,0
556,0,1,male,62.0,0,0,26.55,S,First,man,True,,Southampton,no,True,False,62.0,False,S,Southampton,False,Unknown,man,True,1,Solo,Mayor (60+),3.316002535598924,3.3160025355989236,2.4733161354436404,0.3652609357040262,0,male_pclass_1,1.0,0
557,1,1,female,48.0,1,0,39.6,C,First,woman,False,A,Cherbourg,yes,False,False,48.0,False,C,Cherbourg,True,A,woman,False,2,Pequeña (2-4),Adulto (35-59),3.703768066607687,3.703768066607687,1.420443581034255,0.7656365698356681,0,female_pclass_1,4.0,1
558,0,1,male,,0,0,227.525,C,First,man,True,,Cherbourg,no,True,True,40.0,False,C,Cherbourg,False,Unknown,man,True,1,Solo,Adulto (35-59),5.4316456135398825,5.4316456135398825,0.8188021213717492,2.5497045522452977,0,male_pclass_1,1.0,0
559,1,1,female,39.0,1,1,79.65,S,First,woman,False,E,Southampton,yes,False,False,39.0,False,S,Southampton,True,E,woman,False,3,Pequeña (2-4),Adulto (35-59),4.390118804571218,4.390118804571218,0.743596938913936,1.474307377253717,0,female_pclass_1,9.0,1
560,1,3,female,36.0,1,0,17.4,S,Third,woman,False,,Southampton,yes,False,False,36.0,False,S,Southampton,False,Unknown,woman,False,2,Pequeña (2-4),Adulto (35-59),2.91235066461494,2.91235066461494,0.5179813915404963,-0.051517660870055736,0,female_pclass_3,4.0,1
561,0,3,male,,0,0,7.75,Q,Third,man,True,,Queenstown,no,True,True,25.0,False,Q,Queenstown,False,Unknown,man,True,1,Solo,Joven (16-34),2.169053700369523,2.169053700369523,-0.3092756154954493,-0.8189865811572417,0,male_pclass_3,1.0,0
562,0,3,male,40.0,0,0,7.8958,S,Third,man,True,,Southampton,no,True,False,40.0,False,S,Southampton,False,Unknown,man,True,1,Solo,Adulto (35-59),2.1855792552411137,2.1855792552411137,0.8188021213717492,-0.801923616602662,0,male_pclass_3,1.0,0
563,0,2,male,28.0,0,0,13.5,S,Second,man,True,,Southampton,no,True,False,28.0,False,S,Southampton,False,Unknown,man,True,1,Solo,Joven (16-34),2.6741486494265287,2.6741486494265287,-0.0836600681220096,-0.2974659859684507,0,male_pclass_2,1.0,0
564,0,3,male,,0,0,8.05,S,Third,man,True,,Southampton,no,True,True,25.0,False,S,Southampton,False,Unknown,man,True,1,Solo,Joven (16-34),2.2027647577118348,2.2027647577118348,-0.3092756154954493,-0.7841792430073969,0,male_pclass_3,1.0,0
565,0,3,female,,0,0,8.05,S,Third,woman,False,,Southampton,no,True,True,21.5,False,S,Southampton,False,Unknown,woman,False,1,Solo,Joven (16-34),2.2027647577118348,2.2027647577118348,-0.5724937540977957,-0.7841792430073969,0,female_pclass_3,1.0,0
566,0,3,male,24.0,2,0,24.15,S,Third,man,True,,Southampton,no,False,False,24.0,False,S,Southampton,False,Unknown,man,True,3,Pequeña (2-4),Joven (16-34),3.224857896545748,3.224857896545748,-0.38448079795326257,0.27115228049766626,0,male_pclass_3,9.0,1
567,0,3,male,19.0,0,0,7.8958,S,Third,man,True,,Southampton,no,True,False,19.0,False,S,Southampton,False,Unknown,man,True,1,Solo,Joven (16-34),2.1855792552411137,2.1855792552411137,-0.7605067102423287,-0.801923616602662,0,male_pclass_3,1.0,0
568,0,3,female,29.0,0,4,21.075,S,Third,woman,False,,Southampton,no,False,False,29.0,False,S,Southampton,False,Unknown,woman,False,5,Grande (5+),Joven (16-34),3.0944457464900235,3.0944457464900235,-0.00845488566419637,0.13649913806595412,0,female_pclass_3,25.0,1
569,0,3,male,,0,0,7.2292,C,Third,man,True,,Cherbourg,no,True,True,25.0,False,C,Cherbourg,False,Unknown,man,True,1,Solo,Joven (16-34),2.1076888046179385,2.1076888046179385,-0.3092756154954493,-0.8823470582632058,0,male_pclass_3,1.0,0
570,1,3,male,32.0,0,0,7.8542,S,Third,man,True,,Southampton,yes,True,False,32.0,False,S,Southampton,False,Unknown,man,True,1,Solo,Joven (16-34),2.180891922715322,2.180891922715322,0.21716066170924334,-0.8067633807960332,0,male_pclass_3,1.0,0
571,1,2,male,62.0,0,0,10.5,S,Second,man,True,,Southampton,yes,True,False,62.0,False,S,Southampton,False,Unknown,man,True,1,Solo,Mayor (60+),2.4423470353692043,2.4423470353692043,2.4733161354436404,-0.5368057694182642,0,male_pclass_2,1.0,0
572,1,1,female,53.0,2,0,51.4792,S,First,woman,False,C,Southampton,yes,False,False,53.0,False,S,Southampton,True,C,woman,False,3,Pequeña (2-4),Adulto (35-59),3.960416900617205,3.960416900617205,1.7964694933233212,1.0306316027835165,0,female_pclass_1,9.0,1
573,1,1,male,36.0,0,0,26.3875,S,First,man,True,E,Southampton,yes,True,False,36.0,False,S,Southampton,True,E,man,True,1,Solo,Adulto (35-59),3.3100867049215847,3.3100867049215847,0.5179813915404963,0.3591527227004278,0,male_pclass_1,1.0,0
574,1,3,female,,0,0,7.75,Q,Third,woman,False,,Queenstown,yes,True,True,21.5,False,Q,Queenstown,False,Unknown,woman,False,1,Solo,Joven (16-34),2.169053700369523,2.169053700369523,-0.5724937540977957,-0.8189865811572417,0,female_pclass_3,1.0,0
575,0,3,male,16.0,0,0,8.05,S,Third,man,True,,Southampton,no,True,False,16.0,False,S,Southampton,False,Unknown,man,True,1,Solo,Joven (16-34),2.2027647577118348,2.2027647577118348,-0.9861222576157684,-0.7841792430073969,0,male_pclass_3,1.0,0
576,0,3,male,19.0,0,0,14.5,S,Third,man,True,,Southampton,no,True,False,19.0,False,S,Southampton,False,Unknown,man,True,1,Solo,Joven (16-34),2.740840023925201,2.740840023925201,-0.7605067102423287,-0.22860581346535835,0,male_pclass_3,1.0,0
577,1,2,female,34.0,0,0,13.0,S,Second,woman,False,,Southampton,yes,True,False,34.0,False,S,Southampton,False,Unknown,woman,False,1,Solo,Joven (16-34),2.6390573296152584,2.6390573296152584,0.3675710266248698,-0.33369847260903374,0,female_pclass_2,1.0,0
578,1,1,female,39.0,1,0,55.9,S,First,woman,False,E,Southampton,yes,False,False,39.0,False,S,Southampton,True,E,woman,False,2,Pequeña (2-4),Adulto (35-59),4.041295341132285,4.041295341132285,0.743596938913936,1.1141402035210883,0,female_pclass_1,4.0,1
579,0,3,female,,1,0,14.4583,C,Third,woman,False,,Cherbourg,no,False,True,21.5,False,C,Cherbourg,False,Unknown,woman,False,2,Pequeña (2-4),Joven (16-34),2.738146075922933,2.738146075922933,-0.5724937540977957,-0.23138736843472302,0,female_pclass_3,4.0,1
580,1,3,male,32.0,0,0,7.925,S,Third,man,True,,Southampton,yes,True,False,32.0,False,S,Southampton,False,Unknown,man,True,1,Solo,Joven (16-34),2.188856327665703,2.188856327665703,0.21716066170924334,-0.7985399740528022,0,male_pclass_3,1.0,0
581,1,2,female,25.0,1,1,30.0,S,Second,woman,False,,Southampton,yes,False,False,25.0,False,S,Southampton,False,Unknown,woman,False,3,Pequeña (2-4),Joven (16-34),3.4339872044851463,3.4339872044851463,-0.3092756154954493,0.4870824563024252,0,female_pclass_2,9.0,1
582,1,1,female,39.0,1,1,110.8833,C,First,woman,False,C,Cherbourg,yes,False,False,39.0,False,C,Cherbourg,True,C,woman,False,3,Pequeña (2-4),Adulto (35-59),4.717456363787216,4.717456363787216,0.743596938913936,1.8122899269281674,0,female_pclass_1,9.0,1
583,0,2,male,54.0,0,0,26.0,S,Second,man,True,,Southampton,no,True,False,54.0,False,S,Southampton,False,Unknown,man,True,1,Solo,Adulto (35-59),3.295836866004329,3.295836866004329,1.8716746757811344,0.34443948019553633,0,male_pclass_2,1.0,0
584,0,1,male,36.0,0,0,40.125,C,First,man,True,A,Cherbourg,no,True,False,36.0,False,C,Cherbourg,True,A,man,True,1,Solo,Adulto (35-59),3.716616209085536,3.716616209085536,0.5179813915404963,0.7789025328484203,0,male_pclass_1,1.0,0
585,0,3,male,,0,0,8.7125,C,Third,man,True,,Cherbourg,no,True,True,25.0,False,C,Cherbourg,False,Unknown,man,True,1,Solo,Joven (16-34),2.2734137156937657,2.2734137156937657,-0.3092756154954493,-0.7112327867322102,0,male_pclass_3,1.0,0
586,1,1,female,18.0,0,2,79.65,S,First,woman,False,E,Southampton,yes,False,False,18.0,False,S,Southampton,True,E,woman,False,3,Pequeña (2-4),Joven (16-34),4.390118804571218,4.390118804571218,-0.8357118927001419,1.474307377253717,0,female_pclass_1,9.0,1
587,0,2,male,47.0,0,0,15.0,S,Second,man,True,,Southampton,no,True,False,47.0,False,S,Southampton,False,Unknown,man,True,1,Solo,Adulto (35-59),2.772588722239781,2.772588722239781,1.3452383985764418,-0.1958246500971605,0,male_pclass_2,1.0,0
588,1,1,male,60.0,1,1,79.2,C,First,man,True,B,Cherbourg,yes,False,False,60.0,False,C,Cherbourg,True,B,man,True,3,Pequeña (2-4),Mayor (60+),4.384523514872469,4.384523514872469,2.322905770528014,1.4685301291949249,0,male_pclass_1,9.0,1
589,0,3,male,22.0,0,0,8.05,S,Third,man,True,,Southampton,no,True,False,22.0,False,S,Southampton,False,Unknown,man,True,1,Solo,Joven (16-34),2.2027647577118348,2.2027647577118348,-0.534891162868889,-0.7841792430073969,0,male_pclass_3,1.0,0
590,0,3,male,,0,0,8.05,S,Third,man,True,,Southampton,no,True,True,25.0,False,S,Southampton,False,Unknown,man,True,1,Solo,Joven (16-34),2.2027647577118348,2.2027647577118348,-0.3092756154954493,-0.7841792430073969,0,male_pclass_3,1.0,0
591,0,3,male,35.0,0,0,7.125,S,Third,man,True,,Southampton,no,True,False,35.0,False,S,Southampton,False,Unknown,man,True,1,Solo,Adulto (35-59),2.094945728215801,2.094945728215801,0.44277620908268306,-0.8955045384601201,0,male_pclass_3,1.0,0
592,1,1,female,52.0,1,0,78.2667,C,First,woman,False,D,Cherbourg,yes,False,False,52.0,False,C,Cherbourg,True,D,woman,False,2,Pequeña (2-4),Adulto (35-59),4.37281811610993,4.37281811610993,1.721264310865508,1.4564440718289615,0,female_pclass_1,4.0,1
593,0,3,male,47.0,0,0,7.25,S,Third,man,True,,Southampton,no,True,False,47.0,False,S,Southampton,False,Unknown,man,True,1,Solo,Adulto (35-59),2.110213200346589,2.1102132003465894,1.3452383985764418,-0.879740569393428,0,male_pclass_3,1.0,0
594,0,3,female,,0,2,7.75,Q,Third,woman,False,,Queenstown,no,False,True,21.5,False,Q,Queenstown,False,Unknown,woman,False,3,Pequeña (2-4),Joven (16-34),2.169053700369523,2.169053700369523,-0.5724937540977957,-0.8189865811572417,0,female_pclass_3,9.0,1
595,0,2,male,37.0,1,0,26.0,S,Second,man,True,,Southampton,no,False,False,37.0,False,S,Southampton,False,Unknown,man,True,2,Pequeña (2-4),Adulto (35-59),3.295836866004329,3.295836866004329,0.5931865739983095,0.34443948019553633,0,male_pclass_2,4.0,1
596,0,3,male,36.0,1,1,24.15,S,Third,man,True,,Southampton,no,False,False,36.0,False,S,Southampton,False,Unknown,man,True,3,Pequeña (2-4),Adulto (35-59),3.224857896545748,3.224857896545748,0.5179813915404963,0.27115228049766626,0,male_pclass_3,9.0,1
597,1,2,female,,0,0,33.0,S,Second,woman,False,,Southampton,yes,True,True,28.0,False,S,Southampton,False,Unknown,woman,False,1,Solo,Joven (16-34),3.5263605246161616,3.5263605246161616,-0.0836600681220096,0.582459749194053,0,female_pclass_2,1.0,0
598,0,3,male,49.0,0,0,0.0,S,Third,man,True,,Southampton,no,True,False,49.0,False,S,Southampton,False,Unknown,man,True,1,Solo,Adulto (35-59),0.0,0.0,1.4956487634920683,-3.0585777291682943,0,male_pclass_3,1.0,0
599,0,3,male,,0,0,7.225,C,Third,man,True,,Cherbourg,no,True,True,25.0,False,C,Cherbourg,False,Unknown,man,True,1,Solo,Joven (16-34),2.107178296651436,2.1071782966514356,-0.3092756154954493,-0.8828741679067219,0,male_pclass_3,1.0,0
600,1,1,male,49.0,1,0,56.9292,C,First,man,True,A,Cherbourg,yes,False,False,49.0,False,C,Cherbourg,True,A,man,True,2,Pequeña (2-4),Adulto (35-59),4.0592215752427645,4.0592215752427645,1.4956487634920683,1.1326493972880127,0,male_pclass_1,4.0,1
601,1,2,female,24.0,2,1,27.0,S,Second,woman,False,,Southampton,yes,False,False,24.0,False,S,Southampton,False,Unknown,woman,False,4,Pequeña (2-4),Joven (16-34),3.332204510175204,3.332204510175204,-0.38448079795326257,0.3819897971587498,0,female_pclass_2,16.0,1
602,0,3,male,,0,0,7.8958,S,Third,man,True,,Southampton,no,True,True,25.0,False,S,Southampton,False,Unknown,man,True,1,Solo,Joven (16-34),2.1855792552411137,2.1855792552411137,-0.3092756154954493,-0.801923616602662,0,male_pclass_3,1.0,0
603,0,1,male,,0,0,42.4,S,First,man,True,,Southampton,no,True,True,40.0,False,S,Southampton,False,Unknown,man,True,1,Solo,Adulto (35-59),3.770459441106359,3.770459441106359,0.8188021213717492,0.8344967423387604,0,male_pclass_1,1.0,0
604,0,3,male,44.0,0,0,8.05,S,Third,man,True,,Southampton,no,True,False,44.0,False,S,Southampton,False,Unknown,man,True,1,Solo,Adulto (35-59),2.2027647577118348,2.2027647577118348,1.1196228512030022,-0.7841792430073969,0,male_pclass_3,1.0,0
605,1,1,male,35.0,0,0,26.55,C,First,man,True,,Cherbourg,yes,True,False,35.0,False,C,Cherbourg,False,Unknown,man,True,1,Solo,Adulto (35-59),3.316002535598924,3.3160025355989236,0.44277620908268306,0.3652609357040262,0,male_pclass_1,1.0,0
606,0,3,male,36.0,1,0,15.55,S,Third,man,True,,Southampton,no,False,False,36.0,False,S,Southampton,False,Unknown,man,True,2,Pequeña (2-4),Adulto (35-59),2.806386101823072,2.806386101823072,0.5179813915404963,-0.16092818251417135,0,male_pclass_3,4.0,1
607,0,3,male,30.0,0,0,7.8958,S,Third,man,True,,Southampton,no,True,False,30.0,False,S,Southampton,False,Unknown,man,True,1,Solo,Joven (16-34),2.1855792552411137,2.1855792552411137,0.06675029679361687,-0.801923616602662,0,male_pclass_3,1.0,0
608,1,1,male,27.0,0,0,30.5,S,First,man,True,,Southampton,yes,True,False,27.0,False,S,Southampton,False,Unknown,man,True,1,Solo,Joven (16-34),3.449987545831587,3.449987545831587,-0.15886525057982284,0.5036031274312863,0,male_pclass_1,1.0,0
609,1,2,female,22.0,1,2,41.5792,C,Second,woman,False,,Cherbourg,yes,False,False,22.0,False,C,Cherbourg,False,Unknown,woman,False,4,Pequeña (2-4),Joven (16-34),3.751365871125377,3.7513658711253766,-0.534891162868889,0.8147822510349935,0,female_pclass_2,16.0,1
610,1,1,female,40.0,0,0,153.4625,S,First,woman,False,C,Southampton,yes,True,False,40.0,False,S,Southampton,True,C,woman,False,1,Solo,Adulto (35-59),5.039951348430309,5.039951348430309,0.8188021213717492,2.1452724219035506,0,female_pclass_1,1.0,0
611,0,3,female,39.0,1,5,31.275,S,Third,woman,False,,Southampton,no,False,False,39.0,False,S,Southampton,False,Unknown,woman,False,7,Grande (5+),Adulto (35-59),3.4742929367327062,3.4742929367327062,0.743596938913936,0.5286989276421438,0,female_pclass_3,49.0,1
612,0,3,male,,0,0,7.05,S,Third,man,True,,Southampton,no,True,True,25.0,False,S,Southampton,False,Unknown,man,True,1,Solo,Joven (16-34),2.0856720914304723,2.0856720914304723,-0.3092756154954493,-0.905079753149712,0,male_pclass_3,1.0,0
613,1,3,female,,1,0,15.5,Q,Third,woman,False,,Queenstown,yes,False,True,21.5,False,Q,Queenstown,False,Unknown,woman,False,2,Pequeña (2-4),Joven (16-34),2.803360380906535,2.803360380906535,-0.5724937540977957,-0.1640522996256445,0,female_pclass_3,4.0,1
614,0,3,male,,0,0,7.75,Q,Third,man,True,,Queenstown,no,True,True,25.0,False,Q,Queenstown,False,Unknown,man,True,1,Solo,Joven (16-34),2.169053700369523,2.169053700369523,-0.3092756154954493,-0.8189865811572417,0,male_pclass_3,1.0,0
615,0,3,male,35.0,0,0,8.05,S,Third,man,True,,Southampton,no,True,False,35.0,False,S,Southampton,False,Unknown,man,True,1,Solo,Adulto (35-59),2.2027647577118348,2.2027647577118348,0.44277620908268306,-0.7841792430073969,0,male_pclass_3,1.0,0
616,1,2,female,24.0,1,2,65.0,S,Second,woman,False,,Southampton,yes,False,False,24.0,False,S,Southampton,False,Unknown,woman,False,4,Pequeña (2-4),Joven (16-34),4.189654742026425,4.189654742026425,-0.38448079795326257,1.267324239909922,0,female_pclass_2,16.0,1
617,0,3,male,34.0,1,1,14.4,S,Third,man,True,,Southampton,no,False,False,34.0,False,S,Southampton,False,Unknown,man,True,3,Pequeña (2-4),Joven (16-34),2.734367509419584,2.7343675094195836,0.3675710266248698,-0.23528881360946913,0,male_pclass_3,9.0,1
618,0,3,female,26.0,1,0,16.1,S,Third,woman,False,,Southampton,no,False,False,26.0,False,S,Southampton,False,Unknown,woman,False,2,Pequeña (2-4),Joven (16-34),2.8390784635086144,2.8390784635086144,-0.23407043303763608,-0.12717266791993015,0,female_pclass_3,4.0,1
619,1,2,female,4.0,2,1,39.0,S,Second,child,False,F,Southampton,yes,False,False,4.0,False,S,Southampton,True,F,child,False,4,Pequeña (2-4),Niño (<16),3.688879454113936,3.6888794541139363,-1.8885844471095272,0.7502637808901982,1,female_pclass_2,16.0,1
620,0,2,male,26.0,0,0,10.5,S,Second,man,True,,Southampton,no,True,False,26.0,False,S,Southampton,False,Unknown,man,True,1,Solo,Joven (16-34),2.4423470353692043,2.4423470353692043,-0.23407043303763608,-0.5368057694182642,0,male_pclass_2,1.0,0
621,0,3,male,27.0,1,0,14.4542,C,Third,man,True,,Cherbourg,no,False,False,27.0,False,C,Cherbourg,False,Unknown,man,True,2,Pequeña (2-4),Joven (16-34),2.737880811060884,2.737880811060884,-0.15886525057982284,-0.23166125968823228,0,male_pclass_3,4.0,1
622,1,1,male,42.0,1,0,52.5542,S,First,man,True,D,Southampton,yes,False,False,42.0,False,S,Southampton,True,D,man,True,2,Pequeña (2-4),Adulto (35-59),3.980694225190728,3.9806942251907276,0.9692124862873757,1.0515683442816506,0,male_pclass_1,4.0,1
623,1,3,male,20.0,1,1,15.7417,C,Third,man,True,,Cherbourg,yes,False,False,20.0,False,C,Cherbourg,False,Unknown,man,True,3,Pequeña (2-4),Joven (16-34),2.817902613071225,2.817902613071225,-0.6853015277845155,-0.14903715526900027,0,male_pclass_3,9.0,1
624,0,3,male,21.0,0,0,7.8542,S,Third,man,True,,Southampton,no,True,False,21.0,False,S,Southampton,False,Unknown,man,True,1,Solo,Joven (16-34),2.180891922715322,2.180891922715322,-0.6100963453267022,-0.8067633807960332,0,male_pclass_3,1.0,0
625,0,3,male,21.0,0,0,16.1,S,Third,man,True,,Southampton,no,True,False,21.0,False,S,Southampton,False,Unknown,man,True,1,Solo,Joven (16-34),2.8390784635086144,2.8390784635086144,-0.6100963453267022,-0.12717266791993015,0,male_pclass_3,1.0,0
626,0,1,male,61.0,0,0,32.3208,S,First,man,True,D,Southampton,no,True,False,61.0,False,S,Southampton,True,D,man,True,1,Solo,Mayor (60+),3.5061818266142577,3.5061818266142577,2.398110952985827,0.5616248415955213,0,male_pclass_1,1.0,0
627,0,2,male,57.0,0,0,12.35,Q,Second,man,True,,Queenstown,no,True,False,57.0,False,Q,Queenstown,False,Unknown,man,True,1,Solo,Adulto (35-59),2.5915163848462583,2.5915163848462583,2.097290223154574,-0.38278544498532674,0,male_pclass_2,1.0,0
628,1,1,female,21.0,0,0,77.9583,S,First,woman,False,D,Southampton,yes,True,False,21.0,False,S,Southampton,True,D,woman,False,1,Solo,Joven (16-34),4.368919865004903,4.368919865004903,-0.6100963453267022,1.4524190499191512,0,female_pclass_1,1.0,0
629,0,3,male,26.0,0,0,7.8958,S,Third,man,True,,Southampton,no,True,False,26.0,False,S,Southampton,False,Unknown,man,True,1,Solo,Joven (16-34),2.1855792552411137,2.1855792552411137,-0.23407043303763608,-0.801923616602662,0,male_pclass_3,1.0,0
630,0,3,male,,0,0,7.7333,Q,Third,man,True,,Queenstown,no,True,True,25.0,False,Q,Queenstown,False,Unknown,man,True,1,Solo,Joven (16-34),2.167143305297764,2.167143305297764,-0.3092756154954493,-0.820959102119349,0,male_pclass_3,1.0,0
631,1,1,male,80.0,0,0,30.0,S,First,man,True,A,Southampton,yes,True,False,80.0,False,S,Southampton,True,A,man,True,1,Solo,Mayor (60+),3.4339872044851463,3.4339872044851463,3.8270094196842788,0.4870824563024252,0,male_pclass_1,1.0,0
632,0,3,male,51.0,0,0,7.0542,S,Third,man,True,,Southampton,no,True,False,51.0,False,S,Southampton,False,Unknown,man,True,1,Solo,Adulto (35-59),2.086193694502369,2.086193694502369,1.6460591284076949,-0.9045411875888886,0,male_pclass_3,1.0,0
633,1,1,male,32.0,0,0,30.5,C,First,man,True,B,Cherbourg,yes,True,False,32.0,False,C,Cherbourg,True,B,man,True,1,Solo,Joven (16-34),3.449987545831587,3.449987545831587,0.21716066170924334,0.5036031274312863,0,male_pclass_1,1.0,0
634,0,1,male,,0,0,0.0,S,First,man,True,,Southampton,no,True,True,40.0,False,S,Southampton,False,Unknown,man,True,1,Solo,Adulto (35-59),0.0,0.0,0.8188021213717492,-3.0585777291682943,0,male_pclass_1,1.0,0
635,0,3,female,9.0,3,2,27.9,S,Third,child,False,,Southampton,no,False,False,9.0,False,S,Southampton,False,Unknown,child,False,6,Grande (5+),Niño (<16),3.3638415951183864,3.3638415951183864,-1.512558534820461,0.41465571749790725,1,female_pclass_3,36.0,1
636,1,2,female,28.0,0,0,13.0,S,Second,woman,False,,Southampton,yes,True,False,28.0,False,S,Southampton,False,Unknown,woman,False,1,Solo,Joven (16-34),2.6390573296152584,2.6390573296152584,-0.0836600681220096,-0.33369847260903374,0,female_pclass_2,1.0,0
637,0,3,male,32.0,0,0,7.925,S,Third,man,True,,Southampton,no,True,False,32.0,False,S,Southampton,False,Unknown,man,True,1,Solo,Joven (16-34),2.188856327665703,2.188856327665703,0.21716066170924334,-0.7985399740528022,0,male_pclass_3,1.0,0
638,0,2,male,31.0,1,1,26.25,S,Second,man,True,,Southampton,no,False,False,31.0,False,S,Southampton,False,Unknown,man,True,3,Pequeña (2-4),Joven (16-34),3.305053521109253,3.305053521109253,0.1419554792514301,0.35395586016517105,0,male_pclass_2,9.0,1
639,0,3,female,41.0,0,5,39.6875,S,Third,woman,False,,Southampton,no,False,False,41.0,False,S,Southampton,False,Unknown,woman,False,6,Grande (5+),Adulto (35-59),3.705920919968788,3.705920919968788,0.8940073038295624,0.7678594338107122,0,female_pclass_3,36.0,1
640,0,3,male,,1,0,16.1,S,Third,man,True,,Southampton,no,False,True,25.0,False,S,Southampton,False,Unknown,man,True,2,Pequeña (2-4),Joven (16-34),2.8390784635086144,2.8390784635086144,-0.3092756154954493,-0.12717266791993015,0,male_pclass_3,4.0,1
641,0,3,male,20.0,0,0,7.8542,S,Third,man,True,,Southampton,no,True,False,20.0,False,S,Southampton,False,Unknown,man,True,1,Solo,Joven (16-34),2.180891922715322,2.180891922715322,-0.6853015277845155,-0.8067633807960332,0,male_pclass_3,1.0,0
642,1,1,female,24.0,0,0,69.3,C,First,woman,False,B,Cherbourg,yes,True,False,24.0,False,C,Cherbourg,True,B,woman,False,1,Solo,Joven (16-34),4.252771798816619,4.252771798816619,-0.38448079795326257,1.3324938581871217,0,female_pclass_1,1.0,0
643,0,3,female,2.0,3,2,27.9,S,Third,child,False,,Southampton,no,False,False,2.0,False,S,Southampton,False,Unknown,child,False,6,Grande (5+),Niño (<16),3.3638415951183864,3.3638415951183864,-2.0389948120251535,0.41465571749790725,1,female_pclass_3,36.0,1
644,1,3,male,,0,0,56.4958,S,Third,man,True,,Southampton,yes,True,True,25.0,False,S,Southampton,False,Unknown,man,True,1,Solo,Joven (16-34),4.05171190165724,4.05171190165724,-0.3092756154954493,1.1248955097361606,0,male_pclass_3,1.0,0
645,1,3,female,0.75,2,1,19.2583,C,Third,child,False,,Cherbourg,yes,False,False,0.75,False,C,Cherbourg,False,Unknown,child,False,4,Pequeña (2-4),Niño (<16),3.0085645861193133,3.0085645861193133,-2.1330012900974205,0.04782512943518906,1,female_pclass_3,16.0,1
646,1,1,male,48.0,1,0,76.7292,C,First,man,True,D,Cherbourg,yes,False,False,48.0,False,C,Cherbourg,True,D,man,True,2,Pequeña (2-4),Adulto (35-59),4.353230991152628,4.353230991152628,1.420443581034255,1.4362199751817064,0,male_pclass_1,4.0,1
647,0,3,male,19.0,0,0,7.8958,S,Third,man,True,,Southampton,no,True,False,19.0,False,S,Southampton,False,Unknown,man,True,1,Solo,Joven (16-34),2.1855792552411137,2.1855792552411137,-0.7605067102423287,-0.801923616602662,0,male_pclass_3,1.0,0
648,1,1,male,56.0,0,0,35.5,C,First,man,True,A,Cherbourg,yes,True,False,56.0,False,C,Cherbourg,True,A,man,True,1,Solo,Adulto (35-59),3.597312260588446,3.597312260588446,2.0220850406967608,0.6557188297748955,0,male_pclass_1,1.0,0
649,0,3,male,,0,0,7.55,S,Third,man,True,,Southampton,no,True,True,25.0,False,S,Southampton,False,Unknown,man,True,1,Solo,Joven (16-34),2.145931282948669,2.145931282948669,-0.3092756154954493,-0.8428609376877136,0,male_pclass_3,1.0,0
650,1,3,female,23.0,0,0,7.55,S,Third,woman,False,,Southampton,yes,True,False,23.0,False,S,Southampton,False,Unknown,woman,False,1,Solo,Joven (16-34),2.145931282948669,2.145931282948669,-0.4596859804110758,-0.8428609376877136,0,female_pclass_3,1.0,0
651,0,3,male,,0,0,7.8958,S,Third,man,True,,Southampton,no,True,True,25.0,False,S,Southampton,False,Unknown,man,True,1,Solo,Joven (16-34),2.1855792552411137,2.1855792552411137,-0.3092756154954493,-0.801923616602662,0,male_pclass_3,1.0,0
652,1,2,female,18.0,0,1,23.0,S,Second,woman,False,,Southampton,yes,False,False,18.0,False,S,Southampton,False,Unknown,woman,False,2,Pequeña (2-4),Joven (16-34),3.1780538303479458,3.1780538303479458,-0.8357118927001419,0.22282614992299976,0,female_pclass_2,4.0,1
653,0,3,male,21.0,0,0,8.4333,S,Third,man,True,,Southampton,no,True,False,21.0,False,S,Southampton,False,Unknown,man,True,1,Solo,Joven (16-34),2.244245982405934,2.2442459824059346,-0.6100963453267022,-0.7413490523036181,0,male_pclass_3,1.0,0
654,1,3,female,,0,0,7.8292,Q,Third,woman,False,,Queenstown,yes,True,True,21.5,False,Q,Queenstown,False,Unknown,woman,False,1,Solo,Joven (16-34),2.17806441028492,2.17806441028492,-0.5724937540977957,-0.8096828436977311,0,female_pclass_3,1.0,0
655,0,3,female,18.0,0,0,6.75,Q,Third,woman,False,,Queenstown,no,True,False,18.0,False,Q,Queenstown,False,Unknown,woman,False,1,Solo,Joven (16-34),2.0476928433652555,2.0476928433652555,-0.8357118927001419,-0.9442940832331419,0,female_pclass_3,1.0,0
656,0,2,male,24.0,2,0,73.5,S,Second,man,True,,Southampton,no,False,False,24.0,False,S,Southampton,False,Unknown,man,True,3,Pequeña (2-4),Joven (16-34),4.310799125385514,4.310799125385514,-0.38448079795326257,1.392408228635536,0,male_pclass_2,9.0,1
657,0,3,male,,0,0,7.8958,S,Third,man,True,,Southampton,no,True,True,25.0,False,S,Southampton,False,Unknown,man,True,1,Solo,Joven (16-34),2.1855792552411137,2.1855792552411137,-0.3092756154954493,-0.801923616602662,0,male_pclass_3,1.0,0
658,0,3,female,32.0,1,1,15.5,Q,Third,woman,False,,Queenstown,no,False,False,32.0,False,Q,Queenstown,False,Unknown,woman,False,3,Pequeña (2-4),Joven (16-34),2.803360380906535,2.803360380906535,0.21716066170924334,-0.1640522996256445,0,female_pclass_3,9.0,1
659,0,2,male,23.0,0,0,13.0,S,Second,man,True,,Southampton,no,True,False,23.0,False,S,Southampton,False,Unknown,man,True,1,Solo,Joven (16-34),2.6390573296152584,2.6390573296152584,-0.4596859804110758,-0.33369847260903374,0,male_pclass_2,1.0,0
660,0,1,male,58.0,0,2,113.275,C,First,man,True,D,Cherbourg,no,False,False,58.0,False,C,Cherbourg,True,D,man,True,3,Pequeña (2-4),Adulto (35-59),4.738607824217808,4.738607824217808,2.1724954056123873,1.8341292311094284,0,male_pclass_1,9.0,1
661,1,1,male,50.0,2,0,133.65,S,First,man,True,,Southampton,yes,False,False,50.0,False,S,Southampton,False,Unknown,man,True,3,Pequeña (2-4),Adulto (35-59),4.902678819257608,4.902678819257608,1.5708539459498816,2.0035358013911613,0,male_pclass_1,9.0,1
662,0,3,male,40.0,0,0,7.225,C,Third,man,True,,Cherbourg,no,True,False,40.0,False,C,Cherbourg,False,Unknown,man,True,1,Solo,Adulto (35-59),2.107178296651436,2.1071782966514356,0.8188021213717492,-0.8828741679067219,0,male_pclass_3,1.0,0
663,0,1,male,47.0,0,0,25.5875,S,First,man,True,E,Southampton,no,True,False,47.0,False,S,Southampton,True,E,man,True,1,Solo,Adulto (35-59),3.280441180526356,3.2804411805263554,1.3452383985764418,0.3285431282941711,0,male_pclass_1,1.0,0
664,0,3,male,36.0,0,0,7.4958,S,Third,man,True,,Southampton,no,True,False,36.0,False,S,Southampton,False,Unknown,man,True,1,Solo,Adulto (35-59),2.139571923732859,2.139571923732859,0.5179813915404963,-0.8494271027413146,0,male_pclass_3,1.0,0
665,1,3,male,20.0,1,0,7.925,S,Third,man,True,,Southampton,yes,False,False,20.0,False,S,Southampton,False,Unknown,man,True,2,Pequeña (2-4),Joven (16-34),2.188856327665703,2.188856327665703,-0.6853015277845155,-0.7985399740528022,0,male_pclass_3,4.0,1
666,0,2,male,32.0,2,0,73.5,S,Second,man,True,,Southampton,no,False,False,32.0,False,S,Southampton,False,Unknown,man,True,3,Pequeña (2-4),Joven (16-34),4.310799125385514,4.310799125385514,0.21716066170924334,1.392408228635536,0,male_pclass_2,9.0,1
667,0,2,male,25.0,0,0,13.0,S,Second,man,True,,Southampton,no,True,False,25.0,False,S,Southampton,False,Unknown,man,True,1,Solo,Joven (16-34),2.6390573296152584,2.6390573296152584,-0.3092756154954493,-0.33369847260903374,0,male_pclass_2,1.0,0
668,0,3,male,,0,0,7.775,S,Third,man,True,,Southampton,no,True,True,25.0,False,S,Southampton,False,Unknown,man,True,1,Solo,Joven (16-34),2.1719067693519296,2.1719067693519296,-0.3092756154954493,-0.8160407306065735,0,male_pclass_3,1.0,0
669,0,3,male,43.0,0,0,8.05,S,Third,man,True,,Southampton,no,True,False,43.0,False,S,Southampton,False,Unknown,man,True,1,Solo,Adulto (35-59),2.2027647577118348,2.2027647577118348,1.044417668745189,-0.7841792430073969,0,male_pclass_3,1.0,0
670,1,1,female,,1,0,52.0,S,First,woman,False,C,Southampton,yes,False,True,35.0,False,S,Southampton,True,C,woman,False,2,Pequeña (2-4),Adulto (35-59),3.970291913552122,3.970291913552122,0.44277620908268306,1.0408277503255376,0,female_pclass_1,4.0,1
671,1,2,female,40.0,1,1,39.0,S,Second,woman,False,,Southampton,yes,False,False,40.0,False,S,Southampton,False,Unknown,woman,False,3,Pequeña (2-4),Adulto (35-59),3.688879454113936,3.6888794541139363,0.8188021213717492,0.7502637808901982,0,female_pclass_2,9.0,1
672,0,1,male,31.0,1,0,52.0,S,First,man,True,B,Southampton,no,False,False,31.0,False,S,Southampton,True,B,man,True,2,Pequeña (2-4),Joven (16-34),3.970291913552122,3.970291913552122,0.1419554792514301,1.0408277503255376,0,male_pclass_1,4.0,1
673,0,2,male,70.0,0,0,10.5,S,Second,man,True,,Southampton,no,True,False,70.0,False,S,Southampton,False,Unknown,man,True,1,Solo,Mayor (60+),2.4423470353692043,2.4423470353692043,3.074957595106146,-0.5368057694182642,0,male_pclass_2,1.0,0
674,1,2,male,31.0,0,0,13.0,S,Second,man,True,,Southampton,yes,True,False,31.0,False,S,Southampton,False,Unknown,man,True,1,Solo,Joven (16-34),2.6390573296152584,2.6390573296152584,0.1419554792514301,-0.33369847260903374,0,male_pclass_2,1.0,0
675,0,2,male,,0,0,0.0,S,Second,man,True,,Southampton,no,True,True,30.0,False,S,Southampton,False,Unknown,man,True,1,Solo,Joven (16-34),0.0,0.0,0.06675029679361687,-3.0585777291682943,0,male_pclass_2,1.0,0
676,0,3,male,18.0,0,0,7.775,S,Third,man,True,,Southampton,no,True,False,18.0,False,S,Southampton,False,Unknown,man,True,1,Solo,Joven (16-34),2.1719067693519296,2.1719067693519296,-0.8357118927001419,-0.8160407306065735,0,male_pclass_3,1.0,0
677,0,3,male,24.5,0,0,8.05,S,Third,man,True,,Southampton,no,True,False,24.5,False,S,Southampton,False,Unknown,man,True,1,Solo,Joven (16-34),2.2027647577118348,2.2027647577118348,-0.34687820672435593,-0.7841792430073969,0,male_pclass_3,1.0,0
678,1,3,female,18.0,0,0,9.8417,S,Third,woman,False,,Southampton,yes,True,False,18.0,False,S,Southampton,False,Unknown,woman,False,1,Solo,Joven (16-34),2.383399810283765,2.3833998102837652,-0.8357118927001419,-0.5976699534071961,0,female_pclass_3,1.0,0
679,0,3,female,43.0,1,6,46.9,S,Third,woman,False,,Southampton,no,False,False,43.0,False,S,Southampton,False,Unknown,woman,False,8,Grande (5+),Adulto (35-59),3.8691155044168695,3.8691155044168695,1.044417668745189,0.9363610927004852,0,female_pclass_3,64.0,1
680,1,1,male,36.0,0,1,512.3292,C,First,man,True,B,Cherbourg,yes,False,False,36.0,False,C,Cherbourg,True,B,man,True,2,Pequeña (2-4),Adulto (35-59),6.240917354759096,6.240917354759096,0.5179813915404963,3.385293743818228,0,male_pclass_1,4.0,1
681,0,3,female,,0,0,8.1375,Q,Third,woman,False,,Queenstown,no,True,True,21.5,False,Q,Queenstown,False,Unknown,woman,False,1,Solo,Joven (16-34),2.212386825075897,2.212386825075897,-0.5724937540977957,-0.7742442668053562,0,female_pclass_3,1.0,0
682,1,1,male,27.0,0,0,76.7292,C,First,man,True,D,Cherbourg,yes,True,False,27.0,False,C,Cherbourg,True,D,man,True,1,Solo,Joven (16-34),4.353230991152628,4.353230991152628,-0.15886525057982284,1.4362199751817064,0,male_pclass_1,1.0,0
683,0,3,male,20.0,0,0,9.225,S,Third,man,True,,Southampton,no,True,False,20.0,False,S,Southampton,False,Unknown,man,True,1,Solo,Joven (16-34),2.324835701928865,2.3248357019288655,-0.6853015277845155,-0.6581385617410742,0,male_pclass_3,1.0,0
684,0,3,male,14.0,5,2,46.9,S,Third,child,False,,Southampton,no,False,False,14.0,False,S,Southampton,False,Unknown,child,False,8,Grande (5+),Niño (<16),3.8691155044168695,3.8691155044168695,-1.136532622531395,0.9363610927004852,1,male_pclass_3,64.0,1
685,0,2,male,60.0,1,1,39.0,S,Second,man,True,,Southampton,no,False,False,60.0,False,S,Southampton,False,Unknown,man,True,3,Pequeña (2-4),Mayor (60+),3.688879454113936,3.6888794541139363,2.322905770528014,0.7502637808901982,0,male_pclass_2,9.0,1
686,0,2,male,25.0,1,2,41.5792,C,Second,man,True,,Cherbourg,no,False,False,25.0,False,C,Cherbourg,False,Unknown,man,True,4,Pequeña (2-4),Joven (16-34),3.751365871125377,3.7513658711253766,-0.3092756154954493,0.8147822510349935,0,male_pclass_2,16.0,1
687,0,3,male,14.0,4,1,39.6875,S,Third,child,False,,Southampton,no,False,False,14.0,False,S,Southampton,False,Unknown,child,False,6,Grande (5+),Niño (<16),3.705920919968788,3.705920919968788,-1.136532622531395,0.7678594338107122,1,male_pclass_3,36.0,1
688,0,3,male,19.0,0,0,10.1708,S,Third,man,True,,Southampton,no,True,False,19.0,False,S,Southampton,False,Unknown,man,True,1,Solo,Joven (16-34),2.413303230928308,2.4133032309283076,-0.7605067102423287,-0.5667940759868452,0,male_pclass_3,1.0,0
689,0,3,male,18.0,0,0,7.7958,S,Third,man,True,,Southampton,no,True,False,18.0,False,S,Southampton,False,Unknown,man,True,1,Solo,Joven (16-34),2.174274334826008,2.174274334826008,-0.8357118927001419,-0.8135961720983268,0,male_pclass_3,1.0,0
690,1,1,female,15.0,0,1,211.3375,S,First,child,False,B,Southampton,yes,False,False,15.0,False,S,Southampton,True,B,child,False,2,Pequeña (2-4),Niño (<16),5.35817698994543,5.35817698994543,-1.0613274400735817,2.4738467350641646,1,female_pclass_1,4.0,1
691,1,1,male,31.0,1,0,57.0,S,First,man,True,B,Southampton,yes,False,False,31.0,False,S,Southampton,True,B,man,True,2,Pequeña (2-4),Joven (16-34),4.060443010546419,4.060443010546419,0.1419554792514301,1.133910553567116,0,male_pclass_1,4.0,1
692,1,3,female,4.0,0,1,13.4167,C,Third,child,False,,Cherbourg,yes,False,False,4.0,False,C,Cherbourg,False,Unknown,child,False,2,Pequeña (2-4),Niño (<16),2.668387256845834,2.668387256845834,-1.8885844471095272,-0.3034147385612253,1,female_pclass_3,4.0,1
693,1,3,male,,0,0,56.4958,S,Third,man,True,,Southampton,yes,True,True,25.0,False,S,Southampton,False,Unknown,man,True,1,Solo,Joven (16-34),4.05171190165724,4.05171190165724,-0.3092756154954493,1.1248955097361606,0,male_pclass_3,1.0,0
694,0,3,male,25.0,0,0,7.225,C,Third,man,True,,Cherbourg,no,True,False,25.0,False,C,Cherbourg,False,Unknown,man,True,1,Solo,Joven (16-34),2.107178296651436,2.1071782966514356,-0.3092756154954493,-0.8828741679067219,0,male_pclass_3,1.0,0
695,0,1,male,60.0,0,0,26.55,S,First,man,True,,Southampton,no,True,False,60.0,False,S,Southampton,False,Unknown,man,True,1,Solo,Mayor (60+),3.316002535598924,3.3160025355989236,2.322905770528014,0.3652609357040262,0,male_pclass_1,1.0,0
696,0,2,male,52.0,0,0,13.5,S,Second,man,True,,Southampton,no,True,False,52.0,False,S,Southampton,False,Unknown,man,True,1,Solo,Adulto (35-59),2.6741486494265287,2.6741486494265287,1.721264310865508,-0.2974659859684507,0,male_pclass_2,1.0,0
697,0,3,male,44.0,0,0,8.05,S,Third,man,True,,Southampton,no,True,False,44.0,False,S,Southampton,False,Unknown,man,True,1,Solo,Adulto (35-59),2.2027647577118348,2.2027647577118348,1.1196228512030022,-0.7841792430073969,0,male_pclass_3,1.0,0
698,1,3,female,,0,0,7.7333,Q,Third,woman,False,,Queenstown,yes,True,True,21.5,False,Q,Queenstown,False,Unknown,woman,False,1,Solo,Joven (16-34),2.167143305297764,2.167143305297764,-0.5724937540977957,-0.820959102119349,0,female_pclass_3,1.0,0
699,0,1,male,49.0,1,1,110.8833,C,First,man,True,C,Cherbourg,no,False,False,49.0,False,C,Cherbourg,True,C,man,True,3,Pequeña (2-4),Adulto (35-59),4.717456363787216,4.717456363787216,1.4956487634920683,1.8122899269281674,0,male_pclass_1,9.0,1
700,0,3,male,42.0,0,0,7.65,S,Third,man,True,F,Southampton,no,True,False,42.0,False,S,Southampton,True,F,man,True,1,Solo,Adulto (35-59),2.157559320943788,2.157559320943788,0.9692124862873757,-0.8308547568549532,0,male_pclass_3,1.0,0
701,1,1,female,18.0,1,0,227.525,C,First,woman,False,C,Cherbourg,yes,False,False,18.0,False,C,Cherbourg,True,C,woman,False,2,Pequeña (2-4),Joven (16-34),5.4316456135398825,5.4316456135398825,-0.8357118927001419,2.5497045522452977,0,female_pclass_1,4.0,1
702,1,1,male,35.0,0,0,26.2875,S,First,man,True,E,Southampton,yes,True,False,35.0,False,S,Southampton,True,E,man,True,1,Solo,Adulto (35-59),3.3064287218760624,3.3064287218760624,0.44277620908268306,0.35537578234762296,0,male_pclass_1,1.0,0
703,0,3,female,18.0,0,1,14.4542,C,Third,woman,False,,Cherbourg,no,False,False,18.0,False,C,Cherbourg,False,Unknown,woman,False,2,Pequeña (2-4),Joven (16-34),2.737880811060884,2.737880811060884,-0.8357118927001419,-0.23166125968823228,0,female_pclass_3,4.0,1
704,0,3,male,25.0,0,0,7.7417,Q,Third,man,True,,Queenstown,no,True,False,25.0,False,Q,Queenstown,False,Unknown,man,True,1,Solo,Joven (16-34),2.1681046787623672,2.1681046787623672,-0.3092756154954493,-0.8199664648688785,0,male_pclass_3,1.0,0
705,0,3,male,26.0,1,0,7.8542,S,Third,man,True,,Southampton,no,False,False,26.0,False,S,Southampton,False,Unknown,man,True,2,Pequeña (2-4),Joven (16-34),2.180891922715322,2.180891922715322,-0.23407043303763608,-0.8067633807960332,0,male_pclass_3,4.0,1
706,0,2,male,39.0,0,0,26.0,S,Second,man,True,,Southampton,no,True,False,39.0,False,S,Southampton,False,Unknown,man,True,1,Solo,Adulto (35-59),3.295836866004329,3.295836866004329,0.743596938913936,0.34443948019553633,0,male_pclass_2,1.0,0
707,1,2,female,45.0,0,0,13.5,S,Second,woman,False,,Southampton,yes,True,False,45.0,False,S,Southampton,False,Unknown,woman,False,1,Solo,Adulto (35-59),2.6741486494265287,2.6741486494265287,1.1948280336608155,-0.2974659859684507,0,female_pclass_2,1.0,0
708,1,1,male,42.0,0,0,26.2875,S,First,man,True,E,Southampton,yes,True,False,42.0,False,S,Southampton,True,E,man,True,1,Solo,Adulto (35-59),3.3064287218760624,3.3064287218760624,0.9692124862873757,0.35537578234762296,0,male_pclass_1,1.0,0
709,1,1,female,22.0,0,0,151.55,S,First,woman,False,,Southampton,yes,True,False,22.0,False,S,Southampton,False,Unknown,woman,False,1,Solo,Joven (16-34),5.027492411162679,5.027492411162679,-0.534891162868889,2.1324083210223894,0,female_pclass_1,1.0,0
710,1,3,male,,1,1,15.2458,C,Third,man,True,,Cherbourg,yes,False,True,25.0,False,C,Cherbourg,False,Unknown,man,True,3,Pequeña (2-4),Joven (16-34),2.787834413830345,2.7878344138303452,-0.3092756154954493,-0.18008316987206646,0,male_pclass_3,9.0,1
711,1,1,female,24.0,0,0,49.5042,C,First,woman,False,C,Cherbourg,yes,True,False,24.0,False,C,Cherbourg,True,C,woman,False,1,Solo,Joven (16-34),3.922056501139853,3.922056501139853,-0.38448079795326257,0.9910237262754296,0,female_pclass_1,1.0,0
712,0,1,male,,0,0,26.55,S,First,man,True,C,Southampton,no,True,True,40.0,False,S,Southampton,True,C,man,True,1,Solo,Adulto (35-59),3.316002535598924,3.3160025355989236,0.8188021213717492,0.3652609357040262,0,male_pclass_1,1.0,0
713,1,1,male,48.0,1,0,52.0,S,First,man,True,C,Southampton,yes,False,False,48.0,False,S,Southampton,True,C,man,True,2,Pequeña (2-4),Adulto (35-59),3.970291913552122,3.970291913552122,1.420443581034255,1.0408277503255376,0,male_pclass_1,4.0,1
714,0,3,male,29.0,0,0,9.4833,S,Third,man,True,,Southampton,no,True,False,29.0,False,S,Southampton,False,Unknown,man,True,1,Solo,Joven (16-34),2.3497835148230464,2.3497835148230464,-0.00845488566419637,-0.6323794480268655,0,male_pclass_3,1.0,0
715,0,2,male,52.0,0,0,13.0,S,Second,man,True,,Southampton,no,True,False,52.0,False,S,Southampton,False,Unknown,man,True,1,Solo,Adulto (35-59),2.6390573296152584,2.6390573296152584,1.721264310865508,-0.33369847260903374,0,male_pclass_2,1.0,0
716,0,3,male,19.0,0,0,7.65,S,Third,man,True,F,Southampton,no,True,False,19.0,False,S,Southampton,True,F,man,True,1,Solo,Joven (16-34),2.157559320943788,2.157559320943788,-0.7605067102423287,-0.8308547568549532,0,male_pclass_3,1.0,0
717,1,1,female,38.0,0,0,227.525,C,First,woman,False,C,Cherbourg,yes,True,False,38.0,False,C,Cherbourg,True,C,woman,False,1,Solo,Adulto (35-59),5.4316456135398825,5.4316456135398825,0.6683917564561227,2.5497045522452977,0,female_pclass_1,1.0,0
718,1,2,female,27.0,0,0,10.5,S,Second,woman,False,E,Southampton,yes,True,False,27.0,False,S,Southampton,True,E,woman,False,1,Solo,Joven (16-34),2.4423470353692043,2.4423470353692043,-0.15886525057982284,-0.5368057694182642,0,female_pclass_2,1.0,0
719,0,3,male,,0,0,15.5,Q,Third,man,True,,Queenstown,no,True,True,25.0,False,Q,Queenstown,False,Unknown,man,True,1,Solo,Joven (16-34),2.803360380906535,2.803360380906535,-0.3092756154954493,-0.1640522996256445,0,male_pclass_3,1.0,0
720,0,3,male,33.0,0,0,7.775,S,Third,man,True,,Southampton,no,True,False,33.0,False,S,Southampton,False,Unknown,man,True,1,Solo,Joven (16-34),2.1719067693519296,2.1719067693519296,0.2923658441670566,-0.8160407306065735,0,male_pclass_3,1.0,0
721,1,2,female,6.0,0,1,33.0,S,Second,child,False,,Southampton,yes,False,False,6.0,False,S,Southampton,False,Unknown,child,False,2,Pequeña (2-4),Niño (<16),3.5263605246161616,3.5263605246161616,-1.7381740821939007,0.582459749194053,1,female_pclass_2,4.0,1
722,0,3,male,17.0,1,0,7.0542,S,Third,man,True,,Southampton,no,False,False,17.0,False,S,Southampton,False,Unknown,man,True,2,Pequeña (2-4),Joven (16-34),2.086193694502369,2.086193694502369,-0.9109170751579552,-0.9045411875888886,0,male_pclass_3,4.0,1
723,0,2,male,34.0,0,0,13.0,S,Second,man,True,,Southampton,no,True,False,34.0,False,S,Southampton,False,Unknown,man,True,1,Solo,Joven (16-34),2.6390573296152584,2.6390573296152584,0.3675710266248698,-0.33369847260903374,0,male_pclass_2,1.0,0
724,0,2,male,50.0,0,0,13.0,S,Second,man,True,,Southampton,no,True,False,50.0,False,S,Southampton,False,Unknown,man,True,1,Solo,Adulto (35-59),2.6390573296152584,2.6390573296152584,1.5708539459498816,-0.33369847260903374,0,male_pclass_2,1.0,0
725,1,1,male,27.0,1,0,53.1,S,First,man,True,E,Southampton,yes,False,False,27.0,False,S,Southampton,True,E,man,True,2,Pequeña (2-4),Joven (16-34),3.990834185852436,3.9908341858524357,-0.15886525057982284,1.0620380556287108,0,male_pclass_1,4.0,1
726,0,3,male,20.0,0,0,8.6625,S,Third,man,True,,Southampton,no,True,False,20.0,False,S,Southampton,False,Unknown,man,True,1,Solo,Joven (16-34),2.2682524139135403,2.2682524139135403,-0.6853015277845155,-0.7165619336211219,0,male_pclass_3,1.0,0
727,1,2,female,30.0,3,0,21.0,S,Second,woman,False,,Southampton,yes,False,False,30.0,False,S,Southampton,False,Unknown,woman,False,4,Pequeña (2-4),Joven (16-34),3.091042453358316,3.091042453358316,0.06675029679361687,0.13298517012197922,0,female_pclass_2,16.0,1
728,1,3,female,,0,0,7.7375,Q,Third,woman,False,,Queenstown,yes,True,True,21.5,False,Q,Queenstown,False,Unknown,woman,False,1,Solo,Joven (16-34),2.1676241075599285,2.1676241075599285,-0.5724937540977957,-0.8204626642072294,0,female_pclass_3,1.0,0
729,0,2,male,25.0,1,0,26.0,S,Second,man,True,,Southampton,no,False,False,25.0,False,S,Southampton,False,Unknown,man,True,2,Pequeña (2-4),Joven (16-34),3.295836866004329,3.295836866004329,-0.3092756154954493,0.34443948019553633,0,male_pclass_2,4.0,1
730,0,3,female,25.0,1,0,7.925,S,Third,woman,False,,Southampton,no,False,False,25.0,False,S,Southampton,False,Unknown,woman,False,2,Pequeña (2-4),Joven (16-34),2.188856327665703,2.188856327665703,-0.3092756154954493,-0.7985399740528022,0,female_pclass_3,4.0,1
731,1,1,female,29.0,0,0,211.3375,S,First,woman,False,B,Southampton,yes,True,False,29.0,False,S,Southampton,True,B,woman,False,1,Solo,Joven (16-34),5.35817698994543,5.35817698994543,-0.00845488566419637,2.4738467350641646,0,female_pclass_1,1.0,0
732,0,3,male,11.0,0,0,18.7875,C,Third,child,False,,Cherbourg,no,True,False,11.0,False,C,Cherbourg,False,Unknown,child,False,1,Solo,Niño (<16),2.9850504252071306,2.9850504252071306,-1.3621481699048346,0.02354628994732376,1,male_pclass_3,1.0,0
733,0,2,male,,0,0,0.0,S,Second,man,True,,Southampton,no,True,True,30.0,False,S,Southampton,False,Unknown,man,True,1,Solo,Joven (16-34),0.0,0.0,0.06675029679361687,-3.0585777291682943,0,male_pclass_2,1.0,0
734,0,2,male,23.0,0,0,13.0,S,Second,man,True,,Southampton,no,True,False,23.0,False,S,Southampton,False,Unknown,man,True,1,Solo,Joven (16-34),2.6390573296152584,2.6390573296152584,-0.4596859804110758,-0.33369847260903374,0,male_pclass_2,1.0,0
735,0,2,male,23.0,0,0,13.0,S,Second,man,True,,Southampton,no,True,False,23.0,False,S,Southampton,False,Unknown,man,True,1,Solo,Joven (16-34),2.6390573296152584,2.6390573296152584,-0.4596859804110758,-0.33369847260903374,0,male_pclass_2,1.0,0
736,0,3,male,28.5,0,0,16.1,S,Third,man,True,,Southampton,no,True,False,28.5,False,S,Southampton,False,Unknown,man,True,1,Solo,Joven (16-34),2.8390784635086144,2.8390784635086144,-0.04605747689310299,-0.12717266791993015,0,male_pclass_3,1.0,0
737,0,3,female,48.0,1,3,34.375,S,Third,woman,False,,Southampton,no,False,False,48.0,False,S,Southampton,False,Unknown,woman,False,5,Grande (5+),Adulto (35-59),3.566005355963401,3.5660053559634015,1.420443581034255,0.6233938271906205,0,female_pclass_3,25.0,1
738,1,1,male,35.0,0,0,512.3292,C,First,man,True,B,Cherbourg,yes,True,False,35.0,False,C,Cherbourg,True,B,man,True,1,Solo,Adulto (35-59),6.240917354759096,6.240917354759096,0.44277620908268306,3.385293743818228,0,male_pclass_1,1.0,0
739,0,3,male,,0,0,7.8958,S,Third,man,True,,Southampton,no,True,True,25.0,False,S,Southampton,False,Unknown,man,True,1,Solo,Joven (16-34),2.1855792552411137,2.1855792552411137,-0.3092756154954493,-0.801923616602662,0,male_pclass_3,1.0,0
740,0,3,male,,0,0,7.8958,S,Third,man,True,,Southampton,no,True,True,25.0,False,S,Southampton,False,Unknown,man,True,1,Solo,Joven (16-34),2.1855792552411137,2.1855792552411137,-0.3092756154954493,-0.801923616602662,0,male_pclass_3,1.0,0
741,1,1,male,,0,0,30.0,S,First,man,True,D,Southampton,yes,True,True,40.0,False,S,Southampton,True,D,man,True,1,Solo,Adulto (35-59),3.4339872044851463,3.4339872044851463,0.8188021213717492,0.4870824563024252,0,male_pclass_1,1.0,0
742,0,1,male,36.0,1,0,78.85,S,First,man,True,C,Southampton,no,False,False,36.0,False,S,Southampton,True,C,man,True,2,Pequeña (2-4),Adulto (35-59),4.380149874661021,4.380149874661021,0.5179813915404963,1.4640142585641174,0,male_pclass_1,4.0,1
743,1,1,female,21.0,2,2,262.375,C,First,woman,False,B,Cherbourg,yes,False,False,21.0,False,C,Cherbourg,True,B,woman,False,5,Grande (5+),Joven (16-34),5.5735788721243535,5.5735788721243535,-0.6100963453267022,2.6962534687059607,0,female_pclass_1,25.0,1
744,0,3,male,24.0,1,0,16.1,S,Third,man,True,,Southampton,no,False,False,24.0,False,S,Southampton,False,Unknown,man,True,2,Pequeña (2-4),Joven (16-34),2.8390784635086144,2.8390784635086144,-0.38448079795326257,-0.12717266791993015,0,male_pclass_3,4.0,1
745,1,3,male,31.0,0,0,7.925,S,Third,man,True,,Southampton,yes,True,False,31.0,False,S,Southampton,False,Unknown,man,True,1,Solo,Joven (16-34),2.188856327665703,2.188856327665703,0.1419554792514301,-0.7985399740528022,0,male_pclass_3,1.0,0
746,0,1,male,70.0,1,1,71.0,S,First,man,True,B,Southampton,no,False,False,70.0,False,S,Southampton,True,B,man,True,3,Pequeña (2-4),Mayor (60+),4.276666119016055,4.276666119016055,3.074957595106146,1.3571652197109432,0,male_pclass_1,9.0,1
747,0,3,male,16.0,1,1,20.25,S,Third,man,True,,Southampton,no,False,False,16.0,False,S,Southampton,False,Unknown,man,True,3,Pequeña (2-4),Joven (16-34),3.056356895370426,3.056356895370426,-0.9861222576157684,0.09717164064584452,0,male_pclass_3,9.0,1
748,1,2,female,30.0,0,0,13.0,S,Second,woman,False,,Southampton,yes,True,False,30.0,False,S,Southampton,False,Unknown,woman,False,1,Solo,Joven (16-34),2.6390573296152584,2.6390573296152584,0.06675029679361687,-0.33369847260903374,0,female_pclass_2,1.0,0
749,0,1,male,19.0,1,0,53.1,S,First,man,True,D,Southampton,no,False,False,19.0,False,S,Southampton,True,D,man,True,2,Pequeña (2-4),Joven (16-34),3.990834185852436,3.9908341858524357,-0.7605067102423287,1.0620380556287108,0,male_pclass_1,4.0,1
750,0,3,male,31.0,0,0,7.75,Q,Third,man,True,,Queenstown,no,True,False,31.0,False,Q,Queenstown,False,Unknown,man,True,1,Solo,Joven (16-34),2.169053700369523,2.169053700369523,0.1419554792514301,-0.8189865811572417,0,male_pclass_3,1.0,0
751,1,2,female,4.0,1,1,23.0,S,Second,child,False,,Southampton,yes,False,False,4.0,False,S,Southampton,False,Unknown,child,False,3,Pequeña (2-4),Niño (<16),3.1780538303479458,3.1780538303479458,-1.8885844471095272,0.22282614992299976,1,female_pclass_2,9.0,1
752,1,3,male,6.0,0,1,12.475,S,Third,child,False,E,Southampton,yes,False,False,6.0,False,S,Southampton,True,E,child,False,2,Pequeña (2-4),Niño (<16),2.600836116795061,2.600836116795061,-1.7381740821939007,-0.3731626361213423,1,male_pclass_3,4.0,1
753,0,3,male,33.0,0,0,9.5,S,Third,man,True,,Southampton,no,True,False,33.0,False,S,Southampton,False,Unknown,man,True,1,Solo,Joven (16-34),2.3513752571634776,2.3513752571634776,0.2923658441670566,-0.630735942356657,0,male_pclass_3,1.0,0
754,0,3,male,23.0,0,0,7.8958,S,Third,man,True,,Southampton,no,True,False,23.0,False,S,Southampton,False,Unknown,man,True,1,Solo,Joven (16-34),2.1855792552411137,2.1855792552411137,-0.4596859804110758,-0.801923616602662,0,male_pclass_3,1.0,0
755,1,2,female,48.0,1,2,65.0,S,Second,woman,False,,Southampton,yes,False,False,48.0,False,S,Southampton,False,Unknown,woman,False,4,Pequeña (2-4),Adulto (35-59),4.189654742026425,4.189654742026425,1.420443581034255,1.267324239909922,0,female_pclass_2,16.0,1
756,1,2,male,0.67,1,1,14.5,S,Second,child,False,,Southampton,yes,False,False,0.67,False,S,Southampton,False,Unknown,child,False,3,Pequeña (2-4),Niño (<16),2.740840023925201,2.740840023925201,-2.1390177046940453,-0.22860581346535835,1,male_pclass_2,9.0,1
757,0,3,male,28.0,0,0,7.7958,S,Third,man,True,,Southampton,no,True,False,28.0,False,S,Southampton,False,Unknown,man,True,1,Solo,Joven (16-34),2.174274334826008,2.174274334826008,-0.0836600681220096,-0.8135961720983268,0,male_pclass_3,1.0,0
758,0,2,male,18.0,0,0,11.5,S,Second,man,True,,Southampton,no,True,False,18.0,False,S,Southampton,False,Unknown,man,True,1,Solo,Joven (16-34),2.525728644308256,2.5257286443082556,-0.8357118927001419,-0.45071259742579334,0,male_pclass_2,1.0,0
759,0,3,male,34.0,0,0,8.05,S,Third,man,True,,Southampton,no,True,False,34.0,False,S,Southampton,False,Unknown,man,True,1,Solo,Joven (16-34),2.2027647577118348,2.2027647577118348,0.3675710266248698,-0.7841792430073969,0,male_pclass_3,1.0,0
760,1,1,female,33.0,0,0,86.5,S,First,woman,False,B,Southampton,yes,True,False,33.0,False,S,Southampton,True,B,woman,False,1,Solo,Joven (16-34),4.471638793363569,4.471638793363569,0.2923658441670566,1.558478389365684,0,female_pclass_1,1.0,0
761,0,3,male,,0,0,14.5,S,Third,man,True,,Southampton,no,True,True,25.0,False,S,Southampton,False,Unknown,man,True,1,Solo,Joven (16-34),2.740840023925201,2.740840023925201,-0.3092756154954493,-0.22860581346535835,0,male_pclass_3,1.0,0
762,0,3,male,41.0,0,0,7.125,S,Third,man,True,,Southampton,no,True,False,41.0,False,S,Southampton,False,Unknown,man,True,1,Solo,Adulto (35-59),2.094945728215801,2.094945728215801,0.8940073038295624,-0.8955045384601201,0,male_pclass_3,1.0,0
763,1,3,male,20.0,0,0,7.2292,C,Third,man,True,,Cherbourg,yes,True,False,20.0,False,C,Cherbourg,False,Unknown,man,True,1,Solo,Joven (16-34),2.1076888046179385,2.1076888046179385,-0.6853015277845155,-0.8823470582632058,0,male_pclass_3,1.0,0
764,1,1,female,36.0,1,2,120.0,S,First,woman,False,B,Southampton,yes,False,False,36.0,False,S,Southampton,True,B,woman,False,4,Pequeña (2-4),Adulto (35-59),4.795790545596741,4.795790545596741,0.5179813915404963,1.8931715298766856,0,female_pclass_1,16.0,1
765,0,3,male,16.0,0,0,7.775,S,Third,man,True,,Southampton,no,True,False,16.0,False,S,Southampton,False,Unknown,man,True,1,Solo,Joven (16-34),2.1719067693519296,2.1719067693519296,-0.9861222576157684,-0.8160407306065735,0,male_pclass_3,1.0,0
766,1,1,female,51.0,1,0,77.9583,S,First,woman,False,D,Southampton,yes,False,False,51.0,False,S,Southampton,True,D,woman,False,2,Pequeña (2-4),Adulto (35-59),4.368919865004903,4.368919865004903,1.6460591284076949,1.4524190499191512,0,female_pclass_1,4.0,1
767,0,1,male,,0,0,39.6,C,First,man,True,,Cherbourg,no,True,True,40.0,False,C,Cherbourg,False,Unknown,man,True,1,Solo,Adulto (35-59),3.703768066607687,3.703768066607687,0.8188021213717492,0.7656365698356681,0,male_pclass_1,1.0,0
768,0,3,female,30.5,0,0,7.75,Q,Third,woman,False,,Queenstown,no,True,False,30.5,False,Q,Queenstown,False,Unknown,woman,False,1,Solo,Joven (16-34),2.169053700369523,2.169053700369523,0.10435288802252349,-0.8189865811572417,0,female_pclass_3,1.0,0
769,0,3,male,,1,0,24.15,Q,Third,man,True,,Queenstown,no,False,True,25.0,False,Q,Queenstown,False,Unknown,man,True,2,Pequeña (2-4),Joven (16-34),3.224857896545748,3.224857896545748,-0.3092756154954493,0.27115228049766626,0,male_pclass_3,4.0,1
770,0,3,male,32.0,0,0,8.3625,S,Third,man,True,,Southampton,no,True,False,32.0,False,S,Southampton,False,Unknown,man,True,1,Solo,Joven (16-34),2.236712348843338,2.236712348843338,0.21716066170924334,-0.7491276790090224,0,male_pclass_3,1.0,0
771,0,3,male,24.0,0,0,9.5,S,Third,man,True,,Southampton,no,True,False,24.0,False,S,Southampton,False,Unknown,man,True,1,Solo,Joven (16-34),2.3513752571634776,2.3513752571634776,-0.38448079795326257,-0.630735942356657,0,male_pclass_3,1.0,0
772,0,3,male,48.0,0,0,7.8542,S,Third,man,True,,Southampton,no,True,False,48.0,False,S,Southampton,False,Unknown,man,True,1,Solo,Adulto (35-59),2.180891922715322,2.180891922715322,1.420443581034255,-0.8067633807960332,0,male_pclass_3,1.0,0
773,0,2,female,57.0,0,0,10.5,S,Second,woman,False,E,Southampton,no,True,False,57.0,False,S,Southampton,True,E,woman,False,1,Solo,Adulto (35-59),2.4423470353692043,2.4423470353692043,2.097290223154574,-0.5368057694182642,0,female_pclass_2,1.0,0
774,0,3,male,,0,0,7.225,C,Third,man,True,,Cherbourg,no,True,True,25.0,False,C,Cherbourg,False,Unknown,man,True,1,Solo,Joven (16-34),2.107178296651436,2.1071782966514356,-0.3092756154954493,-0.8828741679067219,0,male_pclass_3,1.0,0
775,1,2,female,54.0,1,3,23.0,S,Second,woman,False,,Southampton,yes,False,False,54.0,False,S,Southampton,False,Unknown,woman,False,5,Grande (5+),Adulto (35-59),3.1780538303479458,3.1780538303479458,1.8716746757811344,0.22282614992299976,0,female_pclass_2,25.0,1
776,0,3,male,18.0,0,0,7.75,S,Third,man,True,,Southampton,no,True,False,18.0,False,S,Southampton,False,Unknown,man,True,1,Solo,Joven (16-34),2.169053700369523,2.169053700369523,-0.8357118927001419,-0.8189865811572417,0,male_pclass_3,1.0,0
777,0,3,male,,0,0,7.75,Q,Third,man,True,F,Queenstown,no,True,True,25.0,False,Q,Queenstown,True,F,man,True,1,Solo,Joven (16-34),2.169053700369523,2.169053700369523,-0.3092756154954493,-0.8189865811572417,0,male_pclass_3,1.0,0
778,1,3,female,5.0,0,0,12.475,S,Third,child,False,,Southampton,yes,True,False,5.0,False,S,Southampton,False,Unknown,child,False,1,Solo,Niño (<16),2.600836116795061,2.600836116795061,-1.813379264651714,-0.3731626361213423,1,female_pclass_3,1.0,0
779,0,3,male,,0,0,7.7375,Q,Third,man,True,,Queenstown,no,True,True,25.0,False,Q,Queenstown,False,Unknown,man,True,1,Solo,Joven (16-34),2.1676241075599285,2.1676241075599285,-0.3092756154954493,-0.8204626642072294,0,male_pclass_3,1.0,0
780,1,1,female,43.0,0,1,211.3375,S,First,woman,False,B,Southampton,yes,False,False,43.0,False,S,Southampton,True,B,woman,False,2,Pequeña (2-4),Adulto (35-59),5.35817698994543,5.35817698994543,1.044417668745189,2.4738467350641646,0,female_pclass_1,4.0,1
781,1,3,female,13.0,0,0,7.2292,C,Third,child,False,,Cherbourg,yes,True,False,13.0,False,C,Cherbourg,False,Unknown,child,False,1,Solo,Niño (<16),2.1076888046179385,2.1076888046179385,-1.211737804989208,-0.8823470582632058,1,female_pclass_3,1.0,0
782,1,1,female,17.0,1,0,57.0,S,First,woman,False,B,Southampton,yes,False,False,17.0,False,S,Southampton,True,B,woman,False,2,Pequeña (2-4),Joven (16-34),4.060443010546419,4.060443010546419,-0.9109170751579552,1.133910553567116,0,female_pclass_1,4.0,1
783,0,1,male,29.0,0,0,30.0,S,First,man,True,D,Southampton,no,True,False,29.0,False,S,Southampton,True,D,man,True,1,Solo,Joven (16-34),3.4339872044851463,3.4339872044851463,-0.00845488566419637,0.4870824563024252,0,male_pclass_1,1.0,0
784,0,3,male,,1,2,23.45,S,Third,man,True,,Southampton,no,False,True,25.0,False,S,Southampton,False,Unknown,man,True,4,Pequeña (2-4),Joven (16-34),3.196630215920881,3.196630215920881,-0.3092756154954493,0.24200663802437708,0,male_pclass_3,16.0,1
785,0,3,male,25.0,0,0,7.05,S,Third,man,True,,Southampton,no,True,False,25.0,False,S,Southampton,False,Unknown,man,True,1,Solo,Joven (16-34),2.0856720914304723,2.0856720914304723,-0.3092756154954493,-0.905079753149712,0,male_pclass_3,1.0,0
786,0,3,male,25.0,0,0,7.25,S,Third,man,True,,Southampton,no,True,False,25.0,False,S,Southampton,False,Unknown,man,True,1,Solo,Joven (16-34),2.110213200346589,2.1102132003465894,-0.3092756154954493,-0.879740569393428,0,male_pclass_3,1.0,0
787,1,3,female,18.0,0,0,7.4958,S,Third,woman,False,,Southampton,yes,True,False,18.0,False,S,Southampton,False,Unknown,woman,False,1,Solo,Joven (16-34),2.139571923732859,2.139571923732859,-0.8357118927001419,-0.8494271027413146,0,female_pclass_3,1.0,0
788,0,3,male,8.0,4,1,29.125,Q,Third,child,False,,Queenstown,no,False,False,8.0,False,Q,Queenstown,False,Unknown,child,False,6,Grande (5+),Niño (<16),3.405355391810819,3.405355391810819,-1.5877637172782744,0.4575195394387211,1,male_pclass_3,36.0,1
789,1,3,male,1.0,1,2,20.575,S,Third,child,False,,Southampton,yes,False,False,1.0,False,S,Southampton,False,Unknown,child,False,4,Pequeña (2-4),Niño (<16),3.0715352369694915,3.0715352369694915,-2.114199994482967,0.11284358066326508,1,male_pclass_3,16.0,1
790,0,1,male,46.0,0,0,79.2,C,First,man,True,B,Cherbourg,no,True,False,46.0,False,C,Cherbourg,True,B,man,True,1,Solo,Adulto (35-59),4.384523514872469,4.384523514872469,1.2700332161186285,1.4685301291949249,0,male_pclass_1,1.0,0
791,0,3,male,,0,0,7.75,Q,Third,man,True,,Queenstown,no,True,True,25.0,False,Q,Queenstown,False,Unknown,man,True,1,Solo,Joven (16-34),2.169053700369523,2.169053700369523,-0.3092756154954493,-0.8189865811572417,0,male_pclass_3,1.0,0
792,0,2,male,16.0,0,0,26.0,S,Second,man,True,,Southampton,no,True,False,16.0,False,S,Southampton,False,Unknown,man,True,1,Solo,Joven (16-34),3.295836866004329,3.295836866004329,-0.9861222576157684,0.34443948019553633,0,male_pclass_2,1.0,0
793,0,3,female,,8,2,69.55,S,Third,woman,False,,Southampton,no,False,True,21.5,False,S,Southampton,False,Unknown,woman,False,11,Grande (5+),Joven (16-34),4.256321678298823,4.256321678298823,-0.5724937540977957,1.336159179457635,0,female_pclass_3,121.0,1
794,0,1,male,,0,0,30.6958,C,First,man,True,,Cherbourg,no,True,True,40.0,False,C,Cherbourg,False,Unknown,man,True,1,Solo,Adulto (35-59),3.4561841799918147,3.4561841799918147,0.8188021213717492,0.5100012756239034,0,male_pclass_1,1.0,0
795,0,3,male,25.0,0,0,7.8958,S,Third,man,True,,Southampton,no,True,False,25.0,False,S,Southampton,False,Unknown,man,True,1,Solo,Joven (16-34),2.1855792552411137,2.1855792552411137,-0.3092756154954493,-0.801923616602662,0,male_pclass_3,1.0,0
796,0,2,male,39.0,0,0,13.0,S,Second,man,True,,Southampton,no,True,False,39.0,False,S,Southampton,False,Unknown,man,True,1,Solo,Adulto (35-59),2.6390573296152584,2.6390573296152584,0.743596938913936,-0.33369847260903374,0,male_pclass_2,1.0,0
797,1,1,female,49.0,0,0,25.9292,S,First,woman,False,D,Southampton,yes,True,False,49.0,False,S,Southampton,True,D,woman,False,1,Solo,Adulto (35-59),3.2932111997353943,3.2932111997353943,1.4956487634920683,0.34172842747584764,0,female_pclass_1,1.0,0
798,1,3,female,31.0,0,0,8.6833,S,Third,woman,False,,Southampton,yes,True,False,31.0,False,S,Southampton,False,Unknown,woman,False,1,Solo,Joven (16-34),2.270402752283094,2.270402752283094,0.1419554792514301,-0.714341666424943,0,female_pclass_3,1.0,0
799,0,3,male,30.0,0,0,7.2292,C,Third,man,True,,Cherbourg,no,True,False,30.0,False,C,Cherbourg,False,Unknown,man,True,1,Solo,Joven (16-34),2.1076888046179385,2.1076888046179385,0.06675029679361687,-0.8823470582632058,0,male_pclass_3,1.0,0
800,0,3,female,30.0,1,1,24.15,S,Third,woman,False,,Southampton,no,False,False,30.0,False,S,Southampton,False,Unknown,woman,False,3,Pequeña (2-4),Joven (16-34),3.224857896545748,3.224857896545748,0.06675029679361687,0.27115228049766626,0,female_pclass_3,9.0,1
801,0,2,male,34.0,0,0,13.0,S,Second,man,True,,Southampton,no,True,False,34.0,False,S,Southampton,False,Unknown,man,True,1,Solo,Joven (16-34),2.6390573296152584,2.6390573296152584,0.3675710266248698,-0.33369847260903374,0,male_pclass_2,1.0,0
802,1,2,female,31.0,1,1,26.25,S,Second,woman,False,,Southampton,yes,False,False,31.0,False,S,Southampton,False,Unknown,woman,False,3,Pequeña (2-4),Joven (16-34),3.305053521109253,3.305053521109253,0.1419554792514301,0.35395586016517105,0,female_pclass_2,9.0,1
803,1,1,male,11.0,1,2,120.0,S,First,child,False,B,Southampton,yes,False,False,11.0,False,S,Southampton,True,B,child,False,4,Pequeña (2-4),Niño (<16),4.795790545596741,4.795790545596741,-1.3621481699048346,1.8931715298766856,1,male_pclass_1,16.0,1
804,1,3,male,0.42,0,1,8.5167,C,Third,child,False,,Cherbourg,yes,False,False,0.42,False,C,Cherbourg,False,Unknown,child,False,2,Pequeña (2-4),Niño (<16),2.2530481500547457,2.2530481500547457,-2.1578190003084985,-0.7322606388880222,1,male_pclass_3,4.0,1
805,1,3,male,27.0,0,0,6.975,S,Third,man,True,,Southampton,yes,True,False,27.0,False,S,Southampton,False,Unknown,man,True,1,Solo,Joven (16-34),2.076311648670908,2.076311648670908,-0.15886525057982284,-0.9147445967366701,0,male_pclass_3,1.0,0
806,0,3,male,31.0,0,0,7.775,S,Third,man,True,,Southampton,no,True,False,31.0,False,S,Southampton,False,Unknown,man,True,1,Solo,Joven (16-34),2.1719067693519296,2.1719067693519296,0.1419554792514301,-0.8160407306065735,0,male_pclass_3,1.0,0
807,0,1,male,39.0,0,0,0.0,S,First,man,True,A,Southampton,no,True,False,39.0,False,S,Southampton,True,A,man,True,1,Solo,Adulto (35-59),0.0,0.0,0.743596938913936,-3.0585777291682943,0,male_pclass_1,1.0,0
808,0,3,female,18.0,0,0,7.775,S,Third,woman,False,,Southampton,no,True,False,18.0,False,S,Southampton,False,Unknown,woman,False,1,Solo,Joven (16-34),2.1719067693519296,2.1719067693519296,-0.8357118927001419,-0.8160407306065735,0,female_pclass_3,1.0,0
809,0,2,male,39.0,0,0,13.0,S,Second,man,True,,Southampton,no,True,False,39.0,False,S,Southampton,False,Unknown,man,True,1,Solo,Adulto (35-59),2.6390573296152584,2.6390573296152584,0.743596938913936,-0.33369847260903374,0,male_pclass_2,1.0,0
810,1,1,female,33.0,1,0,53.1,S,First,woman,False,E,Southampton,yes,False,False,33.0,False,S,Southampton,True,E,woman,False,2,Pequeña (2-4),Joven (16-34),3.990834185852436,3.9908341858524357,0.2923658441670566,1.0620380556287108,0,female_pclass_1,4.0,1
811,0,3,male,26.0,0,0,7.8875,S,Third,man,True,,Southampton,no,True,False,26.0,False,S,Southampton,False,Unknown,man,True,1,Solo,Joven (16-34),2.184645795129359,2.184645795129359,-0.23407043303763608,-0.8028874327603491,0,male_pclass_3,1.0,0
812,0,3,male,39.0,0,0,24.15,S,Third,man,True,,Southampton,no,True,False,39.0,False,S,Southampton,False,Unknown,man,True,1,Solo,Adulto (35-59),3.224857896545748,3.224857896545748,0.743596938913936,0.27115228049766626,0,male_pclass_3,1.0,0
813,0,2,male,35.0,0,0,10.5,S,Second,man,True,,Southampton,no,True,False,35.0,False,S,Southampton,False,Unknown,man,True,1,Solo,Adulto (35-59),2.4423470353692043,2.4423470353692043,0.44277620908268306,-0.5368057694182642,0,male_pclass_2,1.0,0
814,0,3,female,6.0,4,2,31.275,S,Third,child,False,,Southampton,no,False,False,6.0,False,S,Southampton,False,Unknown,child,False,7,Grande (5+),Niño (<16),3.4742929367327062,3.4742929367327062,-1.7381740821939007,0.5286989276421438,1,female_pclass_3,49.0,1
815,0,3,male,30.5,0,0,8.05,S,Third,man,True,,Southampton,no,True,False,30.5,False,S,Southampton,False,Unknown,man,True,1,Solo,Joven (16-34),2.2027647577118348,2.2027647577118348,0.10435288802252349,-0.7841792430073969,0,male_pclass_3,1.0,0
816,0,1,male,,0,0,0.0,S,First,man,True,B,Southampton,no,True,True,40.0,False,S,Southampton,True,B,man,True,1,Solo,Adulto (35-59),0.0,0.0,0.8188021213717492,-3.0585777291682943,0,male_pclass_1,1.0,0
817,0,3,female,23.0,0,0,7.925,S,Third,woman,False,,Southampton,no,True,False,23.0,False,S,Southampton,False,Unknown,woman,False,1,Solo,Joven (16-34),2.188856327665703,2.188856327665703,-0.4596859804110758,-0.7985399740528022,0,female_pclass_3,1.0,0
818,0,2,male,31.0,1,1,37.0042,C,Second,man,True,,Cherbourg,no,False,False,31.0,False,C,Cherbourg,False,Unknown,man,True,3,Pequeña (2-4),Joven (16-34),3.637696679934592,3.637696679934592,0.1419554792514301,0.6974165471111634,0,male_pclass_2,9.0,1
819,0,3,male,43.0,0,0,6.45,S,Third,man,True,,Southampton,no,True,False,43.0,False,S,Southampton,False,Unknown,man,True,1,Solo,Adulto (35-59),2.0082140323914683,2.0082140323914683,1.044417668745189,-0.9850567418873893,0,male_pclass_3,1.0,0
820,0,3,male,10.0,3,2,27.9,S,Third,child,False,,Southampton,no,False,False,10.0,False,S,Southampton,False,Unknown,child,False,6,Grande (5+),Niño (<16),3.3638415951183864,3.3638415951183864,-1.4373533523626478,0.41465571749790725,1,male_pclass_3,36.0,1
821,1,1,female,52.0,1,1,93.5,S,First,woman,False,B,Southampton,yes,False,False,52.0,False,S,Southampton,True,B,woman,False,3,Pequeña (2-4),Adulto (35-59),4.548599834499697,4.548599834499697,1.721264310865508,1.63794219721923,0,female_pclass_1,9.0,1
822,1,3,male,27.0,0,0,8.6625,S,Third,man,True,,Southampton,yes,True,False,27.0,False,S,Southampton,False,Unknown,man,True,1,Solo,Joven (16-34),2.2682524139135403,2.2682524139135403,-0.15886525057982284,-0.7165619336211219,0,male_pclass_3,1.0,0
823,0,1,male,38.0,0,0,0.0,S,First,man,True,,Southampton,no,True,False,38.0,False,S,Southampton,False,Unknown,man,True,1,Solo,Adulto (35-59),0.0,0.0,0.6683917564561227,-3.0585777291682943,0,male_pclass_1,1.0,0
824,1,3,female,27.0,0,1,12.475,S,Third,woman,False,E,Southampton,yes,False,False,27.0,False,S,Southampton,True,E,woman,False,2,Pequeña (2-4),Joven (16-34),2.600836116795061,2.600836116795061,-0.15886525057982284,-0.3731626361213423,0,female_pclass_3,4.0,1
825,0,3,male,2.0,4,1,39.6875,S,Third,child,False,,Southampton,no,False,False,2.0,False,S,Southampton,False,Unknown,child,False,6,Grande (5+),Niño (<16),3.705920919968788,3.705920919968788,-2.0389948120251535,0.7678594338107122,1,male_pclass_3,36.0,1
826,0,3,male,,0,0,6.95,Q,Third,man,True,,Queenstown,no,True,True,25.0,False,Q,Queenstown,False,Unknown,man,True,1,Solo,Joven (16-34),2.0731719286662407,2.0731719286662407,-0.3092756154954493,-0.9179864201772279,0,male_pclass_3,1.0,0
827,0,3,male,,0,0,56.4958,S,Third,man,True,,Southampton,no,True,True,25.0,False,S,Southampton,False,Unknown,man,True,1,Solo,Joven (16-34),4.05171190165724,4.05171190165724,-0.3092756154954493,1.1248955097361606,0,male_pclass_3,1.0,0
828,1,2,male,1.0,0,2,37.0042,C,Second,child,False,,Cherbourg,yes,False,False,1.0,False,C,Cherbourg,False,Unknown,child,False,3,Pequeña (2-4),Niño (<16),3.637696679934592,3.637696679934592,-2.114199994482967,0.6974165471111634,1,male_pclass_2,9.0,1
829,1,3,male,,0,0,7.75,Q,Third,man,True,,Queenstown,yes,True,True,25.0,False,Q,Queenstown,False,Unknown,man,True,1,Solo,Joven (16-34),2.169053700369523,2.169053700369523,-0.3092756154954493,-0.8189865811572417,0,male_pclass_3,1.0,0
830,1,1,female,62.0,0,0,80.0,,First,woman,False,B,,yes,True,False,62.0,True,S,Southampton,True,B,woman,False,1,Solo,Mayor (60+),4.394449154672439,4.394449154672439,2.4733161354436404,1.47877854998348,0,female_pclass_1,1.0,0
831,1,3,female,15.0,1,0,14.4542,C,Third,child,False,,Cherbourg,yes,False,False,15.0,False,C,Cherbourg,False,Unknown,child,False,2,Pequeña (2-4),Niño (<16),2.737880811060884,2.737880811060884,-1.0613274400735817,-0.23166125968823228,1,female_pclass_3,4.0,1
832,1,2,male,0.83,1,1,18.75,S,Second,child,False,,Southampton,yes,False,False,0.83,False,S,Southampton,False,Unknown,child,False,3,Pequeña (2-4),Niño (<16),2.9831534913471307,2.9831534913471307,-2.126984875500795,0.02158766795447294,1,male_pclass_2,9.0,1
833,0,3,male,,0,0,7.2292,C,Third,man,True,,Cherbourg,no,True,True,25.0,False,C,Cherbourg,False,Unknown,man,True,1,Solo,Joven (16-34),2.1076888046179385,2.1076888046179385,-0.3092756154954493,-0.8823470582632058,0,male_pclass_3,1.0,0
834,0,3,male,23.0,0,0,7.8542,S,Third,man,True,,Southampton,no,True,False,23.0,False,S,Southampton,False,Unknown,man,True,1,Solo,Joven (16-34),2.180891922715322,2.180891922715322,-0.4596859804110758,-0.8067633807960332,0,male_pclass_3,1.0,0
835,0,3,male,18.0,0,0,8.3,S,Third,man,True,,Southampton,no,True,False,18.0,False,S,Southampton,False,Unknown,man,True,1,Solo,Joven (16-34),2.2300144001592104,2.2300144001592104,-0.8357118927001419,-0.7560434444325568,0,male_pclass_3,1.0,0
836,1,1,female,39.0,1,1,83.1583,C,First,woman,False,E,Cherbourg,yes,False,False,39.0,False,C,Cherbourg,True,E,woman,False,3,Pequeña (2-4),Adulto (35-59),4.432699549165613,4.432699549165613,0.743596938913936,1.518272844154366,0,female_pclass_1,9.0,1
837,0,3,male,21.0,0,0,8.6625,S,Third,man,True,,Southampton,no,True,False,21.0,False,S,Southampton,False,Unknown,man,True,1,Solo,Joven (16-34),2.2682524139135403,2.2682524139135403,-0.6100963453267022,-0.7165619336211219,0,male_pclass_3,1.0,0
838,0,3,male,,0,0,8.05,S,Third,man,True,,Southampton,no,True,True,25.0,False,S,Southampton,False,Unknown,man,True,1,Solo,Joven (16-34),2.2027647577118348,2.2027647577118348,-0.3092756154954493,-0.7841792430073969,0,male_pclass_3,1.0,0
839,1,3,male,32.0,0,0,56.4958,S,Third,man,True,,Southampton,yes,True,False,32.0,False,S,Southampton,False,Unknown,man,True,1,Solo,Joven (16-34),4.05171190165724,4.05171190165724,0.21716066170924334,1.1248955097361606,0,male_pclass_3,1.0,0
840,1,1,male,,0,0,29.7,C,First,man,True,C,Cherbourg,yes,True,True,40.0,False,C,Cherbourg,True,C,man,True,1,Solo,Adulto (35-59),3.4242626545931514,3.4242626545931514,0.8188021213717492,0.4770416648490862,0,male_pclass_1,1.0,0
841,0,3,male,20.0,0,0,7.925,S,Third,man,True,,Southampton,no,True,False,20.0,False,S,Southampton,False,Unknown,man,True,1,Solo,Joven (16-34),2.188856327665703,2.188856327665703,-0.6853015277845155,-0.7985399740528022,0,male_pclass_3,1.0,0
842,0,2,male,16.0,0,0,10.5,S,Second,man,True,,Southampton,no,True,False,16.0,False,S,Southampton,False,Unknown,man,True,1,Solo,Joven (16-34),2.4423470353692043,2.4423470353692043,-0.9861222576157684,-0.5368057694182642,0,male_pclass_2,1.0,0
843,1,1,female,30.0,0,0,31.0,C,First,woman,False,,Cherbourg,yes,True,False,30.0,False,C,Cherbourg,False,Unknown,woman,False,1,Solo,Joven (16-34),3.4657359027997265,3.4657359027997265,0.06675029679361687,0.519863619670623,0,female_pclass_1,1.0,0
844,0,3,male,34.5,0,0,6.4375,C,Third,man,True,,Cherbourg,no,True,False,34.5,False,C,Cherbourg,False,Unknown,man,True,1,Solo,Joven (16-34),2.006534770871748,2.006534770871748,0.4051736178537764,-0.9867906128533873,0,male_pclass_3,1.0,0
845,0,3,male,17.0,0,0,8.6625,S,Third,man,True,,Southampton,no,True,False,17.0,False,S,Southampton,False,Unknown,man,True,1,Solo,Joven (16-34),2.2682524139135403,2.2682524139135403,-0.9109170751579552,-0.7165619336211219,0,male_pclass_3,1.0,0
846,0,3,male,42.0,0,0,7.55,S,Third,man,True,,Southampton,no,True,False,42.0,False,S,Southampton,False,Unknown,man,True,1,Solo,Adulto (35-59),2.145931282948669,2.145931282948669,0.9692124862873757,-0.8428609376877136,0,male_pclass_3,1.0,0
847,0,3,male,,8,2,69.55,S,Third,man,True,,Southampton,no,False,True,25.0,False,S,Southampton,False,Unknown,man,True,11,Grande (5+),Joven (16-34),4.256321678298823,4.256321678298823,-0.3092756154954493,1.336159179457635,0,male_pclass_3,121.0,1
848,0,3,male,35.0,0,0,7.8958,C,Third,man,True,,Cherbourg,no,True,False,35.0,False,C,Cherbourg,False,Unknown,man,True,1,Solo,Adulto (35-59),2.1855792552411137,2.1855792552411137,0.44277620908268306,-0.801923616602662,0,male_pclass_3,1.0,0
849,0,2,male,28.0,0,1,33.0,S,Second,man,True,,Southampton,no,False,False,28.0,False,S,Southampton,False,Unknown,man,True,2,Pequeña (2-4),Joven (16-34),3.5263605246161616,3.5263605246161616,-0.0836600681220096,0.582459749194053,0,male_pclass_2,4.0,1
850,1,1,female,,1,0,89.1042,C,First,woman,False,C,Cherbourg,yes,False,True,35.0,False,C,Cherbourg,True,C,woman,False,2,Pequeña (2-4),Adulto (35-59),4.500966778400217,4.500966778400217,0.44277620908268306,1.5887601180595785,0,female_pclass_1,4.0,1
851,0,3,male,4.0,4,2,31.275,S,Third,child,False,,Southampton,no,False,False,4.0,False,S,Southampton,False,Unknown,child,False,7,Grande (5+),Niño (<16),3.4742929367327062,3.4742929367327062,-1.8885844471095272,0.5286989276421438,1,male_pclass_3,49.0,1
852,0,3,male,74.0,0,0,7.775,S,Third,man,True,,Southampton,no,True,False,74.0,False,S,Southampton,False,Unknown,man,True,1,Solo,Mayor (60+),2.1719067693519296,2.1719067693519296,3.375778324937399,-0.8160407306065735,0,male_pclass_3,1.0,0
853,0,3,female,9.0,1,1,15.2458,C,Third,child,False,,Cherbourg,no,False,False,9.0,False,C,Cherbourg,False,Unknown,child,False,3,Pequeña (2-4),Niño (<16),2.787834413830345,2.7878344138303452,-1.512558534820461,-0.18008316987206646,1,female_pclass_3,9.0,1
854,1,1,female,16.0,0,1,39.4,S,First,woman,False,D,Southampton,yes,False,False,16.0,False,S,Southampton,True,D,woman,False,2,Pequeña (2-4),Joven (16-34),3.698829784967105,3.6988297849671046,-0.9861222576157684,0.7605376956829673,0,female_pclass_1,4.0,1
855,0,2,female,44.0,1,0,26.0,S,Second,woman,False,,Southampton,no,False,False,44.0,False,S,Southampton,False,Unknown,woman,False,2,Pequeña (2-4),Adulto (35-59),3.295836866004329,3.295836866004329,1.1196228512030022,0.34443948019553633,0,female_pclass_2,4.0,1
856,1,3,female,18.0,0,1,9.35,S,Third,woman,False,,Southampton,yes,False,False,18.0,False,S,Southampton,False,Unknown,woman,False,2,Pequeña (2-4),Joven (16-34),2.336986519711378,2.336986519711378,-0.8357118927001419,-0.6455926003653027,0,female_pclass_3,4.0,1
857,1,1,female,45.0,1,1,164.8667,S,First,woman,False,,Southampton,yes,False,False,45.0,False,S,Southampton,False,Unknown,woman,False,3,Pequeña (2-4),Adulto (35-59),5.11118445372147,5.11118445372147,1.1948280336608155,2.2188220219103396,0,female_pclass_1,9.0,1
858,1,1,male,51.0,0,0,26.55,S,First,man,True,E,Southampton,yes,True,False,51.0,False,S,Southampton,True,E,man,True,1,Solo,Adulto (35-59),3.316002535598924,3.3160025355989236,1.6460591284076949,0.3652609357040262,0,male_pclass_1,1.0,0
859,1,3,female,24.0,0,3,19.2583,C,Third,woman,False,,Cherbourg,yes,False,False,24.0,False,C,Cherbourg,False,Unknown,woman,False,4,Pequeña (2-4),Joven (16-34),3.0085645861193133,3.0085645861193133,-0.38448079795326257,0.04782512943518906,0,female_pclass_3,16.0,1
860,0,3,male,,0,0,7.2292,C,Third,man,True,,Cherbourg,no,True,True,25.0,False,C,Cherbourg,False,Unknown,man,True,1,Solo,Joven (16-34),2.1076888046179385,2.1076888046179385,-0.3092756154954493,-0.8823470582632058,0,male_pclass_3,1.0,0
861,0,3,male,41.0,2,0,14.1083,S,Third,man,True,,Southampton,no,False,False,41.0,False,S,Southampton,False,Unknown,man,True,3,Pequeña (2-4),Adulto (35-59),2.7152442616824506,2.7152442616824506,0.8940073038295624,-0.25503394778757144,0,male_pclass_3,9.0,1
862,0,2,male,21.0,1,0,11.5,S,Second,man,True,,Southampton,no,False,False,21.0,False,S,Southampton,False,Unknown,man,True,2,Pequeña (2-4),Joven (16-34),2.525728644308256,2.5257286443082556,-0.6100963453267022,-0.45071259742579334,0,male_pclass_2,4.0,1
863,1,1,female,48.0,0,0,25.9292,S,First,woman,False,D,Southampton,yes,True,False,48.0,False,S,Southampton,True,D,woman,False,1,Solo,Adulto (35-59),3.2932111997353943,3.2932111997353943,1.420443581034255,0.34172842747584764,0,female_pclass_1,1.0,0
864,0,3,female,,8,2,69.55,S,Third,woman,False,,Southampton,no,False,True,21.5,False,S,Southampton,False,Unknown,woman,False,11,Grande (5+),Joven (16-34),4.256321678298823,4.256321678298823,-0.5724937540977957,1.336159179457635,0,female_pclass_3,121.0,1
865,0,2,male,24.0,0,0,13.0,S,Second,man,True,,Southampton,no,True,False,24.0,False,S,Southampton,False,Unknown,man,True,1,Solo,Joven (16-34),2.6390573296152584,2.6390573296152584,-0.38448079795326257,-0.33369847260903374,0,male_pclass_2,1.0,0
866,1,2,female,42.0,0,0,13.0,S,Second,woman,False,,Southampton,yes,True,False,42.0,False,S,Southampton,False,Unknown,woman,False,1,Solo,Adulto (35-59),2.6390573296152584,2.6390573296152584,0.9692124862873757,-0.33369847260903374,0,female_pclass_2,1.0,0
867,1,2,female,27.0,1,0,13.8583,C,Second,woman,False,,Cherbourg,yes,False,False,27.0,False,C,Cherbourg,False,Unknown,woman,False,2,Pequeña (2-4),Joven (16-34),2.698558631668595,2.698558631668595,-0.15886525057982284,-0.27226219311485506,0,female_pclass_2,4.0,1
868,0,1,male,31.0,0,0,50.4958,S,First,man,True,A,Southampton,no,True,False,31.0,False,S,Southampton,True,A,man,True,1,Solo,Joven (16-34),3.941500250945973,3.941500250945973,0.1419554792514301,1.0110997852233978,0,male_pclass_1,1.0,0
869,0,3,male,,0,0,9.5,S,Third,man,True,,Southampton,no,True,True,25.0,False,S,Southampton,False,Unknown,man,True,1,Solo,Joven (16-34),2.3513752571634776,2.3513752571634776,-0.3092756154954493,-0.630735942356657,0,male_pclass_3,1.0,0
870,1,3,male,4.0,1,1,11.1333,S,Third,child,False,,Southampton,yes,False,False,4.0,False,S,Southampton,False,Unknown,child,False,3,Pequeña (2-4),Niño (<16),2.495953738718064,2.495953738718064,-1.8885844471095272,-0.48145578049281346,1,male_pclass_3,9.0,1
871,0,3,male,26.0,0,0,7.8958,S,Third,man,True,,Southampton,no,True,False,26.0,False,S,Southampton,False,Unknown,man,True,1,Solo,Joven (16-34),2.1855792552411137,2.1855792552411137,-0.23407043303763608,-0.801923616602662,0,male_pclass_3,1.0,0
872,1,1,female,47.0,1,1,52.5542,S,First,woman,False,D,Southampton,yes,False,False,47.0,False,S,Southampton,True,D,woman,False,3,Pequeña (2-4),Adulto (35-59),3.980694225190728,3.9806942251907276,1.3452383985764418,1.0515683442816506,0,female_pclass_1,9.0,1
873,0,1,male,33.0,0,0,5.0,S,First,man,True,B,Southampton,no,True,False,33.0,False,S,Southampton,True,B,man,True,1,Solo,Joven (16-34),1.791759469228055,1.791759469228055,0.2923658441670566,-1.2085503896125673,0,male_pclass_1,1.0,0
874,0,3,male,47.0,0,0,9.0,S,Third,man,True,,Southampton,no,True,False,47.0,False,S,Southampton,False,Unknown,man,True,1,Solo,Adulto (35-59),2.302585092994046,2.302585092994046,1.3452383985764418,-0.6811127586453685,0,male_pclass_3,1.0,0
875,1,2,female,28.0,1,0,24.0,C,Second,woman,False,,Cherbourg,yes,False,False,28.0,False,C,Cherbourg,False,Unknown,woman,False,2,Pequeña (2-4),Joven (16-34),3.218875824868201,3.2188758248682006,-0.0836600681220096,0.2649756723419897,0,female_pclass_2,4.0,1
876,1,3,female,15.0,0,0,7.225,C,Third,child,False,,Cherbourg,yes,True,False,15.0,False,C,Cherbourg,False,Unknown,child,False,1,Solo,Niño (<16),2.107178296651436,2.1071782966514356,-1.0613274400735817,-0.8828741679067219,1,female_pclass_3,1.0,0
877,0,3,male,20.0,0,0,9.8458,S,Third,man,True,,Southampton,no,True,False,20.0,False,S,Southampton,False,Unknown,man,True,1,Solo,Joven (16-34),2.3837779082709782,2.3837779082709782,-0.6853015277845155,-0.597279559704588,0,male_pclass_3,1.0,0
878,0,3,male,19.0,0,0,7.8958,S,Third,man,True,,Southampton,no,True,False,19.0,False,S,Southampton,False,Unknown,man,True,1,Solo,Joven (16-34),2.1855792552411137,2.1855792552411137,-0.7605067102423287,-0.801923616602662,0,male_pclass_3,1.0,0
879,0,3,male,,0,0,7.8958,S,Third,man,True,,Southampton,no,True,True,25.0,False,S,Southampton,False,Unknown,man,True,1,Solo,Joven (16-34),2.1855792552411137,2.1855792552411137,-0.3092756154954493,-0.801923616602662,0,male_pclass_3,1.0,0
880,1,1,female,56.0,0,1,83.1583,C,First,woman,False,C,Cherbourg,yes,False,False,56.0,False,C,Cherbourg,True,C,woman,False,2,Pequeña (2-4),Adulto (35-59),4.432699549165613,4.432699549165613,2.0220850406967608,1.518272844154366,0,female_pclass_1,4.0,1
881,1,2,female,25.0,0,1,26.0,S,Second,woman,False,,Southampton,yes,False,False,25.0,False,S,Southampton,False,Unknown,woman,False,2,Pequeña (2-4),Joven (16-34),3.295836866004329,3.295836866004329,-0.3092756154954493,0.34443948019553633,0,female_pclass_2,4.0,1
882,0,3,male,33.0,0,0,7.8958,S,Third,man,True,,Southampton,no,True,False,33.0,False,S,Southampton,False,Unknown,man,True,1,Solo,Joven (16-34),2.1855792552411137,2.1855792552411137,0.2923658441670566,-0.801923616602662,0,male_pclass_3,1.0,0
883,0,3,female,22.0,0,0,10.5167,S,Third,woman,False,,Southampton,no,True,False,22.0,False,S,Southampton,False,Unknown,woman,False,1,Solo,Joven (16-34),2.4437981558973862,2.4437981558973862,-0.534891162868889,-0.5353074585700542,0,female_pclass_3,1.0,0
884,0,2,male,28.0,0,0,10.5,S,Second,man,True,,Southampton,no,True,False,28.0,False,S,Southampton,False,Unknown,man,True,1,Solo,Joven (16-34),2.4423470353692043,2.4423470353692043,-0.0836600681220096,-0.5368057694182642,0,male_pclass_2,1.0,0
885,0,3,male,25.0,0,0,7.05,S,Third,man,True,,Southampton,no,True,False,25.0,False,S,Southampton,False,Unknown,man,True,1,Solo,Joven (16-34),2.0856720914304723,2.0856720914304723,-0.3092756154954493,-0.905079753149712,0,male_pclass_3,1.0,0
886,0,3,female,39.0,0,5,29.125,Q,Third,woman,False,,Queenstown,no,False,False,39.0,False,Q,Queenstown,False,Unknown,woman,False,6,Grande (5+),Adulto (35-59),3.405355391810819,3.405355391810819,0.743596938913936,0.4575195394387211,0,female_pclass_3,36.0,1
887,0,2,male,27.0,0,0,13.0,S,Second,man,True,,Southampton,no,True,False,27.0,False,S,Southampton,False,Unknown,man,True,1,Solo,Joven (16-34),2.6390573296152584,2.6390573296152584,-0.15886525057982284,-0.33369847260903374,0,male_pclass_2,1.0,0
888,1,1,female,19.0,0,0,30.0,S,First,woman,False,B,Southampton,yes,True,False,19.0,False,S,Southampton,True,B,woman,False,1,Solo,Joven (16-34),3.4339872044851463,3.4339872044851463,-0.7605067102423287,0.4870824563024252,0,female_pclass_1,1.0,0
889,0,3,female,,1,2,23.45,S,Third,woman,False,,Southampton,no,False,True,21.5,False,S,Southampton,False,Unknown,woman,False,4,Pequeña (2-4),Joven (16-34),3.196630215920881,3.196630215920881,-0.5724937540977957,0.24200663802437708,0,female_pclass_3,16.0,1
890,1,1,male,26.0,0,0,30.0,C,First,man,True,C,Cherbourg,yes,True,False,26.0,False,C,Cherbourg,True,C,man,True,1,Solo,Joven (16-34),3.4339872044851463,3.4339872044851463,-0.23407043303763608,0.4870824563024252,0,male_pclass_1,1.0,0
891,0,3,male,32.0,0,0,7.75,Q,Third,man,True,,Queenstown,no,True,False,32.0,False,Q,Queenstown,False,Unknown,man,True,1,Solo,Joven (16-34),2.169053700369523,2.169053700369523,0.21716066170924334,-0.8189865811572417,0,male_pclass_3,1.0,0
